NAME,gyrA_S83F,gyrA_S83Y,gyrA_D87N,gyrA_D87Y,gyrA_D87G,gyrA_D87V,gyrA_D87A,gyrB_S464F,gyrB_S464Y,gyrB_Q465R,gyrB_Q465L,parC_S80I,parC_E84G,parC_E84K,parE_D420N,parE_L416F,acrB_R717Q,acrB_R717L
G18254193,0,1,0,0,0,0,0,0,0,0,0,0,0,0,0,0,0,0
G18255663,1,0,1,0,0,0,0,0,0,0,0,1,0,0,0,0,0,0
G18255624,0,1,0,0,0,0,0,0,0,0,0,0,0,0,0,0,0,0
G18251450,1,0,1,0,0,0,0,0,0,0,0,1,0,0,0,0,0,0
G18254215,1,0,0,0,0,0,0,0,0,0,0,0,0,0,0,0,0,0
G18255649,1,0,0,0,0,0,0,0,0,0,0,0,0,0,0,0,0,0
G18255656,1,0,1,0,0,0,0,0,0,0,0,1,0,0,0,0,0,0
G18254208,1,0,1,0,0,0,0,0,0,0,0,1,0,0,0,0,0,0
G18254189,1,0,0,0,0,0,0,0,0,0,0,0,0,0,0,0,0,0
G18254225,1,0,1,0,0,0,0,0,0,0,0,1,0,0,0,0,0,0
G18251431,0,1,0,0,0,0,0,0,0,0,0,0,0,0,0,0,0,0
G18254221,1,0,0,0,0,0,0,0,0,0,0,0,0,0,0,1,0,0
G18254195,0,0,1,0,0,0,0,0,0,0,0,0,0,0,0,0,0,0
G18255645,0,1,0,0,0,0,0,0,0,0,0,0,0,0,0,0,0,0
G18255625,1,0,0,0,0,0,0,0,0,0,0,0,0,0,1,0,0,0
G18255626,1,0,0,0,0,0,0,0,0,0,0,0,0,0,0,0,0,0
G18251443,1,0,0,0,0,0,0,0,0,0,0,0,0,0,0,0,0,0
G18251439,1,0,1,0,0,0,0,0,0,0,0,1,0,0,0,0,0,0
G18255664,1,0,1,0,0,0,0,0,0,0,0,1,0,0,0,0,0,0
G18254194,1,0,0,0,0,0,0,0,0,0,0,1,0,0,0,0,0,0
G18254209,1,0,1,0,0,0,0,0,0,0,0,1,0,0,0,0,0,0
G18255616,1,0,1,0,0,0,0,0,0,0,0,1,0,0,0,0,0,0
G18254205,1,0,1,0,0,0,0,0,0,0,0,1,0,0,0,0,0,0
G18255657,1,0,0,0,0,0,0,0,0,0,0,0,0,0,0,0,0,0
G18255636,1,0,1,0,0,0,0,0,0,0,0,0,0,0,0,0,0,0
G18255621,1,0,1,0,0,0,0,0,0,0,0,1,0,0,0,0,0,0
G18251448,1,0,0,0,0,0,0,0,0,0,0,0,0,0,0,0,0,0
G18251432,1,0,0,0,0,0,0,0,0,0,0,0,0,0,1,0,0,0
G18254179,1,0,0,0,0,0,0,0,0,0,0,0,0,0,0,0,0,0
G18251444,1,0,1,0,0,0,0,0,0,0,0,1,0,0,0,0,0,0
G18251455,1,0,1,0,0,0,0,0,0,0,0,1,0,0,0,0,0,0
G18254187,1,0,1,0,0,0,0,0,0,0,0,1,0,0,0,0,0,0
G18255658,0,1,0,0,0,0,0,0,0,0,0,0,0,0,0,0,0,0
G18255659,1,0,1,0,0,0,0,0,0,0,0,1,0,0,0,0,0,0
G18254198,1,0,1,0,0,0,0,0,0,0,0,1,0,0,0,0,0,0
G18251437,1,0,1,0,0,0,0,0,0,0,0,1,0,0,0,0,0,0
G18251440,1,0,1,0,0,0,0,0,0,0,0,1,0,0,0,0,0,0
G18254190,1,0,1,0,0,0,0,0,0,0,0,1,0,0,0,0,0,0
G18255620,1,0,1,0,0,0,0,0,0,0,0,1,0,0,0,0,0,0
G18251446,0,0,1,0,0,0,0,0,0,0,0,0,0,0,0,0,0,0
G18255647,1,0,0,0,0,0,0,0,0,0,0,0,0,0,0,0,0,0
G18251463,1,0,0,0,0,0,0,0,0,0,0,0,0,0,0,0,0,0
G18254219,1,0,1,0,0,0,0,0,0,0,0,1,0,0,0,0,0,0
G18255644,1,0,1,0,0,0,0,0,0,0,0,1,0,0,0,0,0,0
G18251453,1,0,1,0,0,0,0,0,0,0,0,1,0,0,0,0,0,0
G18254196,0,1,0,0,0,0,0,0,0,0,0,0,0,0,0,0,0,0
G18255648,1,0,1,0,0,0,0,0,0,0,0,1,0,0,0,0,0,0
G18251445,1,0,1,0,0,0,0,0,0,0,0,1,0,0,0,0,0,0
G18255632,1,0,1,0,0,0,0,0,0,0,0,1,0,0,0,0,0,0
G18255655,1,0,1,0,0,0,0,0,0,0,0,1,0,0,0,0,0,0
G18254211,1,0,0,0,0,0,0,0,0,0,0,0,0,0,0,0,0,0
G18251458,1,0,0,0,0,0,0,0,0,0,0,0,0,0,0,0,0,0
G18254192,1,0,1,0,0,0,0,0,0,0,0,1,0,0,0,0,0,0
G18254217,1,0,1,0,0,0,0,0,0,0,0,1,0,0,0,0,0,0
G18251435,1,0,1,0,0,0,0,0,0,0,0,1,0,0,0,0,0,0
G18254202,1,0,0,0,0,0,0,0,0,0,0,0,0,0,0,0,0,0
G18255661,1,0,0,0,0,0,0,0,0,0,0,0,0,0,0,0,0,0
G18251454,1,0,1,0,0,0,0,0,0,0,0,1,0,0,0,0,0,0
G18251451,1,0,1,0,0,0,0,0,0,0,0,1,0,0,0,0,0,0
G18255615,1,0,1,0,0,0,0,0,0,0,0,1,0,0,0,0,0,0
G18255660,1,0,0,0,0,0,0,0,0,0,0,0,0,0,0,0,0,0
G18254212,1,0,1,0,0,0,0,0,0,0,0,1,0,0,0,0,0,0
G18251452,1,0,1,0,0,0,0,0,0,0,0,1,0,0,0,0,0,0
G18255631,1,0,1,0,0,0,0,0,0,0,0,1,0,0,0,0,0,0
G18254218,1,0,1,0,0,0,0,0,0,0,0,1,0,0,0,0,0,0
G18255619,1,0,1,0,0,0,0,0,0,0,0,1,0,0,0,0,0,0
G18254204,1,0,1,0,0,0,0,0,0,0,0,1,0,0,0,0,0,0
G18254216,0,1,0,0,0,0,0,0,0,0,0,0,0,0,0,0,0,0
G18251449,1,0,0,0,0,0,0,0,0,0,0,0,0,0,0,1,0,0
G18255635,1,0,0,0,0,0,0,0,0,0,0,0,0,0,0,0,0,0
G18254214,1,0,0,0,0,0,0,0,0,0,0,0,0,0,0,0,0,0
G18255623,1,0,1,0,0,0,0,0,0,0,0,1,0,0,0,0,0,0
G18254226,1,0,1,0,0,0,0,0,0,0,0,1,0,0,0,0,0,0
G18255628,0,0,1,0,0,0,0,0,0,0,0,0,0,0,0,0,0,0
G18251436,0,1,0,0,0,0,0,0,0,0,0,0,0,0,0,1,0,0
G18255652,1,0,1,0,0,0,0,0,0,0,0,1,0,0,0,0,0,0
G18251447,1,0,1,0,0,0,0,0,0,0,0,1,0,0,0,0,0,0
G18254222,1,0,1,0,0,0,0,0,0,0,0,1,0,0,0,0,0,0
G18251438,1,0,0,0,0,0,0,0,0,0,0,0,0,0,0,0,0,0
G18255646,0,1,0,0,0,0,0,0,0,0,0,0,0,0,0,0,0,0
G18254203,0,1,0,0,0,0,0,0,0,0,0,0,0,0,0,1,0,0
G18254220,1,0,1,0,0,0,0,0,0,0,0,1,0,0,0,0,0,0
G18251459,1,0,1,0,0,0,0,0,0,0,0,1,0,0,0,0,0,0
G18254186,0,1,0,0,1,0,0,0,0,0,0,0,0,0,0,0,0,0
G18254213,1,0,1,0,0,0,0,0,0,0,0,1,0,0,0,0,0,0
G18254210,1,0,1,0,0,0,0,0,0,0,0,1,0,0,0,0,0,0
G18255651,1,0,1,0,0,0,0,0,0,0,0,1,0,0,0,0,0,0
G18251462,0,1,0,0,0,0,0,0,0,0,0,0,0,0,0,0,0,0
G18255622,1,0,1,0,0,0,0,0,0,0,0,1,0,0,0,0,0,0
G18255650,1,0,1,0,0,0,0,0,0,0,0,1,0,0,0,0,0,0
G18251430,1,0,0,0,0,0,0,0,0,0,0,0,0,0,1,0,0,0
G18254206,1,0,0,0,0,0,0,0,0,0,0,0,0,0,0,0,0,0
B26,1,0,1,0,0,0,0,0,0,0,0,1,0,0,0,0,0,0
B73_merged,1,0,0,0,0,0,0,0,0,0,0,0,0,0,0,0,0,0
B31,1,0,1,0,0,0,0,0,0,0,0,1,0,0,0,0,0,0
B52_merged,1,0,0,0,0,0,0,0,0,0,0,0,0,0,0,0,0,0
B49_merged,1,0,1,0,0,0,0,0,0,0,0,1,0,0,0,0,0,0
B90,1,0,0,0,0,0,0,0,0,0,0,0,0,0,0,0,0,0
B41_merged,1,0,1,0,0,0,0,0,0,0,0,1,0,0,0,0,0,0
B380,0,1,0,0,0,0,0,0,0,0,0,0,0,0,0,0,0,0
B296_merged,1,0,0,0,0,0,0,0,0,0,0,0,0,0,0,0,0,0
B930,1,0,0,0,0,0,0,0,0,0,0,0,0,0,0,0,0,0
B439,0,1,0,0,0,0,0,0,0,0,0,0,0,0,0,0,0,0
B469,1,0,1,0,0,0,0,0,0,0,0,1,0,0,0,0,0,0
B357,1,0,1,0,0,0,0,0,0,0,0,1,0,0,0,0,0,0
B419,0,0,1,0,0,0,0,0,0,0,0,0,0,0,0,0,0,0
B436,0,1,0,0,0,0,0,0,0,0,0,0,0,0,0,0,0,0
B639_merged,0,1,0,0,0,0,0,0,0,0,0,0,0,0,0,0,0,0
B653,0,1,0,0,0,0,0,0,0,0,0,0,0,0,0,0,0,0
B950,1,0,0,0,0,0,0,0,0,0,0,0,0,0,0,1,1,0
B633_merged,1,0,0,0,0,0,0,0,0,0,0,0,0,0,0,0,0,0
B468_merged,1,0,1,0,0,0,0,0,0,0,0,1,0,0,0,0,0,0
B358,1,0,1,0,0,0,0,0,0,0,0,1,0,0,0,0,0,0
B975,0,1,0,0,0,0,0,0,0,0,0,0,0,0,0,0,0,0
B391,0,1,0,0,0,0,0,0,0,0,0,0,0,0,0,0,0,0
B745_merged,1,0,1,0,0,0,0,0,0,0,0,1,0,0,0,0,0,0
B1130_merged,1,0,1,0,0,0,0,0,0,0,0,1,0,0,0,0,0,0
B396,1,0,1,0,0,0,0,0,0,0,0,1,0,0,0,0,1,0
B747,1,0,0,0,0,0,0,0,0,0,0,0,0,0,0,0,0,0
B483,0,1,0,0,0,0,0,0,0,0,0,0,0,0,0,0,0,0
B798,1,0,0,0,0,0,0,0,0,0,0,0,0,0,0,0,0,0
B231_merged,1,0,1,0,0,0,0,0,0,0,0,1,0,0,0,0,1,0
B191_merged,1,0,1,0,0,0,0,0,0,0,0,1,0,0,0,0,0,0
B155,1,0,1,0,0,0,0,0,0,0,0,1,0,0,0,0,0,0
B628,1,0,1,0,0,0,0,0,0,0,0,1,0,0,0,0,1,0
B318,1,0,0,0,0,0,0,0,0,0,0,0,0,0,0,0,0,0
B276,1,0,0,0,0,0,0,0,0,0,0,0,0,0,0,0,0,0
B505,0,1,0,0,0,0,0,0,0,0,0,0,0,0,0,0,0,0
B1192_merged,0,1,0,0,0,0,0,0,0,0,0,0,0,0,0,0,0,0
B331,0,1,0,0,0,0,0,0,0,0,0,0,0,0,0,0,0,0
B529_merged,1,0,1,0,0,0,0,0,0,0,0,1,0,0,0,0,0,0
B603_merged,1,0,1,0,0,0,0,0,0,0,0,1,0,0,0,0,0,0
B105,1,0,0,0,0,0,0,0,0,0,0,0,1,0,0,0,0,0
B821_16,1,0,0,0,0,0,0,0,0,0,0,0,0,0,0,0,0,0
B113_merged,1,0,1,0,0,0,0,0,0,0,0,1,0,0,0,0,1,0
B97,1,0,0,0,0,0,0,0,0,0,0,0,0,0,0,0,0,0
B521,1,0,0,0,0,0,0,0,0,0,0,0,0,0,0,0,0,0
B930_16,1,0,0,0,0,0,0,0,0,0,0,0,0,0,0,0,0,0
B550_merged,1,0,1,0,0,0,0,0,0,0,0,1,0,0,0,0,1,0
B413_merged,0,1,0,0,0,0,0,0,0,0,0,0,0,0,0,0,0,0
B934_16,0,1,0,0,0,0,0,0,0,0,0,0,0,0,0,1,0,0
B1159_merged,0,1,0,0,0,0,0,0,0,0,0,0,0,0,0,0,0,0
B908_16,1,0,1,0,0,0,0,0,0,0,0,1,0,0,0,0,0,0
B233_merged,1,0,0,0,0,0,0,0,0,0,0,0,0,0,0,0,0,0
B1153_merged,0,1,0,0,0,0,0,0,0,0,0,0,0,0,0,0,0,0
B832,1,0,1,0,0,0,0,0,0,0,0,1,0,0,0,0,0,0
B498,0,1,0,0,0,0,0,0,0,0,0,0,0,0,0,0,0,0
B793,1,0,1,0,0,0,0,0,0,0,0,1,0,0,0,0,0,0
B1027_merged,1,0,1,0,0,0,0,0,0,0,0,1,0,0,0,0,0,0
B457_merged,1,0,1,0,0,0,0,0,0,0,0,1,0,0,0,0,0,0
B117,1,0,1,0,0,0,0,0,0,0,0,1,0,0,0,0,1,0
B106,1,0,0,0,0,0,0,0,0,0,0,0,0,0,0,0,0,0
B563_merged,1,0,1,0,0,0,0,0,0,0,0,1,0,0,0,0,0,0
B451_meregd,1,0,0,0,0,0,0,0,0,0,0,0,0,0,0,0,0,0
B816_16_merged,1,0,0,0,0,0,0,0,0,0,0,0,0,0,0,0,0,0
B992,1,0,0,0,0,0,0,0,0,0,0,0,0,0,0,0,0,0
B1027_16_merged,0,1,0,0,0,0,0,0,0,0,0,0,0,0,0,0,0,0
B1039_merged,1,0,1,0,0,0,0,0,0,0,0,1,0,0,0,0,0,0
422490,1,0,0,0,0,0,0,0,0,0,0,0,0,0,0,0,0,0
482154,1,0,0,0,0,0,0,0,0,0,0,0,0,0,0,0,0,0
325594,0,0,0,0,0,0,0,0,0,0,0,0,0,0,0,0,0,0
427595,1,0,0,0,0,0,0,0,0,0,0,0,0,0,0,0,0,0
429734,0,0,0,0,0,0,0,0,0,0,0,0,0,0,0,0,0,0
425605,1,0,0,0,0,0,0,0,0,0,0,0,0,0,0,0,0,0
495794,0,1,0,0,0,0,0,0,0,0,0,0,0,0,0,0,0,0
623239,1,0,0,0,0,0,0,0,0,0,0,0,0,0,0,0,0,0
385886,1,0,0,0,0,0,0,0,0,0,0,0,0,0,0,0,0,0
405940,1,0,1,0,0,0,0,0,0,0,0,1,0,0,0,0,0,0
473226,1,0,0,0,0,0,0,0,0,0,0,1,0,0,0,0,0,0
620455,1,0,0,0,0,0,0,0,0,0,0,0,0,0,0,0,0,0
565511,0,1,0,0,0,0,0,0,0,0,0,0,0,0,0,0,0,0
1127204,1,0,0,0,0,0,0,0,0,0,0,0,0,0,0,0,0,0
446638,1,0,1,0,0,0,0,0,0,0,0,1,0,0,0,0,0,0
293005,1,0,0,0,0,0,0,0,0,0,0,0,0,0,0,0,0,0
572146,0,0,0,0,0,0,0,0,0,0,0,0,0,0,0,0,0,0
1130930,1,0,0,0,0,0,0,0,0,0,0,0,0,0,0,0,0,0
423185,1,0,0,0,0,0,0,0,0,0,0,0,0,0,0,0,0,0
416218,0,1,0,0,0,0,0,0,0,0,0,0,0,0,0,0,0,0
568313,1,0,0,0,0,0,0,0,0,0,0,0,0,0,0,0,0,0
533437,1,0,0,0,0,0,0,0,0,0,0,0,0,0,0,0,0,0
412144,1,0,0,0,0,0,0,0,0,0,0,0,0,0,0,0,0,0
445161,1,0,0,0,0,0,0,0,0,0,0,0,0,0,0,0,0,0
418900,0,1,0,0,0,0,0,0,0,0,0,0,0,0,0,0,0,0
435407,1,0,0,0,0,0,0,0,0,0,0,0,0,0,0,0,0,0
373909,1,0,1,0,0,0,0,0,0,0,0,1,0,0,0,0,0,0
379335,1,0,0,0,0,0,0,0,0,0,0,0,0,0,0,0,0,0
640315,1,0,0,0,0,0,0,0,0,0,0,0,0,0,0,0,0,0
563490,1,0,0,0,0,0,0,0,0,0,0,0,0,0,0,0,0,0
636303,0,1,0,0,0,0,0,0,0,0,0,0,0,0,0,0,0,0
376180,1,0,0,0,0,0,0,0,0,0,0,0,0,0,0,0,0,0
604981,1,0,0,0,0,0,0,0,0,0,0,0,0,0,0,0,0,0
423187,0,0,1,0,0,0,0,0,0,0,0,0,0,0,0,0,0,0
646021,1,0,0,0,0,0,0,0,0,0,0,0,0,0,0,1,0,0
478553,1,0,0,0,0,0,0,0,0,0,0,0,0,0,0,0,0,0
410877,1,0,0,0,0,0,0,0,0,0,0,0,0,0,0,0,0,0
266919,0,1,0,0,0,0,0,0,0,0,0,0,0,0,0,0,0,0
391282,1,0,1,0,0,0,0,0,0,0,0,1,0,0,0,0,0,0
520545,1,0,0,0,0,0,0,0,0,0,0,0,0,1,0,0,0,0
413013,1,0,0,0,0,0,0,0,0,0,0,0,0,0,0,0,0,0
376105,0,1,0,0,0,0,0,0,0,0,0,0,0,0,0,0,0,0
330505,1,0,1,0,0,0,0,0,0,0,0,1,0,0,0,0,0,0
553893,1,0,0,0,0,0,0,0,0,0,0,0,0,0,0,0,0,0
385867,0,0,0,1,0,0,0,0,0,0,0,0,0,0,0,0,0,0
452458,1,0,0,0,0,0,0,0,0,0,0,0,0,0,0,0,0,0
370897,1,0,0,0,0,0,0,0,0,0,0,0,0,0,0,0,0,0
656789,1,0,0,0,0,0,0,0,0,0,0,0,0,0,0,0,0,0
362755,0,0,1,0,0,0,0,0,0,0,0,0,0,0,0,0,0,0
520601,0,1,0,0,0,0,0,0,0,0,0,0,0,0,0,0,0,0
555507,0,1,0,0,0,0,0,0,0,0,0,0,0,0,0,0,0,0
611417,1,0,0,0,0,0,0,0,0,0,0,0,0,0,0,0,0,0
474628#,0,0,0,0,0,0,0,0,0,0,0,0,0,0,0,0,0,0
378683,1,0,1,0,0,0,0,0,0,0,0,1,0,0,0,0,0,0
628085,1,0,0,0,0,0,0,0,0,0,0,0,0,0,0,0,0,0
SRR5986336,1,0,1,0,0,0,0,0,0,0,0,1,0,0,0,0,0,0
421190,0,0,0,0,0,0,0,0,0,0,0,0,0,0,0,0,0,0
644173,1,0,0,0,0,0,0,0,0,0,0,0,0,0,0,0,0,0
301867,1,0,0,0,0,0,0,0,0,0,0,0,0,0,0,0,0,0
435365,1,0,0,0,0,0,0,0,0,0,0,0,0,0,0,0,0,0
364179,1,0,0,0,0,0,0,0,0,0,0,0,0,0,1,0,0,0
423186,1,0,0,0,0,0,0,0,0,0,0,0,0,0,0,0,0,0
611413,1,0,0,0,0,0,0,0,0,0,0,0,0,0,0,0,0,0
617638,1,0,0,0,0,0,0,0,0,0,0,0,0,0,0,0,0,0
399379,0,0,0,0,0,0,0,1,0,0,0,0,0,0,0,0,0,0
604980,1,0,1,0,0,0,0,0,0,0,0,1,0,0,0,0,0,0
413046,0,1,0,0,0,0,0,0,0,0,0,0,0,0,0,0,0,0
506868,1,0,0,0,0,0,0,0,0,0,0,0,0,0,0,0,0,0
323883,1,0,0,0,0,0,0,0,0,0,0,0,0,0,0,0,0,0
528511,0,1,0,0,0,0,0,0,0,0,0,0,0,0,0,0,0,0
369957,1,0,0,0,0,0,0,0,0,0,0,0,0,0,0,0,0,0
513477,1,0,0,0,0,0,0,0,0,0,0,0,0,0,0,0,0,0
443567,1,0,0,0,0,0,0,0,0,0,0,0,0,0,0,0,0,0
509833,0,1,0,0,0,0,0,0,0,0,0,0,0,0,0,0,0,0
575134,1,0,0,0,0,0,0,0,0,0,0,0,0,0,0,0,0,0
438028,0,1,0,0,0,0,0,0,0,0,0,0,0,0,0,0,0,0
430289,1,0,0,0,0,0,0,0,0,0,0,0,0,0,0,0,0,0
427453,1,0,1,0,0,0,0,0,0,0,0,1,0,0,0,0,0,0
599592,1,0,1,0,0,0,0,0,0,0,0,1,0,0,0,0,0,0
619925,1,0,0,0,0,0,0,0,0,0,0,0,0,0,0,0,0,0
421631,0,0,0,0,0,0,0,0,0,0,0,0,0,0,0,0,0,0
378704,1,0,1,0,0,0,0,0,0,0,0,1,0,0,0,0,0,0
603305,1,0,1,0,0,0,0,0,0,0,0,1,0,0,0,0,0,0
620441,1,0,0,0,0,0,0,0,0,0,0,0,0,0,0,0,0,0
SRR5986335,1,0,0,0,0,0,0,0,0,0,0,0,0,0,0,0,0,0
385888,1,0,0,0,0,0,0,0,0,0,0,0,0,0,0,0,0,0
598168,1,0,1,0,0,0,0,0,0,0,0,1,0,0,0,0,0,0
462020,0,0,0,0,0,0,0,1,0,0,0,0,0,0,0,0,0,0
553784,0,1,0,0,0,0,0,0,0,0,0,0,0,0,0,0,0,0
475740,0,0,0,0,0,0,0,0,0,0,0,0,0,0,0,0,0,0
429739,0,0,0,0,0,0,0,1,0,0,0,0,0,0,0,0,0,0
278083,1,0,0,0,0,0,0,0,0,0,0,0,0,0,0,0,0,0
625789,0,1,0,0,0,0,0,0,0,0,0,0,0,0,0,0,0,0
611069,0,0,0,0,0,0,0,0,0,0,0,0,0,0,0,0,0,0
623529,1,0,1,0,0,0,0,0,0,0,0,1,0,0,0,0,0,0
366321,1,0,0,0,0,0,0,0,0,0,0,0,1,0,0,0,0,0
342536,0,1,0,0,0,0,0,0,0,0,0,0,0,0,0,0,0,0
607854,0,0,0,0,0,0,0,0,1,0,0,0,0,0,0,0,0,0
520549,1,0,0,0,0,0,0,0,0,0,0,0,0,0,0,0,0,0
495793,0,1,0,0,0,0,0,0,0,0,0,0,0,0,0,0,0,0
370917,1,0,0,0,0,0,0,0,0,0,0,0,0,0,0,0,0,0
611068,0,0,0,0,0,0,0,0,0,0,0,0,0,0,0,0,0,0
376176,1,0,0,0,0,0,0,0,0,0,0,0,0,0,0,0,0,0
630655,1,0,0,0,0,0,0,0,0,0,0,0,0,0,0,1,0,0
346526,1,0,0,0,0,0,0,0,0,0,0,0,0,0,0,0,0,0
572491,0,0,0,0,0,0,0,0,0,0,0,0,0,0,0,0,0,0
630656,0,0,0,0,0,0,0,0,0,0,0,0,0,0,0,0,0,0
528015,1,0,0,0,0,0,0,0,0,0,0,0,0,0,0,0,0,0
629341,1,0,1,0,0,0,0,0,0,0,0,1,0,0,0,0,0,0
379394,0,0,0,0,0,0,0,0,0,0,0,0,0,0,0,0,0,0
610004,1,0,0,0,0,0,0,0,0,0,0,0,0,0,0,0,0,0
376190,0,1,0,0,0,0,0,0,0,0,0,0,0,0,0,0,0,0
598167,1,0,0,0,0,0,0,0,0,0,0,0,0,0,0,0,0,0
545293,1,0,0,0,0,0,0,0,0,0,0,0,0,0,0,0,0,0
458103,1,0,0,0,0,0,0,0,0,0,0,0,0,0,0,0,0,0
467191,0,1,0,0,0,0,0,0,0,0,0,0,0,0,0,0,0,0
446523,1,0,0,0,0,0,0,0,0,0,0,0,0,0,0,0,0,0
625283,1,0,0,0,0,0,0,0,0,0,0,0,0,0,0,0,0,0
548862,0,0,0,0,0,0,0,0,0,0,0,0,0,0,0,0,0,0
644172,0,1,0,0,0,0,0,0,0,0,0,0,0,0,0,0,0,0
620457,0,1,0,0,0,0,0,0,0,0,0,0,0,0,0,0,0,0
620443,1,0,0,0,0,0,0,0,0,0,0,0,0,0,0,0,0,0
529862,1,0,0,0,0,0,0,0,0,0,0,0,0,0,0,0,0,0
SRR3321530,0,1,0,0,0,0,0,0,0,0,0,0,0,0,0,0,0,0
481518,0,1,0,0,0,0,0,0,0,0,0,0,0,0,0,0,0,0
370622,0,0,0,0,0,0,0,0,0,0,0,0,0,0,0,0,0,0
454842,0,1,0,0,0,0,0,0,0,0,0,0,0,0,0,0,0,0
646024,1,0,0,0,0,0,0,0,0,0,0,0,0,0,0,0,0,0
374597,1,0,0,0,0,0,0,0,0,0,0,0,1,0,0,0,0,0
364554,1,0,0,0,0,0,0,0,0,0,0,0,0,0,0,0,0,0
428223,0,1,0,0,0,0,0,0,0,0,0,0,0,0,0,0,0,0
492562,1,0,0,0,0,0,0,0,0,0,0,0,0,0,0,0,0,0
648640,1,0,0,0,0,0,0,0,0,0,0,0,0,0,0,0,0,0
628083,1,0,0,0,0,0,0,0,0,0,0,0,0,0,0,0,0,0
488684,1,0,0,0,0,0,0,0,0,0,0,0,0,0,0,0,0,0
539103,1,0,1,0,0,0,0,0,0,0,0,1,0,0,0,0,0,0
315668,1,0,0,0,0,0,0,0,0,0,0,0,0,0,0,0,0,0
640316,1,0,1,0,0,0,0,0,0,0,0,1,0,0,0,0,0,0
420542,0,0,0,0,0,0,0,0,0,0,0,0,0,0,0,0,0,0
414660,1,0,0,0,0,0,0,0,0,0,0,0,0,0,0,0,0,0
1131104,1,0,0,0,0,0,0,0,0,0,0,0,0,0,0,0,0,0
325596,0,0,0,0,0,0,0,0,0,0,0,0,0,0,0,0,0,0
608465,1,0,1,0,0,0,0,0,0,0,0,1,0,0,0,0,0,0
625780,1,0,0,0,0,0,0,0,0,0,0,0,0,0,1,0,0,0
423188,1,0,0,0,0,0,0,0,0,0,0,0,0,0,0,0,0,0
428237,0,0,0,0,0,0,0,0,1,0,0,0,0,0,0,0,0,0
632345,1,0,0,0,0,0,0,0,0,0,0,0,0,0,0,0,0,0
416030,1,0,0,0,0,0,0,0,0,0,0,0,0,0,0,0,0,0
380837,1,0,0,0,0,0,0,0,0,0,0,0,0,0,0,0,0,0
391131,1,0,0,0,0,0,0,0,0,0,0,0,0,0,0,0,0,0
601705,1,0,0,0,0,0,0,0,0,0,0,0,0,0,0,0,0,0
478603,1,0,0,0,0,0,0,0,0,0,0,0,0,0,0,0,0,0
543893,1,0,0,0,0,0,0,0,0,0,0,0,0,0,0,1,0,0
606245,1,0,0,0,0,0,0,0,0,0,0,0,0,0,0,0,0,0
393908,1,0,1,0,0,0,0,0,0,0,0,1,0,0,0,0,0,0
620459,1,0,0,0,0,0,0,0,0,0,0,0,0,0,0,0,0,0
611421,1,0,0,0,0,0,0,0,0,0,0,0,0,0,0,0,0,0
628084,1,0,0,0,0,0,0,0,0,0,0,0,0,0,0,0,0,0
1131190,0,0,0,0,0,0,0,1,0,0,0,0,0,0,0,0,0,0
624491,1,0,0,0,0,0,0,0,0,0,0,0,0,0,0,0,0,0
410896,0,1,0,0,0,0,0,0,0,0,0,0,0,0,0,0,0,0
376067,1,0,0,0,0,0,0,0,0,0,0,0,0,0,0,0,0,0
506036,0,0,0,0,0,0,0,0,0,0,0,0,0,0,0,0,0,0
550679,1,0,0,0,0,0,0,0,0,0,0,0,0,0,0,0,0,0
520552,0,1,0,0,0,0,0,0,0,0,0,0,0,0,0,0,0,0
531231,1,0,0,0,0,0,0,0,0,0,0,0,0,0,0,0,0,0
603275,1,0,0,0,0,0,0,0,0,0,0,0,0,0,0,0,0,0
447684,1,0,0,0,0,0,0,0,0,0,0,0,0,0,0,0,0,0
610002,0,1,0,0,0,0,0,0,0,0,0,0,0,0,0,0,0,0
429733,0,0,0,0,0,0,0,0,0,0,0,0,0,0,0,0,0,0
420484,1,0,0,0,0,0,0,0,0,0,0,0,1,0,0,0,0,0
427599,0,0,0,0,0,0,0,0,0,0,0,0,0,0,0,0,0,0
424614,1,0,0,0,0,0,0,0,0,0,0,0,0,0,0,0,0,0
604919,1,0,0,0,0,0,0,0,0,0,0,0,0,0,0,0,0,0
510186,1,0,0,0,0,0,0,0,0,0,0,0,0,0,0,0,0,0
627329,1,0,0,0,0,0,0,0,0,0,0,0,0,0,0,0,0,0
480738,1,0,0,0,0,1,0,0,0,0,0,0,0,0,0,0,0,0
265725,1,0,0,0,0,0,0,0,0,0,0,0,0,0,0,0,0,0
506037,1,0,0,0,0,0,0,0,0,0,0,0,0,0,0,0,0,0
397394,1,0,0,0,0,0,0,0,0,0,0,0,0,0,0,0,0,1
337061,1,0,0,0,0,0,0,0,0,0,0,0,0,0,0,0,0,0
550809,0,1,0,0,0,0,0,0,0,0,0,0,0,0,0,0,0,0
508247,0,0,0,0,0,0,0,0,0,0,0,0,0,0,0,0,0,0
430293,0,0,0,0,0,0,0,0,0,0,0,0,0,0,0,0,0,0
598141,1,0,0,0,0,0,0,0,0,0,0,0,0,0,0,0,0,0
606244,0,0,0,0,0,0,0,0,0,0,0,0,0,0,0,0,0,0
478535,0,0,0,0,0,0,0,0,0,0,0,0,0,0,0,0,0,0
625785,0,1,0,0,0,0,0,0,0,0,0,0,0,0,0,0,0,0
286702,1,0,0,0,0,0,0,0,0,0,0,0,0,0,0,0,0,0
435511,1,0,0,0,0,0,0,0,0,0,0,0,0,0,0,0,0,0
529275,0,0,1,0,0,0,0,0,0,0,0,0,0,0,0,0,0,0
604927,1,0,0,0,0,0,0,0,0,0,0,0,0,0,0,0,0,0
429741,1,0,0,0,0,0,0,0,0,0,0,1,0,0,0,0,0,0
412129,1,0,0,0,1,0,0,0,0,0,0,1,0,0,0,0,0,0
568311,1,0,0,0,0,0,0,0,0,0,0,0,0,0,0,0,0,0
634755,1,0,0,0,0,0,0,0,0,0,0,0,0,0,0,0,0,0
582308,1,0,0,0,0,0,0,0,0,0,0,0,0,0,0,0,0,0
545297,1,0,0,0,0,0,0,0,0,0,0,0,0,0,0,0,0,0
486547,1,0,0,0,0,0,0,0,0,0,0,0,0,0,0,0,0,0
387513,0,0,0,0,0,0,0,1,0,0,0,0,0,0,0,0,0,0
316194,1,0,0,0,0,0,0,0,0,0,0,0,0,0,0,0,0,0
371824,0,0,0,0,0,0,0,0,0,0,0,0,0,0,0,0,0,0
369981,1,0,0,0,0,0,0,0,0,0,0,0,0,0,0,0,0,0
495816,0,0,0,0,0,0,0,0,1,0,0,0,0,0,0,0,0,0
488683,0,1,0,0,0,0,0,0,0,0,0,0,0,0,0,0,0,0
427412,1,0,0,0,0,0,0,0,0,0,0,0,0,0,0,0,0,0
546626,1,0,0,0,0,0,0,0,0,0,0,0,0,0,0,0,0,0
611442,1,0,0,0,0,0,0,0,0,0,0,0,0,0,0,0,0,0
445946,0,1,0,0,0,0,0,0,0,0,0,0,0,0,0,0,0,0
325535,0,1,0,0,0,0,0,0,0,0,0,0,0,0,0,0,0,0
376083,1,0,1,0,0,0,0,0,0,0,0,1,0,0,0,0,0,0
568336,1,0,0,0,0,0,0,0,0,0,0,0,0,0,0,0,0,0
619806,0,1,0,0,0,0,0,0,0,0,0,0,0,0,0,0,0,0
452459,1,0,0,0,0,0,0,0,0,0,0,0,0,0,0,0,0,0
374038,0,1,0,0,0,0,0,0,0,0,0,0,0,0,0,0,0,0
591872,1,0,1,0,0,0,0,0,0,0,0,1,0,0,0,0,0,0
366365,1,0,0,0,0,0,0,0,0,0,0,0,0,0,0,0,0,0
379396,0,0,0,0,0,0,0,0,0,0,0,0,0,0,0,0,0,0
443568,0,1,0,0,0,0,0,0,0,0,0,0,0,0,0,0,0,0
314893,1,0,0,0,0,0,0,0,0,0,0,0,0,0,0,0,0,0
520539,1,0,0,0,0,0,0,0,0,0,0,0,0,0,0,0,0,0
539163,1,0,0,0,0,0,0,0,0,0,0,0,0,0,0,0,0,0
373941,1,0,0,0,0,0,0,0,0,0,0,0,0,0,0,0,0,0
539099,0,0,0,0,0,0,0,0,0,0,0,0,0,0,0,0,0,0
598140,1,0,0,0,0,0,0,0,0,0,0,0,0,0,0,0,0,0
373917,1,0,0,0,0,0,0,0,0,0,0,0,0,0,0,0,0,0
503133,0,1,0,0,0,0,0,0,0,0,0,0,0,0,0,0,0,0
545292,1,0,0,0,0,0,0,0,0,0,0,0,0,0,0,0,0,0
400339,1,0,0,0,0,0,0,0,0,0,0,0,0,0,0,0,0,0
652961,0,1,0,0,0,0,0,0,0,0,0,0,0,0,0,0,0,0
516318,0,1,0,0,0,0,0,0,0,0,0,0,0,0,0,0,0,0
479460,1,0,0,0,0,0,0,0,0,0,0,0,0,0,0,1,0,0
520548,1,0,1,0,0,0,0,0,0,0,0,1,0,0,0,0,0,0
529812,1,0,0,0,0,0,0,0,0,0,0,0,0,0,0,0,0,0
601702,1,0,0,0,0,0,0,0,0,0,0,0,0,0,0,0,0,0
482712,1,0,0,0,0,0,0,0,0,0,0,0,0,0,0,0,0,0
268672,1,0,0,0,0,0,0,0,0,0,0,0,0,0,0,0,0,0
311176,1,0,0,0,0,0,0,0,0,0,0,0,0,0,0,0,0,0
424721,0,1,0,0,0,0,0,0,0,0,0,0,0,0,0,0,0,0
541348,0,0,0,0,0,0,0,0,0,0,0,0,0,0,0,0,0,0
257030,1,0,0,0,0,0,0,0,0,0,0,0,0,0,0,0,0,0
417212,1,0,0,0,0,0,0,0,0,0,0,0,0,0,0,0,0,0
577910,1,0,0,0,0,0,0,0,0,0,0,0,0,0,0,0,0,0
427594,1,0,0,0,0,0,0,0,0,0,0,0,0,0,0,0,0,0
399970,1,0,0,0,0,0,0,0,0,0,0,0,0,0,0,0,0,0
432799,0,0,0,0,0,0,0,0,0,0,0,0,0,0,0,0,0,0
456197,1,0,0,0,0,0,0,0,0,0,0,0,0,0,1,0,0,0
369037,1,0,0,0,0,0,0,0,0,0,0,0,0,0,0,0,0,0
526159,1,0,1,0,0,0,0,0,0,0,0,1,0,0,0,0,0,0
428253,1,0,1,0,0,0,0,0,0,0,0,1,0,0,0,0,0,0
421192,0,0,1,0,0,0,0,0,0,0,0,0,0,0,0,0,0,0
423052,0,0,0,0,0,0,0,1,0,0,0,0,0,0,0,0,0,0
646022,0,0,0,0,0,0,0,0,0,0,0,0,0,0,0,0,0,0
606242,1,0,0,0,0,0,0,0,0,0,0,0,0,0,0,0,0,0
424715,1,0,0,0,0,0,0,0,0,0,0,0,0,0,0,0,0,0
285657,1,0,0,0,0,0,0,0,0,0,0,0,0,0,0,0,0,0
625282,1,0,0,0,0,0,0,0,0,0,0,0,0,0,0,0,0,0
376057,1,0,0,0,0,0,0,0,0,0,0,0,0,0,0,0,0,0
559077,1,0,0,0,0,0,0,0,0,0,0,0,0,0,0,0,0,0
479451,0,1,0,0,0,0,0,0,0,0,0,0,0,0,0,0,0,0
520543,1,0,0,0,0,0,0,0,0,0,0,0,0,0,0,0,0,0
631596,1,0,0,0,0,0,0,0,0,0,0,0,0,0,0,0,0,0
534759,1,0,0,0,0,0,0,0,0,0,0,0,0,0,0,0,0,0
492561,1,0,0,0,0,0,0,0,0,0,0,1,0,0,0,0,0,0
483051,0,0,0,0,0,0,0,0,0,0,0,0,0,0,0,0,0,0
613025,1,0,0,0,0,0,0,0,0,0,0,0,0,0,0,0,0,0
SRR5500428,1,0,0,0,0,0,0,0,0,0,0,0,0,0,0,0,0,0
440109,1,0,0,0,0,0,0,0,0,0,0,0,0,0,1,0,0,0
503137,0,0,0,0,0,0,0,0,0,0,0,0,0,0,0,0,0,0
634745,1,0,0,0,0,0,0,0,0,0,0,0,0,0,0,0,0,0
546627,1,0,0,0,0,0,0,0,0,0,0,0,0,0,0,0,0,0
620451,1,0,0,0,0,0,0,0,0,0,0,0,0,0,0,0,0,0
421706,0,0,0,0,0,0,0,0,0,0,0,0,0,0,0,0,0,0
604977,1,0,0,0,0,0,0,0,0,0,0,0,0,0,0,0,0,0
1132351,1,0,0,0,0,0,0,0,0,0,0,0,0,0,0,0,0,0
556786,1,0,0,0,0,0,0,0,0,0,0,0,0,0,0,0,0,0
363520,0,1,0,0,0,0,0,0,0,0,0,0,0,0,0,0,0,0
448199,0,1,0,0,0,0,0,0,0,0,0,0,0,0,0,0,0,0
429195,1,0,0,0,0,0,0,0,0,0,0,0,0,0,0,0,0,0
606246,1,0,0,0,0,0,0,0,0,0,0,0,0,0,0,0,0,0
550788,1,0,0,0,0,0,0,0,0,0,0,0,0,0,0,0,0,0
290787,1,0,1,0,0,0,0,0,0,0,0,1,0,0,0,0,0,0
429737,1,0,0,0,0,0,0,0,0,0,0,0,0,0,0,0,0,0
554414,1,0,0,0,0,0,0,0,0,0,0,0,0,0,0,0,0,0
594793,1,0,0,0,0,0,0,0,0,0,0,0,0,0,0,0,0,0
418901,1,0,0,0,0,0,0,0,0,0,0,0,0,0,0,0,0,0
524805,1,0,0,0,0,0,0,0,0,0,0,0,0,0,0,0,0,0
493427,0,0,0,0,0,0,0,0,0,0,0,0,0,0,0,0,0,0
601701,1,0,0,0,0,0,0,0,0,0,0,0,1,0,0,0,0,0
591238,1,0,0,0,0,0,0,0,0,0,0,0,0,0,0,0,0,0
373914,0,1,0,0,0,0,0,0,0,0,0,0,0,0,0,0,0,0
422488,1,0,0,0,0,0,0,0,0,0,0,0,0,0,0,0,0,0
572384,0,1,0,0,0,0,0,0,0,0,0,0,0,0,0,0,0,0
427447,1,0,0,0,0,0,0,0,0,0,0,0,0,0,0,0,0,0
432187,1,0,0,0,0,0,0,0,0,0,0,0,0,0,0,0,0,0
302871,1,0,0,0,0,0,0,0,0,0,0,0,0,0,0,0,0,0
436943,0,1,0,0,0,0,0,0,0,0,0,0,0,0,0,0,0,0
388726,1,0,0,0,0,0,0,0,0,0,0,0,0,0,1,0,0,0
568394,0,0,1,0,0,0,0,0,0,0,0,0,0,0,0,0,0,0
420543,1,0,0,0,0,0,0,0,0,0,0,0,0,0,1,0,0,0
572145,1,0,0,0,0,0,0,0,0,0,0,0,0,0,0,0,0,0
654713,1,0,0,0,0,0,0,0,0,0,0,0,0,0,0,0,0,0
495756,1,0,0,0,0,0,0,0,0,0,0,0,0,0,0,0,0,0
453966,1,0,0,0,0,0,0,0,0,0,0,0,0,0,0,0,0,0
476605,0,1,0,0,0,1,0,0,0,0,0,1,0,0,0,0,0,0
531303,1,0,0,0,0,0,0,0,0,0,0,0,0,0,0,0,0,0
431414,1,0,0,0,0,0,0,0,0,0,0,0,0,0,0,0,0,0
588501,0,0,0,0,0,0,0,0,0,0,0,0,0,0,0,0,0,0
738672,1,0,0,0,0,0,0,0,0,0,0,0,0,0,0,0,0,0
708229,0,1,0,0,0,0,0,0,0,0,0,0,0,0,0,0,0,0
841460,1,0,0,0,0,0,0,0,0,0,0,0,0,0,0,0,0,0
539989,0,1,0,0,0,0,0,0,0,0,0,0,0,0,0,0,0,0
546605,1,0,0,0,0,0,0,0,0,0,0,0,0,0,0,0,0,0
806238,1,0,0,0,0,0,0,0,0,0,0,0,0,0,0,0,0,0
804375,1,0,1,0,0,0,0,0,0,0,0,1,0,0,0,0,0,0
745302,1,0,0,0,0,0,0,0,0,0,0,0,0,0,0,0,0,0
774358,1,0,0,0,0,0,0,0,0,0,0,0,0,0,0,0,0,0
853972,1,0,1,0,0,0,0,0,0,0,0,1,0,0,0,0,0,0
673633,1,0,1,0,0,0,0,0,0,0,0,1,0,0,0,0,0,0
385505,1,0,1,0,0,0,0,0,0,0,0,1,0,0,0,0,0,0
709075,0,1,0,0,0,0,0,0,0,0,0,0,0,0,0,0,0,0
746790,0,0,1,0,0,0,0,0,0,0,0,0,0,0,0,0,0,0
844861,1,0,0,0,0,0,0,0,0,0,0,0,0,0,0,0,0,0
678023,1,0,0,0,0,0,0,0,0,0,0,0,0,0,0,0,0,0
731829,0,0,0,0,0,0,0,0,0,0,0,0,0,0,0,0,0,0
802744,0,0,0,0,0,0,0,0,1,0,0,0,0,0,0,0,0,0
839265,1,0,1,0,0,0,0,0,0,0,0,1,0,0,0,0,0,0
751278,1,0,0,0,0,0,0,0,0,0,0,0,0,0,0,0,0,0
821166,1,0,0,0,0,0,0,0,0,0,0,0,0,0,0,0,0,0
812208,1,0,0,0,0,0,0,0,0,0,0,0,0,0,0,0,0,0
812118,1,0,0,0,0,1,0,0,0,0,0,0,0,0,0,0,0,0
837037,1,0,0,0,0,0,0,0,0,0,0,0,0,0,0,0,0,0
742396,1,0,0,0,0,0,0,0,0,0,0,0,0,0,0,0,0,0
731618,0,0,0,0,0,0,0,0,0,0,0,0,0,0,0,0,0,0
801479,1,0,1,0,0,0,0,0,0,0,0,1,0,0,0,0,0,0
846509,0,0,0,0,0,0,0,1,0,0,0,0,0,0,0,0,0,0
804509,1,0,0,0,0,0,0,0,0,0,0,0,0,0,0,0,0,0
816187,1,0,0,0,0,0,0,0,0,0,0,0,0,0,0,1,0,0
802816,1,0,0,0,0,0,0,0,0,0,0,0,1,0,0,0,0,0
825146,0,0,0,0,0,0,0,0,0,0,0,0,0,0,0,0,0,0
742417,1,0,0,0,0,0,0,0,0,0,0,0,0,0,0,0,0,0
814946,1,0,0,0,0,0,0,0,0,0,0,0,0,0,0,0,0,0
720114,1,0,0,0,0,0,0,0,0,0,0,0,0,0,0,0,0,0
853973,1,0,0,0,0,0,0,0,0,0,0,0,0,0,0,0,0,0
751217,1,0,1,0,0,0,0,0,0,0,0,1,0,0,0,0,0,0
814334,0,1,0,0,0,0,0,0,0,0,0,0,0,0,0,0,0,0
758126,0,0,0,0,0,0,0,0,0,0,0,0,0,0,0,0,0,0
781854,1,0,0,0,0,0,0,0,0,0,0,0,0,0,0,0,0,0
788248,0,1,0,0,0,0,0,0,0,0,0,0,0,0,0,0,0,0
797576,0,0,0,0,0,0,0,0,0,0,0,0,0,0,0,0,0,0
857228,1,0,0,0,0,0,0,0,0,0,0,0,0,0,0,0,0,0
802812,0,0,0,0,0,0,0,0,1,0,0,0,0,0,0,0,0,0
814896,1,0,0,0,0,0,0,0,0,0,0,0,0,0,0,0,0,0
774359,0,0,0,0,0,0,0,1,0,0,0,0,0,0,0,0,0,0
802699,1,0,0,0,0,0,0,0,0,0,0,0,0,0,0,0,0,0
862942,0,0,0,0,0,0,0,1,0,0,0,0,0,0,0,0,0,0
705231,1,0,1,0,0,0,0,0,0,0,0,1,0,0,0,0,0,0
818980,1,0,0,0,0,0,0,0,0,0,0,0,0,0,0,0,0,0
762229,1,0,0,0,0,0,0,0,0,0,0,0,0,0,0,0,0,0
738711,1,0,1,0,0,0,0,0,0,0,0,1,0,0,0,0,0,0
825145,1,0,0,0,0,0,0,0,0,0,0,0,0,0,0,0,0,0
625781,1,0,0,0,0,0,0,0,0,0,0,0,0,0,0,0,0,0
831216,1,0,0,0,0,0,0,0,0,0,0,0,0,0,0,1,0,0
692678,0,0,0,0,0,0,0,0,1,0,0,0,0,0,0,0,0,0
823533,1,0,0,0,0,0,0,0,0,0,0,0,0,0,0,0,0,0
661077,1,0,0,0,0,0,0,0,0,0,0,0,0,0,0,0,0,0
689024,0,0,0,0,0,0,0,0,0,0,0,0,0,0,0,0,0,0
695968,1,0,0,0,0,0,0,0,0,0,0,0,0,0,0,0,0,0
804374,1,0,1,0,0,0,0,0,0,0,0,1,0,0,0,0,0,0
686753,1,0,1,0,0,0,0,0,0,0,0,1,0,0,0,0,0,0
804508,1,0,0,0,0,0,0,0,0,0,0,0,0,0,0,0,0,0
785007,1,0,0,0,0,0,0,0,0,0,0,0,0,0,0,1,0,0
826387,0,0,0,0,0,0,0,1,0,0,0,0,0,0,0,0,0,0
730977,1,0,0,0,0,0,0,0,0,0,0,0,0,0,0,0,0,0
827030,1,0,0,0,0,0,0,0,0,0,0,0,0,0,0,0,0,0
740079,1,0,0,0,0,0,0,0,0,0,0,0,0,0,0,0,0,0
843981,1,0,0,0,0,0,0,0,0,0,0,0,0,0,0,0,0,0
800598,0,0,0,0,0,0,0,0,0,0,0,0,0,0,0,0,0,0
702964,1,0,1,0,0,0,0,0,0,0,0,1,0,0,0,0,0,0
620445,1,0,0,0,0,0,0,0,0,0,0,0,0,0,0,0,0,0
816255,1,0,0,0,0,0,0,0,0,0,0,0,0,0,0,1,0,0
707186,1,0,0,0,0,0,0,0,0,0,0,0,0,0,0,0,0,0
806076,1,0,0,0,0,0,0,0,0,0,0,0,0,0,0,0,0,0
753224,1,0,0,0,0,0,0,0,0,0,0,0,0,0,0,0,0,0
856336,1,0,0,0,0,0,0,0,0,0,0,0,0,0,0,0,0,0
819773,1,0,0,0,0,0,0,0,0,0,0,0,0,0,0,1,0,0
789981,0,0,0,0,0,0,0,0,0,0,1,0,0,0,0,0,0,0
749380,1,0,1,0,0,0,0,0,0,0,0,1,0,0,0,0,0,0
823539,1,0,0,0,0,0,0,0,0,0,0,0,0,0,0,0,0,0
766766,1,0,0,0,0,0,0,0,0,0,0,0,0,0,0,0,0,0
804501,1,0,1,0,0,0,0,0,0,0,0,1,0,0,0,0,0,0
746727,0,0,0,0,0,0,0,0,0,0,0,0,0,0,0,0,0,0
632992,1,0,0,0,0,0,0,0,0,0,0,0,0,0,0,0,0,0
688986,0,0,0,0,0,0,0,0,0,0,0,0,0,0,0,0,0,0
628870,1,0,0,0,0,0,0,0,0,0,0,0,0,1,0,0,0,0
741691,1,0,1,0,0,0,0,0,0,0,0,1,0,0,0,0,0,0
685496,0,0,0,0,0,0,0,1,0,0,0,0,0,0,0,0,0,0
755137,1,0,0,0,0,0,0,0,0,0,0,0,0,0,0,0,0,0
820085,0,0,0,0,0,0,0,0,0,0,0,0,0,0,0,0,0,0
722370,1,0,0,0,0,0,0,0,0,0,0,0,0,0,0,0,0,0
818988,1,0,0,0,0,0,0,0,0,0,0,0,0,0,0,0,0,0
539015,1,0,0,0,0,0,0,0,0,0,0,0,0,0,0,0,0,0
802737,1,0,0,0,0,0,0,0,0,0,0,0,0,0,0,0,0,0
553790,1,0,0,0,0,0,0,0,0,0,0,0,0,0,0,1,0,0
804370,1,0,0,0,0,0,0,0,0,0,0,0,1,0,0,0,0,0
727899,1,0,0,0,0,0,0,0,0,0,0,0,0,0,0,0,0,0
781848,1,0,0,0,0,0,0,0,0,0,0,0,0,0,0,1,0,0
695980,0,0,0,0,0,0,0,1,0,0,0,0,0,0,0,0,0,0
787550,1,0,0,0,0,0,0,0,0,0,0,0,0,0,0,0,0,0
838500,1,0,0,0,0,0,0,0,0,0,0,0,0,0,0,0,0,0
814337,1,0,1,0,0,0,0,0,0,0,0,1,0,0,0,0,0,0
702867,0,1,0,0,0,0,0,0,0,0,0,0,0,0,0,0,0,0
773734,1,0,0,0,0,0,0,0,0,0,0,0,0,0,0,0,0,0
802815,1,0,1,0,0,0,0,0,0,0,0,1,0,0,0,0,0,0
804371,1,0,0,0,0,0,0,0,0,0,0,0,0,0,0,0,0,0
751240,1,0,0,0,0,0,0,0,0,0,0,0,0,0,0,0,0,0
790550,1,0,0,0,0,0,0,0,0,0,0,0,0,0,0,0,0,0
802814,0,0,1,0,0,0,0,0,0,0,0,0,0,0,0,0,0,0
756216,1,0,0,0,0,0,0,0,0,0,0,0,0,0,0,0,0,0
780463,1,0,0,0,0,0,0,0,0,0,0,0,0,0,0,0,0,0
685880,1,0,1,0,0,0,0,0,0,0,0,1,0,0,0,0,0,0
854130,1,0,0,0,0,0,0,0,0,0,1,0,0,0,0,0,0,0
697422,1,0,0,0,0,0,0,0,0,0,0,0,0,0,0,0,0,0
786648,1,0,1,0,0,0,0,0,0,0,0,1,0,0,0,0,0,0
821163,1,0,0,0,0,0,0,0,0,0,0,0,0,0,0,0,0,0
781846,1,0,0,0,0,0,0,0,0,0,0,0,0,0,0,0,0,0
707188,1,0,0,0,0,0,0,0,0,0,0,0,0,0,0,0,0,0
683160,0,0,0,0,0,0,0,0,0,0,0,0,0,0,0,0,0,0
802738,1,0,1,0,0,0,0,0,0,0,0,1,0,0,0,0,0,0
668826,0,1,0,0,0,0,0,0,0,0,0,0,0,0,0,0,0,0
751531,1,0,0,0,0,0,0,0,0,0,0,0,0,0,0,0,0,0
818191,1,0,0,0,0,0,0,0,0,0,0,0,0,0,0,0,0,0
675723,1,0,0,0,0,0,0,0,0,0,0,0,0,0,0,0,0,0
550675,1,0,0,0,0,0,0,0,0,0,0,0,0,0,0,0,0,0
751532,1,0,0,0,0,0,0,0,0,0,0,0,0,0,0,0,0,0
834289,0,1,0,0,0,0,0,0,0,0,0,0,0,0,0,0,0,0
758748,1,0,0,0,0,0,0,0,0,0,0,0,0,0,0,0,0,0
634748,1,0,0,0,0,0,0,0,0,0,0,0,0,0,0,0,0,0
673631,0,0,0,0,0,0,0,0,0,0,0,0,0,0,0,0,0,0
550791,1,0,1,0,0,0,0,0,0,0,0,1,0,0,0,0,0,0
779906,1,0,0,0,0,0,0,0,0,0,0,0,0,0,0,0,0,0
728777,1,0,0,0,0,0,0,0,0,0,0,0,0,0,0,0,0,0
810028,1,0,0,0,0,0,0,0,0,0,0,0,0,0,0,0,0,0
751529,0,1,0,0,0,0,0,0,0,0,0,0,0,0,0,0,0,0
820112,1,0,0,0,0,0,0,0,0,0,0,0,0,0,0,0,0,0
549486,0,0,0,0,0,0,0,0,0,0,0,0,0,0,0,0,0,0
811047,1,0,0,0,0,0,0,0,0,0,0,0,0,0,0,0,0,0
812074,1,0,0,0,0,0,0,0,0,0,0,0,0,0,0,0,0,0
842004,1,0,0,0,0,0,0,0,0,0,0,0,0,0,0,0,0,0
678024,1,0,0,0,0,0,0,0,0,0,0,0,0,0,0,0,0,0
770096,0,0,0,0,0,0,0,0,0,0,0,0,0,0,0,0,0,0
702963,0,0,0,0,0,0,0,1,0,0,0,0,0,0,0,0,0,0
709112,0,1,0,0,0,0,0,0,0,0,0,0,0,0,0,0,0,0
808814,0,1,0,0,0,0,0,0,0,0,0,0,0,0,0,0,0,0
806323,1,0,0,0,0,0,0,0,0,0,0,0,0,0,0,0,0,0
804507,0,0,0,0,0,0,0,0,1,0,0,0,0,0,0,0,0,0
808194,0,1,0,0,0,0,0,0,0,0,0,0,0,0,0,0,0,0
673627,1,0,1,0,0,0,0,0,0,0,0,1,0,0,0,0,0,0
716008,1,0,0,0,0,0,0,0,0,0,0,0,0,0,0,0,0,0
797590,1,0,0,0,0,0,0,0,0,0,0,0,0,1,0,0,0,0
854878,1,0,0,0,0,0,0,0,0,0,0,0,0,0,0,0,0,0
780461,1,0,0,0,0,0,0,0,0,0,0,0,0,0,0,0,0,0
669762,0,0,0,0,0,1,0,0,0,0,0,0,0,0,0,0,0,0
821033,0,1,0,0,0,0,0,0,0,0,0,0,0,0,0,0,0,0
621770,1,0,0,0,0,0,0,0,0,0,0,0,0,0,0,0,0,0
787256,1,0,0,0,0,0,0,0,0,0,0,0,0,0,0,0,0,0
745854,1,0,0,0,0,0,0,0,0,0,0,0,0,0,0,0,0,0
697418,0,1,0,0,0,0,0,0,0,0,0,0,0,0,0,0,0,0
680528,0,1,0,0,0,0,0,0,0,0,0,0,0,0,0,0,0,0
697708,1,0,0,0,0,0,0,0,0,0,0,0,0,0,0,0,0,0
740076,1,0,0,0,0,0,0,0,0,0,0,0,0,0,0,0,0,0
656788,1,0,0,0,0,0,0,0,0,0,0,0,0,0,0,0,0,0
815565,1,0,0,0,0,0,0,0,0,0,0,0,0,0,0,0,0,0
546628,1,0,0,0,0,0,0,0,0,0,0,0,0,0,0,0,0,0
838474,1,0,0,0,0,0,0,0,0,0,0,0,0,0,0,0,0,0
815556,0,0,1,0,0,0,0,0,0,0,0,0,0,0,0,0,0,0
730695,1,0,0,0,0,0,0,0,0,0,0,0,0,0,0,0,0,0
804500,1,0,0,0,0,0,0,0,0,0,0,0,0,0,0,0,0,0
831215,1,0,1,0,0,0,0,0,0,0,0,1,0,0,0,0,0,0
821162,1,0,0,0,0,0,0,0,0,0,0,0,0,0,0,0,0,0
685883,1,0,0,0,0,0,0,0,0,0,0,0,0,0,0,0,0,0
541390,0,1,0,0,0,0,0,0,0,0,0,0,0,0,0,0,0,0
749381,1,0,0,0,0,0,0,0,0,0,0,0,0,0,0,0,0,0
794653,1,0,1,0,0,0,0,0,0,0,0,1,0,0,0,0,0,0
678552,0,0,0,0,0,0,0,0,0,0,0,0,0,0,0,0,0,0
759413,1,0,0,0,1,0,0,0,0,0,0,1,0,0,0,0,0,0
786653,1,0,1,0,0,0,0,0,0,0,0,1,0,0,0,0,0,0
808189,0,0,0,0,0,0,0,0,0,0,0,0,0,0,0,0,0,0
820087,1,0,0,0,0,0,0,0,0,0,0,0,0,0,0,0,0,0
657282,1,0,0,0,0,0,0,0,0,0,0,0,0,0,0,0,0,0
768784,0,0,0,0,0,0,0,1,0,0,0,0,0,0,0,0,0,0
833283,1,0,1,0,0,0,0,0,0,0,0,1,0,0,0,0,0,0
697898,1,0,0,0,0,0,0,0,0,0,0,0,0,0,0,0,0,0
821164,1,0,0,0,0,0,0,0,0,0,0,0,0,0,0,0,0,0
808819,1,0,0,0,0,0,0,0,0,0,0,0,0,0,0,0,0,0
751533,1,0,0,0,0,0,0,0,0,0,0,0,0,0,0,0,0,0
749390,1,0,0,0,0,0,0,0,0,0,0,0,0,0,0,0,0,0
673629,1,0,0,0,0,0,0,0,0,0,0,0,0,0,0,0,0,0
853969,1,0,0,0,0,0,0,0,0,0,0,0,0,0,0,0,0,0
603273,0,0,0,0,0,0,0,0,0,0,0,0,0,0,0,0,0,0
806326,1,0,0,0,0,0,0,0,0,0,0,0,0,0,0,0,0,0
811045,1,0,1,0,0,0,0,0,0,0,0,1,0,0,0,0,0,0
821165,1,0,0,0,0,0,0,0,0,0,0,0,0,0,0,0,0,0
692560,1,0,0,0,0,0,0,0,0,0,0,0,0,0,0,0,0,0
818986,0,0,0,0,0,0,0,0,0,0,0,0,0,0,0,0,0,0
863398,1,0,0,0,0,0,0,0,0,0,0,0,1,0,0,0,0,0
659387,1,0,0,0,0,0,0,0,0,0,0,0,0,0,0,0,0,0
781842,1,0,0,0,0,0,0,0,0,0,0,0,0,0,0,0,0,0
798440,0,1,0,0,0,0,0,0,0,0,0,0,0,0,0,0,0,0
835830,1,0,0,0,0,0,0,0,0,0,0,0,0,0,0,0,0,0
723824,1,0,0,0,0,0,0,0,0,0,0,0,0,0,0,0,0,0
773733,1,0,0,0,0,0,0,0,0,0,0,0,0,0,0,0,0,0
785006,1,0,1,0,0,0,0,0,0,0,0,1,0,0,0,0,0,0
821070,1,0,0,0,0,0,0,0,0,0,0,0,0,0,0,0,0,0
915407,1,0,0,0,0,0,0,0,0,0,0,0,0,0,0,0,0,0
818985,1,0,0,0,0,0,0,0,0,0,0,0,0,0,0,0,0,0
859967,1,0,1,0,0,0,0,0,0,0,0,1,0,0,0,0,0,0
834318,1,0,0,0,0,1,0,0,0,0,0,0,0,0,1,0,0,0
728746,0,0,0,0,0,0,0,0,0,0,0,0,0,0,0,0,0,0
751277,1,0,0,0,0,0,0,0,0,0,0,0,0,0,0,0,0,0
815592,1,0,0,0,0,0,0,0,0,0,0,0,0,0,0,0,0,0
790462,1,0,0,0,0,0,0,0,0,0,0,0,0,0,0,0,0,0
794715,1,0,0,0,0,0,0,0,0,0,0,0,0,0,0,0,0,0
553786,1,0,0,0,0,0,0,0,0,0,0,0,0,0,0,0,0,0
818192,0,0,1,0,0,0,0,0,0,0,0,0,0,0,0,0,0,0
674359,1,0,0,0,0,0,0,0,0,0,0,0,0,0,0,0,0,0
712247,1,0,0,0,0,0,0,0,0,0,0,0,0,0,0,0,0,0
735588,1,0,0,0,0,0,0,0,0,0,0,0,0,0,0,0,0,0
804503,1,0,0,0,0,0,0,0,0,0,0,0,0,0,0,0,0,0
671938,0,1,0,0,0,0,0,0,0,0,0,0,0,0,0,0,0,0
859986,0,1,0,0,0,0,0,0,0,0,0,0,0,0,0,0,0,0
723825,1,0,0,0,0,0,0,0,0,0,0,0,0,0,1,0,0,0
790463,1,0,0,0,0,0,0,0,0,0,0,0,0,0,0,0,0,0
860039,1,0,0,0,0,0,0,0,0,0,0,0,0,0,0,0,0,0
745852,1,0,1,0,0,0,0,0,0,0,0,1,0,0,0,0,0,0
804499,1,0,0,0,0,0,0,0,0,0,0,0,0,0,0,0,0,0
812345,1,0,0,0,0,0,0,0,0,0,0,0,0,0,0,0,0,0
543905,0,1,0,0,0,0,0,0,0,0,0,0,0,0,0,0,0,0
668824,1,0,0,0,0,0,0,0,0,0,0,0,0,0,0,0,0,0
839250,1,0,0,0,0,0,0,0,0,0,0,0,0,1,0,0,0,0
527527,1,0,0,0,0,0,0,0,0,0,0,0,0,0,1,0,0,0
721699,1,0,0,0,0,0,0,0,0,0,0,0,0,0,0,0,0,0
708227,1,0,0,0,0,0,0,0,0,0,0,0,0,0,0,0,0,0
720119,1,0,0,0,0,0,0,0,0,0,0,0,0,0,0,0,0,0
800599,0,1,0,0,0,0,0,0,0,0,0,0,0,0,0,0,0,0
680530,0,1,0,0,0,0,0,0,0,0,0,0,0,0,0,0,0,0
516873,1,0,1,0,0,0,0,0,0,0,0,1,0,0,0,0,0,0
731827,1,0,1,0,0,0,0,0,0,0,0,1,0,0,0,0,0,0
832732,1,0,0,0,0,0,0,0,0,0,0,0,0,0,0,0,0,0
539023,0,0,0,0,0,0,0,0,0,0,0,0,0,0,0,0,0,0
670218,1,0,0,0,0,0,0,0,0,0,0,0,0,0,0,0,0,0
746796,1,0,0,0,0,0,0,0,0,0,0,0,0,0,0,0,0,0
707192,0,1,0,0,0,0,0,0,0,0,0,0,0,0,0,0,0,0
568312,1,0,0,0,0,0,0,0,0,0,0,0,0,0,0,0,0,0
674360,1,0,0,0,0,0,0,0,0,0,0,0,0,0,0,0,0,0
811046,1,0,0,0,0,0,0,0,0,0,0,0,0,0,0,0,0,0
769806,1,0,0,0,0,0,0,0,0,0,0,0,0,0,0,0,0,0
851912,1,0,0,0,0,0,0,0,0,0,0,0,0,0,0,0,0,0
806073,1,0,0,0,0,0,0,0,0,0,0,0,0,0,0,0,0,0
814350,1,0,0,0,0,0,0,0,0,0,0,0,0,0,0,0,0,0
681344,1,0,0,0,0,0,0,0,0,0,0,0,0,0,0,0,0,0
814338,1,0,0,0,0,0,0,0,0,0,0,0,0,0,0,0,0,0
703181,1,0,0,0,0,0,0,0,0,0,0,0,0,0,0,0,0,0
728752,1,0,0,0,0,0,0,0,0,0,0,0,0,0,0,0,0,0
780222,0,1,0,0,0,0,0,0,0,0,0,0,0,0,0,0,0,0
641006,1,0,1,0,0,0,0,0,0,0,0,1,0,0,0,0,0,0
802698,1,0,0,0,0,0,0,0,0,0,0,0,0,0,0,0,0,0
721594,1,0,0,0,0,0,0,0,0,0,0,0,1,0,0,0,0,0
620447,1,0,0,0,0,0,0,0,0,0,0,0,0,0,0,0,0,0
542051,1,0,1,0,0,0,0,0,0,0,0,1,0,0,0,0,0,0
720118,1,0,0,0,0,0,0,0,0,0,0,0,0,0,0,0,0,0
839933,1,0,0,0,0,0,0,0,0,0,0,0,0,0,0,0,0,0
841461,1,0,0,0,0,0,0,0,0,0,0,0,0,0,0,0,0,0
758749,0,0,0,0,0,0,0,1,0,0,0,0,0,0,0,0,0,0
810027,1,0,0,0,0,0,0,0,0,0,0,0,0,0,0,0,0,0
824491,1,0,0,0,0,0,0,0,0,0,0,0,0,0,0,0,0,0
526160,1,0,1,0,0,0,0,0,0,0,0,1,0,0,0,0,0,0
802813,1,0,0,0,0,0,0,0,0,0,0,0,0,0,0,0,0,0
828277,1,0,0,0,0,0,0,0,0,0,0,0,0,0,0,0,0,0
503452,1,0,1,0,0,0,0,0,0,0,0,1,0,0,0,0,0,0
573176,0,1,0,0,0,0,0,0,0,0,0,0,0,0,0,0,0,0
802759,1,0,1,0,0,0,0,0,0,0,0,1,0,0,0,0,0,0
814336,1,0,0,0,0,0,0,0,0,0,0,0,0,0,0,0,0,0
826388,1,0,1,0,0,0,0,0,0,0,0,1,0,0,0,0,0,0
686767,1,0,1,0,0,0,0,0,0,0,0,1,0,0,0,0,0,0
751528,1,0,1,0,0,0,0,0,0,0,0,1,0,0,0,0,0,0
707187,1,0,0,0,0,0,0,0,0,0,0,0,0,0,0,0,0,0
811048,1,0,0,0,0,0,0,0,0,0,0,0,0,0,0,0,0,0
804498,1,0,0,0,0,0,0,0,0,0,0,0,0,0,0,0,0,0
815590,0,0,0,0,0,0,0,1,0,0,0,0,0,0,0,0,0,0
680526,0,0,0,0,0,0,0,1,0,0,0,0,0,0,0,0,0,0
683162,0,0,0,0,0,0,0,0,0,0,0,0,0,0,0,0,0,0
752170,1,0,0,0,0,0,0,0,0,0,0,0,0,0,0,0,0,0
735122,0,1,0,0,0,0,0,0,0,0,0,0,0,0,0,0,0,0
709076,0,1,0,0,0,0,0,0,0,0,0,0,0,0,0,1,0,0
841381,1,0,0,0,0,0,0,0,0,0,0,0,0,0,0,0,0,0
699766,1,0,0,0,0,0,0,0,0,0,0,0,0,0,0,0,0,0
780210,1,0,0,0,0,0,0,0,0,0,0,0,0,0,0,0,0,0
839263,1,0,0,0,0,0,0,0,0,0,0,0,0,0,0,0,0,0
788281,1,0,0,0,0,0,0,0,0,0,0,0,0,0,0,0,0,0
660433,1,0,0,0,0,0,0,0,0,0,0,0,0,0,0,0,0,0
832733,0,0,0,0,0,0,0,1,0,0,0,0,0,0,0,0,0,0
745853,1,0,0,0,0,0,0,0,0,0,0,0,0,0,0,0,0,0
823471,1,0,1,0,0,0,0,0,0,0,0,1,0,0,0,0,0,0
773645,0,0,0,0,0,0,0,0,0,0,1,0,0,0,0,0,0,0
675733,1,0,0,0,0,0,0,0,0,0,0,0,0,0,0,0,0,0
751281,1,0,0,0,0,0,0,0,0,0,0,0,0,0,0,0,0,0
538442,1,0,1,0,0,0,0,0,0,0,0,1,0,0,0,0,0,0
749384,0,0,0,0,0,0,0,0,0,0,0,0,0,0,0,0,0,0
568393,1,0,0,0,0,0,0,0,0,0,0,1,0,0,0,0,0,0
740077,1,0,0,0,0,0,0,0,0,0,0,0,0,0,0,0,0,0
511657,0,1,0,0,0,0,0,0,0,0,0,0,0,0,0,0,0,0
510184,1,0,0,0,0,0,0,0,0,0,0,0,0,0,0,0,0,0
735872,1,0,0,0,0,0,0,0,0,0,0,0,0,0,0,0,0,0
747854,1,0,0,0,0,0,0,0,0,0,0,0,0,0,0,0,0,0
823529,1,0,0,0,0,0,0,0,0,0,0,0,0,0,0,0,0,0
818979,1,0,0,0,0,0,0,0,0,0,0,0,0,0,0,0,0,0
808872,1,0,1,0,0,0,0,0,0,0,0,1,0,0,0,0,0,0
621381,1,0,1,0,0,0,0,0,0,0,0,1,0,0,0,0,0,0
323080,1,0,0,0,0,0,0,0,0,0,0,0,0,0,0,0,0,0
841382,1,0,0,0,0,1,0,0,0,0,0,0,0,0,0,0,0,0
728773,1,0,0,0,0,0,0,0,0,0,0,0,0,0,0,0,0,0
850031,0,1,0,0,0,0,0,0,0,0,0,0,0,0,0,0,0,0
720116,0,0,0,0,0,0,0,1,0,0,0,0,0,0,0,0,0,0
712528,1,0,0,0,0,0,0,0,0,0,0,0,0,0,0,0,0,0
730777,1,0,0,0,0,0,0,0,0,0,0,0,0,0,0,0,0,0
674361,1,0,1,0,0,0,0,0,0,0,0,1,0,0,0,0,0,0
720113,1,0,0,0,0,0,0,0,0,0,0,0,0,0,0,0,0,0
520489,1,0,0,0,0,0,0,0,0,0,0,0,0,0,0,0,0,0
785009,1,0,0,0,0,0,0,0,0,0,0,0,0,0,0,0,0,0
861122,1,0,0,0,0,0,0,0,0,0,1,0,0,0,0,0,0,0
814923,0,0,0,0,0,0,0,0,1,0,0,0,0,0,0,0,0,0
827034,0,0,0,0,0,0,0,1,0,0,0,0,0,0,0,0,0,0
688984,1,0,1,0,0,0,0,0,0,0,0,1,0,0,0,0,0,0
613095,1,0,0,0,0,0,0,0,0,0,0,0,0,0,0,0,0,0
735874,1,0,0,0,0,0,0,0,0,0,0,0,0,0,0,0,0,0
735089,1,0,0,0,0,0,0,0,0,0,0,0,1,0,0,0,0,0
18NP_318,1,0,0,0,0,0,0,0,0,0,0,0,0,0,0,0,0,0
2019,0,0,0,0,1,0,0,0,0,0,0,0,0,0,0,0,0,1
1997,0,0,0,0,1,0,0,0,0,0,0,0,0,0,0,0,0,1
2004,0,0,0,0,1,0,0,0,0,0,0,0,0,0,0,0,0,1
UJ19A,0,0,0,0,0,0,0,0,0,0,0,0,0,0,0,0,0,0
ST1718G,0,0,0,0,0,0,0,0,0,0,0,0,0,0,0,0,0,0
ST7833G,0,0,0,0,0,0,0,0,0,0,0,0,0,0,0,0,0,0
UJ6G,0,0,0,0,0,0,0,0,0,0,0,0,0,0,0,0,0,0
TS850A,0,0,0,0,0,0,0,0,0,0,0,0,0,0,0,0,0,0
ST17056A,0,0,0,0,0,0,0,0,0,0,0,0,0,0,0,0,0,0
ST18820A,0,0,0,0,0,0,0,0,0,0,0,0,0,0,0,0,0,0
ST18652A,0,0,0,0,0,0,0,0,0,0,0,0,0,0,0,0,0,0
UJ212G,0,0,0,0,0,0,0,0,0,0,0,0,0,0,0,0,0,0
UJ212A,0,0,0,0,0,0,0,0,0,0,0,0,0,0,0,0,0,0
ST17056G,0,0,0,0,0,0,0,0,0,0,0,0,0,0,0,0,0,0
TS185A,0,0,0,0,0,0,0,0,0,0,0,0,0,0,0,0,0,0
UJ6A,0,0,0,0,0,0,0,0,0,0,0,0,0,0,0,0,0,0
ST13008G,0,0,0,0,0,0,0,0,0,0,0,0,0,0,0,0,0,0
YB352,0,0,0,0,0,0,0,0,0,0,0,0,0,0,0,0,0,0
TS797A,0,0,0,0,0,0,0,0,0,0,0,0,0,0,0,0,0,0
TS285A,0,0,0,0,0,0,0,0,0,0,0,0,0,0,0,0,0,0
ST64G,0,0,0,0,0,0,0,0,0,0,0,0,0,0,0,0,0,0
TS28A,0,0,0,0,0,0,0,0,0,0,0,0,0,0,0,0,0,0
ST17566A,0,0,0,0,0,0,0,0,0,0,0,0,0,0,0,0,0,0
ST10097A,0,0,0,0,0,0,0,0,0,0,0,0,0,0,0,0,0,0
ST10373G,0,0,0,0,0,0,0,0,0,0,0,0,0,0,0,0,0,0
UJ409A,0,0,0,0,0,0,0,0,0,0,0,0,0,0,0,0,0,0
ST19024A,0,0,0,0,0,0,0,0,0,0,0,0,0,0,0,0,0,0
UJ208A,0,0,0,0,0,0,0,0,0,0,0,0,0,0,0,0,0,0
UJ185G,0,0,0,0,0,0,0,0,0,0,0,0,0,0,0,0,0,0
ST15034G,0,0,0,0,0,0,0,0,0,0,0,0,0,0,0,0,0,0
ST16451G,0,0,0,0,0,0,0,0,0,0,0,0,0,0,0,0,0,0
ST2288A,0,0,0,0,0,0,0,0,0,0,0,0,0,0,0,0,0,0
ST3933G,0,0,0,0,0,0,0,0,0,0,0,0,0,0,0,0,0,0
YB559,0,0,0,0,0,0,0,0,0,0,0,0,0,0,0,0,0,0
UJ185A,0,0,0,0,0,0,0,0,0,0,0,0,0,0,0,0,0,0
TS876A,0,0,0,0,0,0,0,0,0,0,0,0,0,0,0,0,0,0
UJ5G,0,0,0,0,0,0,0,0,0,0,0,0,0,0,0,0,0,0
UJ164A,0,0,0,0,0,0,0,0,0,0,0,0,0,0,0,0,0,0
ST19027G,0,0,0,0,0,0,0,0,0,0,0,0,0,0,0,0,0,0
ST16015G,0,0,0,0,0,0,0,0,0,0,0,0,0,0,0,0,0,0
YB611,0,0,0,0,0,0,0,0,0,0,0,0,0,0,0,0,0,0
ST11789A,0,0,0,0,0,0,0,0,0,0,0,0,0,0,0,0,0,0
ST76A,0,0,0,0,0,0,0,0,0,0,0,0,0,0,0,0,0,0
YB366,0,0,0,0,0,0,0,0,0,0,0,0,0,0,0,0,0,0
BKQMKT,0,0,0,0,0,0,0,0,0,0,0,0,0,0,0,0,0,0
BHADIG,0,0,0,0,0,0,0,0,0,0,0,0,0,0,0,0,0,0
BHAEQ8,0,0,0,0,0,0,0,0,0,0,0,0,0,0,0,0,0,0
BKQPWL,0,0,0,0,0,0,0,0,0,0,0,0,0,0,0,0,0,0
BKQK3B,0,0,0,0,0,0,0,0,0,0,0,0,0,0,0,0,0,0
BKQLG3,0,0,0,0,0,0,0,0,0,0,0,0,0,0,0,0,0,0
BKQI43,0,0,0,0,0,0,0,0,0,0,0,0,0,0,0,0,0,0
BKQPRE,0,0,0,0,0,0,0,0,0,0,0,0,0,0,0,0,0,0
BKQKH4,0,0,0,0,0,0,0,0,0,0,0,0,0,0,0,0,0,0
BKQJBG,1,0,0,0,0,0,0,0,0,0,0,0,0,0,0,0,0,0
BKQTEC,0,0,0,0,0,0,0,0,0,0,0,0,0,0,0,0,0,0
BKQLXU,0,0,0,0,0,0,0,0,0,0,0,0,0,0,0,0,0,0
BKQM3W,0,0,0,0,0,0,0,0,0,0,0,0,0,0,0,0,0,0
BKQLU0,0,0,0,0,0,0,0,0,0,0,0,0,0,0,0,0,0,0
BKQVCF,0,0,0,0,0,0,0,0,0,0,0,0,0,0,0,0,0,0
BUV1CB,0,0,0,0,0,0,0,0,0,0,0,0,0,0,0,0,0,0
BKQTB3,0,0,0,0,0,0,0,0,0,0,0,0,0,0,0,0,0,0
BKQJ29,0,0,0,0,0,0,0,0,0,0,0,0,0,0,0,0,0,0
BHAEPR,0,0,0,0,0,0,0,0,0,0,0,0,0,0,0,0,0,0
BKQRVB,0,0,0,0,0,0,0,0,0,0,0,0,0,0,0,0,0,0
BHAEG1,0,0,0,0,0,0,0,0,0,0,0,0,0,0,0,0,0,0
BKQTHU,0,0,0,0,0,0,0,0,0,0,0,0,0,0,0,0,0,0
BKQTBX,0,0,0,0,0,0,0,0,0,0,0,0,0,0,0,0,0,0
BHADQ1,0,0,0,0,0,0,0,0,0,0,0,0,0,0,0,0,0,0
BKQJA2,0,0,0,0,0,0,0,0,0,0,0,0,0,0,0,0,0,0
BKQL3T,0,0,0,0,0,0,0,0,0,0,0,0,0,0,0,0,0,0
BHAF8A,0,0,0,0,0,0,0,0,0,0,0,0,0,0,0,0,0,0
BVJ14U,0,0,0,0,0,0,0,0,0,0,0,0,0,0,0,0,0,0
BKQKC9,0,0,0,0,0,0,0,0,0,0,0,0,0,0,0,0,0,0
BKQJ4I,0,0,0,0,0,0,0,0,0,0,0,0,0,0,0,0,0,0
BKQJH5,0,0,0,0,0,0,0,0,0,0,0,0,0,0,0,0,0,0
BHAFRN,0,0,0,0,0,0,0,0,0,0,0,0,0,0,0,0,0,0
BKQPIJ,0,0,0,0,0,0,0,0,0,0,0,0,0,0,0,0,0,0
BHAESY,0,0,0,0,0,0,0,0,0,0,0,0,0,0,0,0,0,0
BHAFFS,0,0,0,0,0,0,0,0,0,0,0,0,0,0,0,0,0,0
BHAEHJ,0,0,0,0,0,0,0,0,0,0,0,0,0,0,0,0,0,0
BKQR2I,0,0,0,0,0,0,0,0,0,0,0,0,0,0,0,0,0,0
BKQQQF,0,0,0,0,0,0,0,0,0,0,0,0,0,0,0,0,0,0
BKQLVR,0,0,0,0,0,0,0,0,0,0,0,0,0,0,0,0,0,0
BKQLJQ,0,0,0,0,0,0,0,0,0,0,0,0,0,0,0,0,0,0
BKQJJQ,0,0,0,0,0,0,0,0,0,0,0,0,0,0,0,0,0,0
BKQNEP,0,0,0,0,0,0,0,0,0,0,0,0,0,0,0,0,0,0
BHAE20,0,0,0,0,0,0,0,0,0,0,0,0,0,0,0,0,0,0
BKQKM3,0,0,0,0,0,0,0,0,0,0,0,0,0,0,0,0,0,0
BKQMJR,0,0,0,0,0,0,0,0,0,0,0,0,0,0,0,0,0,0
BKQTM6,0,0,0,0,0,0,0,0,0,0,0,0,0,0,0,0,0,0
BKQMG9,0,0,0,0,0,0,0,1,0,0,0,0,0,0,0,0,0,0
BKQQ8X,0,0,0,0,0,0,0,0,0,0,0,0,0,0,0,0,0,0
BKQRRP,0,0,0,0,0,0,0,0,0,0,0,0,0,0,0,0,0,0
BHAGRF,0,0,0,0,0,0,0,0,0,0,0,0,0,0,0,0,0,0
BHAEKG,0,0,0,0,0,0,0,0,0,0,0,0,0,0,0,0,0,0
BHAF2E,0,0,0,0,0,0,0,0,0,0,0,0,0,0,0,0,0,0
BHAFEY,0,0,0,0,0,0,0,0,0,0,0,0,0,0,0,0,0,0
BKQNFB,0,0,0,0,0,0,0,0,0,0,0,0,0,0,0,0,0,0
BKQQ4E,0,0,0,0,0,0,0,0,0,0,0,0,0,0,0,0,0,0
BHAGGZ,0,0,0,0,0,0,0,0,0,0,0,0,0,0,0,0,0,0
BKQJH9,0,0,0,0,0,0,0,0,0,0,0,0,0,0,0,0,0,0
BKQK8E,0,0,0,0,0,0,0,0,0,0,0,0,0,0,0,0,0,0
BKQK38,0,0,0,0,0,0,0,0,0,0,0,0,0,0,0,0,0,0
BKQKBS,0,0,0,0,0,0,0,0,0,0,0,0,0,0,0,0,0,0
BHAF6A,0,0,0,0,0,0,0,0,0,0,0,0,0,0,0,0,0,0
BKQQ8F,0,0,0,0,0,0,0,0,0,0,0,0,0,0,0,0,0,0
BHADDR,0,0,0,0,0,0,0,0,0,0,0,0,0,0,0,0,0,0
BKQT77,0,0,0,0,0,0,0,0,0,0,0,0,0,0,0,0,0,0
BKQPU8,0,0,0,0,0,0,0,0,0,0,0,0,0,0,0,0,0,0
BKQKSK,0,0,0,0,0,0,0,0,0,0,0,0,0,0,0,0,0,0
BKQMME,0,0,0,0,0,0,0,0,0,0,0,0,0,0,0,0,0,0
BKQS0J,0,0,0,0,0,0,0,0,0,0,0,0,0,0,0,0,0,0
BKQRK2,0,0,0,0,0,0,0,0,0,0,0,0,0,0,0,0,0,0
BHACBB,0,0,0,0,0,0,0,0,0,0,0,0,0,0,0,0,0,0
BKQTZV,0,0,0,0,0,0,0,0,0,0,0,0,0,0,0,0,0,0
BKQN6F,0,0,0,0,0,0,0,0,0,0,0,0,0,0,0,0,0,0
BHAEET,0,0,0,0,0,0,0,0,0,0,0,0,0,0,0,0,0,0
BKQKZ7,0,0,0,0,0,0,0,0,0,0,0,0,0,0,0,0,0,0
BHAF30,0,0,0,0,0,0,0,0,0,0,0,0,0,0,0,0,0,0
BHACGW,0,0,0,0,0,0,0,0,0,0,0,0,0,0,0,0,0,0
BHADHE,0,0,0,0,0,0,0,0,0,0,0,0,0,0,0,0,0,0
BHACQ6,0,0,0,0,0,0,0,0,0,0,0,0,0,0,0,0,0,0
BKQMQU,0,0,0,0,0,0,0,0,0,0,0,0,0,0,0,0,0,0
BKQQ1Y,0,0,0,0,0,0,0,0,0,0,0,0,0,0,0,0,0,0
BKQPCB,0,0,0,0,0,0,0,0,0,0,0,0,0,0,0,0,0,0
BKQKKD,0,0,0,0,0,0,0,0,0,0,0,0,0,0,0,0,0,0
BKQU3X,0,0,0,0,0,0,0,0,0,0,0,0,0,0,0,0,0,0
BKQNDX,0,0,0,0,0,0,0,0,0,0,0,0,0,0,0,0,0,0
BKQRTR,0,0,0,0,0,0,0,0,0,0,0,0,0,0,0,0,0,0
BHAGHP,0,0,0,0,0,0,0,0,0,0,0,0,0,0,0,0,0,0
BKQL04,0,0,0,0,0,0,0,0,0,0,0,0,0,0,0,0,0,0
BKQNBY,0,0,0,0,0,0,0,0,0,0,0,0,0,0,0,0,0,0
BKQRKE,0,0,0,0,0,0,0,0,0,0,0,0,0,0,0,0,0,0
BHADBD,0,0,0,0,0,0,0,0,0,0,0,0,0,0,0,0,0,0
BHAC8H,0,0,0,0,0,0,0,0,0,0,0,0,0,0,0,0,0,0
BHAC8C,0,0,0,0,0,0,0,0,0,0,0,0,0,0,0,0,0,0
BKQU0B,0,0,0,0,0,0,0,0,0,0,0,0,0,0,0,0,0,0
BKQLG6,0,0,0,0,0,0,0,0,0,0,0,0,0,0,0,0,0,0
BKQIZ3,0,0,0,0,0,0,0,0,0,0,0,0,0,0,0,0,0,0
BKQQPG,0,0,0,0,0,0,0,0,0,0,0,0,0,0,0,0,0,0
BKQR7C,0,0,0,0,0,0,0,0,0,0,0,0,0,0,0,0,0,0
BKQK9W,0,0,0,0,0,0,0,0,0,0,0,0,0,0,0,0,0,0
BKQKM1,0,0,0,0,0,0,0,0,0,0,0,0,0,0,0,0,0,0
BHAEB1,0,0,0,0,0,0,0,0,0,0,0,0,0,0,0,0,0,0
BKQU19,0,0,0,0,0,0,0,0,0,0,0,0,0,0,0,0,0,0
BKQMKY,0,0,0,0,0,0,0,0,0,0,0,0,0,0,0,0,0,0
BKQQYB,0,0,0,0,0,0,0,0,0,0,0,0,0,0,0,0,0,0
BKQJAY,0,0,0,0,0,0,0,0,0,0,0,0,0,0,0,0,0,0
BKQIQ7,0,0,0,0,0,0,0,0,0,0,0,0,0,0,0,0,0,0
BHAD8D,0,0,0,0,0,0,0,0,0,0,0,0,0,0,0,0,0,0
BKQLK9,0,0,0,0,0,0,0,0,0,0,0,0,0,0,0,0,0,0
BKQNTP,0,0,0,0,0,0,0,0,0,0,0,0,0,0,0,0,0,0
BKQJQ9,0,0,0,0,0,0,0,0,0,0,0,0,0,0,0,0,0,0
BKQTCC,0,0,0,0,0,0,0,0,0,0,0,0,0,0,0,0,0,0
BHAEMP,0,0,0,0,0,0,0,0,0,0,0,0,0,0,0,0,0,0
BKQHLW,0,0,0,0,0,0,0,0,0,0,0,0,0,0,0,0,0,0
BKQKW8,0,0,0,0,0,0,0,0,0,0,0,0,0,0,0,0,0,0
BHAEIJ,0,0,0,0,0,0,0,0,0,0,0,0,0,0,0,0,0,0
BHAEDM,0,0,0,0,0,0,0,0,0,0,0,0,0,0,0,0,0,0
BHADFC,0,0,0,0,0,0,0,0,0,0,0,0,0,0,0,0,0,0
BKQN7E,0,0,0,0,0,0,0,0,0,0,0,0,0,0,0,0,0,0
BHAEF6,0,0,0,0,0,0,0,0,0,0,0,0,0,0,0,0,0,0
BKQM0F,0,0,0,0,0,0,0,0,0,0,0,0,0,0,0,0,0,0
BHAEPI,0,0,0,0,0,0,0,0,0,0,0,0,0,0,0,0,0,0
BKQLPR,0,0,0,0,0,0,0,0,0,0,0,0,0,0,0,0,0,0
BHACYS,0,0,0,0,0,0,0,0,0,0,0,0,0,0,0,0,0,0
BKQMCE,0,0,0,0,0,0,0,0,0,0,0,0,0,0,0,0,0,0
BHAELB,0,0,0,0,0,0,0,0,0,0,0,0,0,0,0,0,0,0
BKQIPF,0,0,0,0,0,0,0,0,0,0,0,0,0,0,0,0,0,0
BHAD7S,0,0,0,0,0,0,0,0,0,0,0,0,0,0,0,0,0,0
BKQN9J,0,0,0,0,0,0,0,0,0,0,0,0,0,0,0,0,0,0
BHACIH,0,0,0,0,0,0,0,0,0,0,0,0,0,0,0,0,0,0
BKQKJC,0,0,0,0,0,0,0,0,0,0,0,0,0,0,0,0,0,0
BKQK2L,1,0,0,0,0,0,0,0,0,0,0,0,0,0,0,0,0,0
BKQJZT,0,0,0,0,0,0,0,0,0,0,0,0,0,0,0,0,0,0
BKQPX1,0,0,0,0,0,0,0,0,0,0,0,0,0,0,0,0,0,0
BHAEUN,0,0,0,0,0,0,0,0,0,0,0,0,0,0,0,0,0,0
BHAF3M,0,0,0,0,0,0,0,0,0,0,0,0,0,0,0,0,0,0
BKQJD6,0,0,0,0,0,0,0,0,0,0,0,0,0,0,0,0,0,0
BHADPK,0,0,0,0,0,0,0,0,0,0,0,0,0,0,0,0,0,0
BKQIGU,0,0,0,0,0,0,0,0,0,0,0,0,0,0,0,0,0,0
BHADX1,0,0,0,0,0,0,0,0,0,0,0,0,0,0,0,0,0,0
BKQNI9,0,0,0,0,0,0,0,0,0,0,0,0,0,0,0,0,0,0
BHAEMQ,0,0,0,0,0,0,0,0,0,0,0,0,0,0,0,0,0,0
BHACK9,0,0,0,0,0,0,0,0,0,0,0,0,0,0,0,0,0,0
BKQIEN,0,0,0,0,0,0,0,0,0,0,0,0,0,0,0,0,0,0
BKQJM0,0,0,0,0,0,0,0,0,0,0,0,0,0,0,0,0,0,0
BHAEWA,0,0,0,0,0,0,0,0,0,0,0,0,0,0,0,0,0,0
BKQQX4,0,0,0,0,0,0,0,0,0,0,0,0,0,0,0,0,0,0
BKQLFF,0,0,0,0,0,0,0,0,0,0,0,0,0,0,0,0,0,0
BKQPF0,0,0,0,0,0,0,0,0,0,0,0,0,0,0,0,0,0,0
BKQLYV,0,0,0,0,0,0,0,0,0,0,0,0,0,0,0,0,0,0
BKQNAJ,0,0,0,0,0,0,0,0,0,0,0,0,0,0,0,0,0,0
BKQQ6A,0,0,0,0,0,0,0,0,0,0,0,0,0,0,0,0,0,0
BHACVD,0,0,0,0,0,0,0,0,0,0,0,0,0,0,0,0,0,0
BKQJRA,0,0,0,0,0,0,0,0,0,0,0,0,0,0,0,0,0,0
BKQR8G,0,0,0,0,0,0,0,0,0,0,0,0,0,0,0,0,0,0
BKQP3Q,0,0,0,0,0,0,0,0,0,0,0,0,0,0,0,0,0,0
BHACY5,0,0,0,0,0,0,0,0,0,0,0,0,0,0,0,0,0,0
BKQI7Q,0,0,0,0,0,0,0,0,0,0,0,0,0,0,0,0,0,0
BKQLEY,0,0,0,0,0,0,0,0,0,0,0,0,0,0,0,0,0,0
BKQKZI,0,0,0,0,0,0,0,0,0,0,0,0,0,0,0,0,0,0
BKQKMH,0,0,0,0,0,0,0,0,0,0,0,0,0,0,0,0,0,0
BKQPF2,0,0,0,0,0,0,0,0,0,0,0,0,0,0,0,0,0,0
BKQP41,0,0,0,0,0,0,0,0,0,0,0,0,0,0,0,0,0,0
BKQKM0,0,0,0,0,0,0,0,0,0,0,0,0,0,0,0,0,0,0
BKQK4E,0,0,0,0,0,0,0,0,0,0,0,0,0,0,0,0,0,0
BKQS45,0,0,0,0,0,0,0,0,0,0,0,0,0,0,0,0,0,0
BHAFAR,0,0,0,0,0,0,0,0,0,0,0,0,0,0,0,0,0,0
BKQTCY,0,0,0,0,0,0,0,0,0,0,0,0,0,0,0,0,0,0
BHAERK,0,0,0,0,0,0,0,0,0,0,0,0,0,0,0,0,0,0
BKQIFG,0,0,0,0,0,0,0,0,0,0,0,0,0,0,0,0,0,0
BHAFEI,0,0,0,0,0,0,0,0,0,0,0,0,0,0,0,0,0,0
BKQRHE,0,0,0,0,0,0,0,0,0,0,0,0,0,0,0,0,0,0
BKQIZ7,0,0,0,0,0,0,0,0,0,0,0,0,0,0,0,0,0,0
BKQJE5,0,0,0,0,0,0,0,0,0,0,0,0,0,0,0,0,0,0
BKQMFV,0,0,0,0,0,0,0,0,0,0,0,0,0,0,0,0,0,0
BKQR6U,0,0,0,0,0,0,0,0,0,0,0,0,0,0,0,0,0,0
BHAF7U,0,0,0,0,0,0,0,0,0,0,0,0,0,0,0,0,0,0
BKQVCA,0,0,0,0,0,0,0,0,0,0,0,0,0,0,0,0,0,0
BKQKAV,0,0,0,0,0,0,0,0,0,0,0,0,0,0,0,0,0,0
BHAC6H,0,0,0,0,0,0,0,0,0,0,0,0,0,0,0,0,0,0
BKQQR5,0,0,0,0,0,0,0,0,0,0,0,0,0,0,0,0,0,0
BKQQR3,0,0,0,0,0,0,0,0,0,0,0,0,0,0,0,0,0,0
BKQT8S,0,0,0,0,0,0,0,0,0,0,0,0,0,0,0,0,0,0
BKQKSA,0,0,0,0,0,0,0,0,0,0,0,0,0,0,0,0,0,0
BKQKY5,0,0,0,0,0,0,0,0,0,0,0,0,0,0,0,0,0,0
BKQTE9,0,0,0,0,0,0,0,0,0,0,0,0,0,0,0,0,0,0
BKQRTY,0,0,0,0,0,0,0,0,0,0,0,0,0,0,0,0,0,0
BKQKRS,0,0,0,0,0,0,0,0,0,0,0,0,0,0,0,0,0,0
BKQL5N,0,0,0,0,0,0,0,0,0,0,0,0,0,0,0,0,0,0
BKQU02,0,0,0,0,0,0,0,0,0,0,0,0,0,0,0,0,0,0
BHAFKZ,0,0,0,0,0,0,0,0,0,0,0,0,0,0,0,0,0,0
BHAE40,0,0,0,0,0,0,0,0,0,0,0,0,0,0,0,0,0,0
BHACVB,0,0,0,0,0,0,0,0,0,0,0,0,0,0,0,0,0,0
BHACVF,0,0,0,0,0,0,0,0,0,0,0,0,0,0,0,0,0,0
BKQTFJ,0,0,0,0,0,0,0,0,0,0,0,0,0,0,0,0,0,0
BHADS5,0,0,0,0,0,0,0,0,0,0,0,0,0,0,0,0,0,0
BKQIM9,0,0,0,0,0,0,0,0,0,0,0,0,0,0,0,0,0,0
BHADXM,0,0,0,0,0,0,0,0,0,0,0,0,0,0,0,0,0,0
BHAF77,0,0,0,0,0,0,0,0,0,0,0,0,0,0,0,0,0,0
BHADGF,0,0,0,0,0,0,0,0,0,0,0,0,0,0,0,0,0,0
BKQR31,0,0,0,0,0,0,0,0,0,0,0,0,0,0,0,0,0,0
BHAFDP,0,0,0,0,0,0,0,0,0,0,0,0,0,0,0,0,0,0
BHAFLR,0,0,0,0,0,0,0,0,0,0,0,0,0,0,0,0,0,0
BKQKYN,0,0,0,0,0,0,0,0,0,0,0,0,0,0,0,0,0,0
BHAD4E,0,0,0,0,0,0,0,0,0,0,0,0,0,0,0,0,0,0
BKQIZG,0,0,0,0,0,0,0,0,0,0,0,0,0,0,0,0,0,0
BHAC7P,0,0,0,0,0,0,0,0,0,0,0,0,0,0,0,0,0,0
BKQILX,0,0,0,0,0,0,0,0,0,0,0,0,0,0,0,0,0,0
BHAEFY,0,0,0,0,0,0,0,0,0,0,0,0,0,0,0,0,0,0
BKQKA6,0,0,0,0,0,0,0,0,0,0,0,0,0,0,0,0,0,0
BKQS5K,0,0,0,0,0,0,0,0,0,0,0,0,0,0,0,0,0,0
BHAE1S,0,0,0,0,0,0,0,0,0,0,0,0,0,0,0,0,0,0
BKQHLD,0,0,0,0,0,0,0,0,0,0,0,0,0,0,0,0,0,0
BKQJTG,0,0,0,0,0,0,0,0,0,0,0,0,0,0,0,0,0,0
BKQQS8,0,0,0,0,0,0,0,0,0,0,0,0,0,0,0,0,0,0
BKQJLX,0,0,0,0,0,0,0,0,0,0,0,0,0,0,0,0,0,0
BKQRDD,0,0,0,0,0,0,0,0,0,0,0,0,0,0,0,0,0,0
BKQMFQ,0,0,0,0,0,0,0,0,0,0,0,0,0,0,0,0,0,0
BKQIW3,0,0,0,0,0,0,0,0,0,0,0,0,0,0,0,0,0,0
BKQMXD,0,0,0,0,0,0,0,0,0,0,0,0,0,0,0,0,0,0
BKQR4J,0,0,0,0,0,0,0,0,0,0,0,0,0,0,0,0,0,0
BKQU74,0,0,0,0,0,0,0,0,0,0,0,0,0,0,0,0,0,0
BHAEMN,0,0,0,0,0,0,0,0,0,0,0,0,0,0,0,0,0,0
BKQKSM,0,0,0,0,0,0,0,0,0,0,0,0,0,0,0,0,0,0
BKQMK4,0,0,0,0,0,0,0,0,0,0,0,0,0,0,0,0,0,0
BHAF8C,0,0,0,0,0,0,0,0,0,0,0,0,0,0,0,0,0,0
BKQM4S,0,0,0,0,0,0,0,0,0,0,0,0,0,0,0,0,0,0
BKQKRT,0,0,0,0,0,0,0,0,0,0,0,0,0,0,0,0,0,0
BKQLYW,0,0,0,0,0,0,0,0,0,0,0,0,0,0,0,0,0,0
BKQTAY,0,0,0,0,0,0,0,0,0,0,0,0,0,0,0,0,0,0
BKQJY1,0,0,0,0,0,0,0,0,0,0,0,0,0,0,0,0,0,0
BKQMCC,0,0,0,0,0,0,0,0,0,0,0,0,0,0,0,0,0,0
BKQMVB,0,0,0,0,0,0,0,0,0,0,0,0,0,0,0,0,0,0
BHAFFC,0,0,0,0,0,0,0,0,0,0,0,0,0,0,0,0,0,0
BHAFEN,0,0,0,0,0,0,0,0,0,0,0,0,0,0,0,0,0,0
BKQPPJ,0,0,0,0,0,0,0,0,0,0,0,0,0,0,0,0,0,0
BKQKDF,0,0,0,0,0,0,0,0,0,0,0,0,0,0,0,0,0,0
BKQKPB,0,0,0,0,0,0,0,0,0,0,0,0,0,0,0,0,0,0
BKQKJQ,0,0,0,0,0,0,0,0,0,0,0,0,0,0,0,0,0,0
BKQQHC,0,0,0,0,0,0,0,0,0,0,0,0,0,0,0,0,0,0
BKQRMM,0,0,0,0,0,0,0,0,0,0,0,0,0,0,0,0,0,0
BKQN73,0,0,0,0,0,0,0,0,0,0,0,0,0,0,0,0,0,0
BHADEF,0,0,0,0,0,0,0,0,0,0,0,0,0,0,0,0,0,0
BHAFSC,0,0,0,0,0,0,0,0,0,0,0,0,0,0,0,0,0,0
BKQKED,0,0,0,0,0,0,0,0,0,0,0,0,0,0,0,0,0,0
BKQK1D,0,0,0,0,0,0,0,0,0,0,0,0,0,0,0,0,0,0
BKQK31,0,0,0,0,0,0,0,0,0,0,0,0,0,0,0,0,0,0
BHADR6,0,0,0,0,0,0,0,0,0,0,0,0,0,0,0,0,0,0
BKQN8F,0,0,0,0,0,0,0,0,0,0,0,0,0,0,0,0,0,0
BKQTEE,0,0,0,0,0,0,0,0,0,0,0,0,0,0,0,0,0,0
BKQLJI,0,0,0,0,0,0,0,0,0,0,0,0,0,0,0,0,0,0
BHAE1U,0,0,0,0,0,0,0,0,0,0,0,0,0,0,0,0,0,0
BKQPUF,0,0,0,0,0,0,0,0,0,0,0,0,0,0,0,0,0,0
BHAE16,0,0,0,0,0,0,0,0,0,0,0,0,0,0,0,0,0,0
BKQLN6,0,0,0,0,0,0,0,0,0,0,0,0,0,0,0,0,0,0
BHAFSL,0,0,0,0,0,0,0,0,0,0,0,0,0,0,0,0,0,0
BKQQY6,0,0,0,0,0,0,0,0,0,0,0,0,0,0,0,0,0,0
BKQPZL,0,0,0,0,0,0,0,0,0,0,0,0,0,0,0,0,0,0
BHAGFD,0,0,0,0,0,0,0,0,0,0,0,0,0,0,0,0,0,0
BKQIY2,0,0,0,0,0,0,0,0,0,0,0,0,0,0,0,0,0,0
BHAFCF,0,0,0,0,0,0,0,0,0,0,0,0,0,0,0,0,0,0
BKQPZ2,0,0,0,0,0,0,0,0,0,0,0,0,0,0,0,0,0,0
BKQMH6,0,0,0,0,0,0,0,0,0,0,0,0,0,0,0,0,0,0
ERR5243661,0,0,0,0,0,0,0,0,0,0,0,0,0,0,0,0,0,0
ERR5243717,0,0,0,0,0,0,0,0,0,0,0,0,0,0,0,0,0,0
ERR5243710,0,0,0,0,0,0,0,0,0,0,0,0,0,0,0,0,0,0
ERR5243707,0,0,0,0,0,0,0,0,0,0,0,0,0,0,0,0,0,0
ERR5243670,0,0,0,0,0,0,0,0,0,0,0,0,0,0,0,0,0,0
ERR5243652,0,0,0,0,0,0,0,0,0,0,0,0,0,0,0,0,0,0
ERR5243669,0,0,0,0,0,0,0,0,0,0,0,0,0,0,0,0,0,0
ERR5243655,0,0,0,0,0,0,0,0,0,0,0,0,0,0,0,0,0,0
ERR5243674,0,0,0,1,0,0,0,0,0,0,0,0,0,0,0,0,0,0
ERR5243675,0,0,0,0,0,0,0,0,0,0,0,0,0,0,0,0,0,0
ERR5243659,0,0,0,0,0,0,0,0,0,0,0,0,0,0,0,0,0,0
ERR5243706,0,0,0,0,0,0,0,0,0,0,0,0,0,0,0,0,0,0
ERR5243656,0,0,0,0,0,0,0,0,0,0,0,0,0,0,0,0,0,0
ERR5243641,0,0,0,0,0,0,0,0,0,0,0,0,0,0,0,0,0,0
ERR5243701,0,0,0,0,0,0,0,0,0,0,0,0,0,0,0,0,0,0
ERR5243697,0,0,0,0,0,0,0,0,0,0,0,0,0,0,0,0,0,0
ERR5243657,0,0,0,0,0,0,0,0,0,0,0,0,0,0,0,0,0,0
ERR5243708,0,0,0,0,0,0,0,0,0,0,0,0,0,0,0,0,0,0
ERR5243703,1,0,0,0,0,0,0,0,0,0,0,0,0,0,0,0,0,0
ERR5243712,0,0,0,0,0,0,0,0,0,0,0,0,0,0,0,0,0,0
ERR5243702,0,0,0,0,0,0,0,0,0,0,0,0,0,0,0,0,0,0
ERR5243673,0,0,0,0,0,0,0,0,0,0,0,0,0,0,0,0,0,0
ERR5243664,0,0,0,0,0,0,0,0,0,0,0,0,0,0,0,0,0,0
ERR5243682,0,0,0,0,1,0,0,0,0,0,0,0,0,0,0,0,0,0
ERR5243709,0,0,0,0,0,0,0,0,0,0,0,0,0,0,0,0,0,0
ERR5243713,0,0,0,0,0,0,0,0,0,0,0,0,0,0,0,0,0,0
ERR5243677,0,0,0,0,0,0,0,0,0,0,0,0,0,0,0,0,0,0
ERR5243660,0,0,0,0,0,0,0,0,0,0,0,0,0,0,0,0,0,0
ERR5243686,0,0,0,0,0,0,0,0,0,0,0,0,0,0,0,0,0,0
ERR5243691,0,0,0,0,0,0,0,0,0,0,0,0,0,0,0,0,0,0
ERR5243665,0,0,0,0,0,0,0,0,0,0,0,0,0,0,0,0,0,0
ERR5243705,0,0,0,0,0,0,0,0,0,0,0,0,0,0,0,0,0,0
ERR5243653,0,0,0,0,0,0,0,0,0,0,0,0,0,0,0,0,0,0
ERR5243698,0,0,0,0,0,0,0,0,0,0,0,0,0,0,0,0,0,0
ERR5243671,0,0,0,0,0,0,0,0,0,0,0,0,0,0,0,0,0,0
ERR5243658,0,0,0,0,0,0,0,0,0,0,0,0,0,0,0,0,0,0
ERR5243680,0,0,0,0,0,0,0,0,0,0,0,0,0,0,0,0,0,0
ERR5243704,0,0,0,0,0,0,0,0,0,0,0,0,0,0,0,0,0,0
ERR5243690,0,0,0,0,1,0,0,0,0,0,0,0,0,0,0,0,0,0
ERR5243645,1,0,0,0,0,0,0,0,0,0,0,0,0,0,0,0,0,0
ERR5243668,0,0,0,0,0,0,0,0,0,0,0,0,0,0,0,0,0,0
ERR5243642,0,0,0,0,0,0,0,0,0,0,0,0,0,0,0,0,0,0
ERR5243694,0,0,0,0,0,0,0,0,0,0,0,0,0,0,0,0,0,0
ERR5243692,0,0,0,0,0,0,0,0,0,0,0,0,0,0,0,0,0,0
ERR5243662,0,0,0,0,0,0,0,0,0,0,0,0,0,0,0,0,0,0
ERR5243688,0,0,0,0,0,0,0,0,0,0,0,0,0,0,0,0,0,0
ERR5243681,0,0,0,0,0,0,0,0,0,0,0,0,0,0,0,0,0,0
ERR5243714,0,0,0,0,0,0,0,0,0,0,0,0,0,0,0,0,0,0
ERR5243648,0,0,0,0,0,0,0,0,0,0,0,0,0,0,0,0,0,0
ERR5243644,0,0,1,0,0,0,0,0,0,0,0,0,0,0,0,0,0,0
ERR5243695,0,0,0,0,0,0,0,0,0,0,0,0,0,0,0,0,0,0
ERR5243716,0,0,0,0,0,0,0,0,0,0,0,0,0,0,0,0,0,0
ERR5243685,0,0,0,0,0,0,0,0,0,0,0,0,0,0,0,0,0,0
ERR5243651,0,0,0,0,0,0,0,0,0,0,0,0,0,0,0,0,0,0
ERR5243650,0,0,0,0,0,0,0,0,1,0,0,0,0,0,0,0,0,0
ERR5243696,0,0,0,0,0,0,0,0,0,0,0,0,0,0,0,0,0,0
ERR5243667,0,0,0,0,0,0,0,0,0,0,0,0,0,0,0,0,0,0
ERR5243666,1,0,0,0,0,0,0,0,0,0,0,0,0,0,0,0,0,0
ERR5243715,0,1,0,0,0,0,0,0,0,0,0,0,0,0,0,0,0,0
ERR5243699,0,0,0,0,1,0,0,0,0,0,0,0,0,0,0,0,0,0
ERR5243649,0,0,0,0,0,0,0,0,0,0,0,0,0,0,0,0,0,0
ERR5243684,0,0,0,0,0,0,0,0,0,0,0,0,0,0,0,0,0,0
ERR5243676,0,0,0,0,0,0,0,0,0,0,0,0,0,0,0,0,0,0
ERR5243654,0,0,0,0,0,0,0,0,0,0,0,0,0,0,0,0,0,0
ERR5243711,0,0,0,0,0,0,0,0,0,0,0,0,0,0,0,0,0,0
ERR5243643,0,0,0,0,0,1,0,0,0,0,0,0,0,0,0,0,0,0
ERR5243647,0,0,0,0,0,0,0,0,0,0,0,0,0,0,0,0,0,0
ERR5243678,0,0,0,0,0,0,0,0,0,0,0,0,0,0,0,0,0,0
ERR5243693,1,0,0,0,0,0,0,0,0,0,0,0,0,0,0,0,0,0
ERR5243679,0,0,0,0,0,0,0,0,0,0,0,0,0,0,0,0,0,0
ERR5243689,0,0,0,0,0,0,0,0,0,0,0,0,0,0,0,0,0,0
ERR5243646,0,0,0,0,0,0,0,0,0,0,0,0,0,0,0,0,0,0
ERR5243687,0,0,0,0,0,0,0,0,0,0,0,0,0,0,0,0,0,0
ERR5243663,0,0,0,0,0,0,0,0,0,0,0,0,0,0,0,0,0,0
ERR5243672,0,0,0,0,0,0,0,0,0,0,0,0,0,0,0,0,0,0
ERR5243700,0,0,0,0,0,0,0,0,0,0,0,0,0,0,0,0,0,0
G18654018,0,1,0,0,0,0,0,0,0,0,0,0,0,0,0,0,0,0
G18584212,0,1,0,0,0,0,0,0,0,0,0,0,0,0,0,0,0,0
G18503201,0,0,0,0,0,0,0,0,0,0,0,0,0,0,0,0,0,0
G18654006,0,1,0,0,0,0,0,0,0,0,0,0,0,0,0,0,0,0
G18654003,0,1,0,0,0,0,0,0,0,0,0,0,0,0,0,0,0,0
G20500034,0,1,0,0,0,0,0,0,0,0,0,0,0,0,0,0,0,0
G18584213,0,1,0,0,0,0,0,0,0,0,0,0,0,0,0,0,0,0
G20500040,0,1,0,0,0,0,0,0,0,0,0,0,0,0,0,0,0,0
G18654015,0,1,0,0,0,0,0,0,0,0,0,0,0,0,0,0,0,0
G18654016,0,1,0,0,0,0,0,0,0,0,0,0,0,0,0,0,0,0
G18654005,0,0,0,0,0,0,0,0,0,0,0,0,0,0,0,0,0,0
G18584134,0,0,0,0,0,0,0,0,0,0,0,0,0,0,0,0,0,0
G18654007,0,1,0,0,0,0,0,0,0,0,0,0,0,0,0,0,0,0
G18503204,0,0,0,0,0,0,0,0,0,0,0,0,0,0,0,0,0,0
G18584151,0,0,0,0,0,0,0,0,0,0,0,0,0,0,0,0,0,0
G18654001,0,1,0,0,0,0,0,0,0,0,0,0,0,0,0,0,0,0
G18584215,0,0,0,0,0,0,0,0,0,0,0,0,0,0,0,0,0,0
G18654020,0,1,0,0,0,0,0,0,0,0,0,0,0,0,0,0,0,0
G18654011,0,1,0,0,0,0,0,0,0,0,0,0,0,0,0,0,0,0
G18654004,0,1,0,0,0,0,0,0,0,0,0,0,0,0,0,0,0,0
G18503205,0,0,0,0,0,0,0,0,0,0,0,0,0,0,0,0,0,0
G20500037,0,1,0,0,0,0,0,0,0,0,0,0,0,0,0,0,0,0
1127204,1,0,0,0,0,0,0,0,0,0,0,0,0,0,0,0,0,0
1138770,1,0,0,0,0,0,0,0,0,0,0,0,0,0,0,0,0,0
SRR7165403,1,0,0,0,0,0,0,0,0,0,0,1,0,0,0,0,0,0
1139029,1,0,0,0,0,0,0,0,0,0,0,0,0,0,0,0,0,0
1148460,1,0,0,0,0,0,0,0,0,0,0,0,0,0,0,0,0,0
SRR5500428,1,0,0,0,0,0,0,0,0,0,0,0,0,0,0,0,0,0
1138890,0,1,0,0,0,0,0,0,0,0,0,0,0,0,0,0,0,0
AUSMDU00029453,1,0,0,0,0,0,0,0,0,0,0,0,0,0,0,0,0,0
AUSMDU00021171,1,0,0,0,0,0,0,0,0,0,0,0,0,0,0,1,0,0
AUSMDU00035680,1,0,1,0,0,0,0,0,0,0,0,1,0,0,0,0,0,0
AUSMDU00035730,0,0,0,0,0,0,0,0,0,0,0,0,0,0,0,0,0,0
AUSMDU00038246,1,0,0,0,0,0,0,0,0,0,0,0,0,0,0,0,0,0
AUSMDU00034468,0,1,0,0,0,0,0,0,0,0,0,0,0,0,0,0,0,0
AUSMDU00039127,1,0,0,0,0,0,0,0,0,0,0,0,0,0,0,0,0,0
AUSMDU00026293,1,0,0,0,0,1,0,0,0,0,0,1,0,0,0,0,0,0
AUSMDU00038096,0,1,0,0,0,0,0,0,0,0,0,0,0,0,0,0,0,0
AUSMDU00043864,1,0,0,0,0,1,0,0,0,0,0,1,0,0,0,0,0,0
AUSMDU00041502,1,0,0,0,0,0,0,0,0,0,0,0,0,0,0,0,0,0
AUSMDU00027597,1,0,0,0,0,0,0,0,0,0,0,0,0,0,0,0,0,0
AUSMDU00025222,1,0,0,0,0,0,0,0,0,0,0,0,0,0,0,0,0,0
AUSMDU00026746,1,0,0,0,0,0,0,0,0,0,0,0,0,0,0,0,0,0
AUSMDU00025862,0,1,0,0,0,0,0,0,0,0,0,0,0,0,0,0,0,0
AUSMDU00044558,1,0,1,0,0,0,0,0,0,0,0,1,0,0,0,0,0,0
AUSMDU00043840,1,0,0,0,0,0,0,0,0,0,0,0,0,0,0,0,0,0
AUSMDU00020992,1,0,0,0,0,0,0,0,0,0,0,0,0,0,0,0,0,0
AUSMDU00025217,0,0,0,0,0,0,0,0,0,0,0,0,0,0,0,0,0,0
AUSMDU00023736,0,0,0,0,0,0,0,0,0,0,0,0,0,0,0,0,0,0
AUSMDU00020142,0,1,0,0,0,0,0,0,0,0,0,0,1,0,0,0,0,0
AUSMDU00018884,1,0,0,0,0,0,0,0,0,0,0,0,0,0,0,0,0,0
AUSMDU00039612,1,0,1,0,0,0,0,0,0,0,0,1,0,0,0,0,0,0
AUSMDU00044015,1,0,0,0,0,0,0,0,0,0,0,0,0,0,0,0,0,0
AUSMDU00024971,0,1,0,0,0,0,0,0,0,0,0,0,0,0,0,0,0,0
AUSMDU00019653,0,0,0,0,0,0,0,0,0,0,0,0,0,0,0,0,0,0
AUSMDU00044687,1,0,1,0,0,0,0,0,0,0,0,1,0,0,0,0,0,0
AUSMDU00044317,1,0,0,0,0,0,0,0,0,0,0,0,0,0,0,0,0,0
AUSMDU00022048,1,0,1,0,0,0,0,0,0,0,0,1,0,0,0,0,0,0
AUSMDU00043619,0,1,0,0,0,0,0,0,0,0,0,0,0,0,0,0,0,0
AUSMDU00024579,1,0,0,0,0,0,0,0,0,0,0,0,0,0,0,0,0,0
AUSMDU00042284,1,0,0,0,0,0,0,0,0,0,0,0,0,0,0,0,0,0
AUSMDU00032856,0,1,0,0,0,0,0,0,0,0,0,0,0,0,0,0,0,0
AUSMDU00035218,1,0,1,0,0,0,0,0,0,0,0,1,0,0,0,0,0,0
AUSMDU00030523,1,0,0,0,0,0,0,0,0,0,0,0,0,0,0,0,0,0
AUSMDU00022646,1,0,0,0,0,0,0,0,0,0,0,0,0,0,0,0,0,0
AUSMDU00030273,1,0,0,0,0,0,0,0,0,0,0,0,0,0,0,0,0,0
AUSMDU00038106,1,0,0,0,0,0,0,0,0,0,0,0,0,0,0,0,0,0
AUSMDU00041434,1,0,0,0,0,0,0,0,0,0,0,0,0,0,0,0,0,0
AUSMDU00037443,1,0,0,0,0,0,0,0,0,0,0,0,0,0,0,0,0,0
AUSMDU00025966,1,0,0,0,0,0,0,0,0,0,0,0,0,0,0,0,0,0
AUSMDU00027137,1,0,0,0,0,0,0,0,0,0,0,0,0,0,1,0,0,0
AUSMDU00027803,0,1,0,0,0,0,0,0,0,0,0,0,0,0,0,0,0,0
AUSMDU00029406,0,0,0,0,0,0,0,0,0,0,0,0,0,0,0,0,0,0
AUSMDU00042395,0,1,0,0,0,0,0,0,0,0,0,0,0,0,0,0,0,0
AUSMDU00035269,1,0,0,0,0,0,0,0,0,0,0,0,0,0,0,0,0,0
AUSMDU00021974,1,0,0,0,0,0,0,0,0,0,0,0,0,0,0,1,0,0
AUSMDU00029966,0,0,1,0,0,0,0,0,0,0,0,0,0,0,0,0,0,0
AUSMDU00025869,1,0,0,0,0,0,0,0,0,0,0,0,0,0,0,0,0,0
AUSMDU00044514,1,0,0,0,0,0,0,0,0,0,0,0,0,0,0,0,0,0
AUSMDU00025596,0,0,0,0,0,0,0,0,0,0,0,0,0,0,0,0,0,0
AUSMDU00018116,1,0,1,0,0,0,0,0,0,0,0,1,0,0,0,0,0,0
AUSMDU00021590,1,0,0,0,0,0,0,0,0,0,0,0,0,0,0,0,0,0
AUSMDU00020447,1,0,0,0,0,0,0,0,0,0,0,0,0,0,0,0,0,0
AUSMDU00041958,1,0,0,0,0,0,0,0,0,0,0,0,0,0,0,0,0,0
AUSMDU00032321,0,0,0,0,0,0,0,1,0,0,0,0,0,0,0,0,0,0
AUSMDU00040208,1,0,1,0,0,0,0,0,0,0,0,1,0,0,0,0,0,0
AUSMDU00024941,0,1,0,0,0,0,0,0,0,0,0,0,0,0,0,0,0,0
AUSMDU00026294,1,0,0,0,0,0,0,0,0,0,0,0,0,0,0,0,0,0
AUSMDU00044392,1,0,0,0,0,0,0,0,0,0,0,0,0,0,0,0,0,0
AUSMDU00027556,0,1,0,0,0,0,0,0,0,0,0,0,0,0,0,0,0,0
AUSMDU00029437,1,0,1,0,0,0,0,0,0,0,0,1,0,0,0,0,0,0
AUSMDU00041955,1,0,0,0,0,0,0,0,0,0,0,0,1,0,0,0,0,0
AUSMDU00040990,1,0,0,0,0,0,0,0,0,0,0,0,0,0,0,0,0,0
AUSMDU00040696,1,0,1,0,0,0,0,0,0,0,0,1,0,0,0,0,0,0
AUSMDU00021919,0,0,0,0,0,0,0,0,0,0,0,0,0,0,0,0,0,0
AUSMDU00037368,1,0,0,0,0,0,0,0,0,0,0,0,0,0,0,0,0,0
AUSMDU00025124,1,0,0,0,0,0,0,0,0,0,0,0,0,0,0,0,0,0
AUSMDU00019716,1,0,0,0,0,0,0,0,0,0,0,0,0,0,0,0,0,0
AUSMDU00021430,0,0,0,0,0,0,0,0,0,0,0,0,0,0,0,0,0,0
AUSMDU00029189,1,0,0,0,0,0,0,0,0,0,0,0,1,0,0,0,0,0
AUSMDU00060079,1,0,0,0,0,0,0,0,0,0,0,0,0,0,0,0,0,0
AUSMDU00030416,0,0,0,0,0,0,0,0,0,0,1,0,0,0,0,0,0,0
AUSMDU00042347,1,0,0,0,0,0,0,0,0,0,0,0,0,0,0,0,0,0
AUSMDU00044403,1,0,0,0,0,0,0,0,0,0,0,0,0,0,0,1,0,0
AUSMDU00039566,0,1,0,0,0,0,0,0,0,0,0,0,0,0,0,0,0,0
AUSMDU00044634,0,1,0,0,0,0,0,0,0,0,0,0,0,0,0,0,0,0
AUSMDU00025604,1,0,0,0,0,0,0,0,0,0,0,0,0,0,0,0,0,0
AUSMDU00035217,1,0,1,0,0,0,0,0,0,0,0,1,0,0,0,0,0,0
AUSMDU00035921,1,0,1,0,0,0,0,0,0,0,0,1,0,0,0,0,0,0
AUSMDU00044231,1,0,1,0,0,0,0,0,0,0,0,1,0,0,0,0,0,0
AUSMDU00020626,1,0,0,0,0,0,0,0,0,0,0,0,0,0,0,0,0,0
AUSMDU00035705,1,0,1,0,0,0,0,0,0,0,0,1,0,0,0,0,0,0
AUSMDU00039536,1,0,0,0,0,0,0,0,0,0,0,0,0,0,0,0,0,0
AUSMDU00027066,1,0,0,0,0,0,0,0,0,0,0,0,0,0,0,0,0,0
AUSMDU00029759,1,0,0,0,0,0,0,0,0,0,0,0,0,0,0,1,0,0
AUSMDU00032825,1,0,0,0,0,0,0,0,0,0,0,0,0,0,0,0,0,0
AUSMDU00026490,1,0,0,0,0,0,0,0,0,0,0,0,0,0,0,0,0,0
AUSMDU00043761,1,0,0,0,0,0,0,0,0,0,0,0,0,0,0,0,0,0
AUSMDU00026017,0,1,0,0,0,0,0,0,0,0,0,0,0,0,0,0,0,0
AUSMDU00021576,1,0,0,0,0,0,0,0,0,0,0,0,0,0,0,0,0,0
AUSMDU00043852,1,0,0,0,0,0,0,0,0,0,0,0,0,0,0,0,0,0
AUSMDU00028357,1,0,0,0,0,0,0,0,0,0,0,0,0,0,0,0,0,0
AUSMDU00042295,1,0,0,0,0,0,0,0,0,0,0,0,0,0,0,0,0,0
AUSMDU00035395,0,1,0,0,0,0,0,0,0,0,0,0,0,0,0,0,0,0
AUSMDU00025947,1,0,0,0,0,0,0,0,0,0,0,0,0,0,0,0,0,0
AUSMDU00031701,1,0,0,0,0,0,0,0,0,0,0,0,0,0,0,0,0,0
AUSMDU00030790,1,0,0,0,0,0,0,0,0,0,0,0,0,0,0,0,0,0
AUSMDU00039635,1,0,1,0,0,0,0,0,0,0,0,1,0,0,0,0,0,0
AUSMDU00025880,1,0,0,0,0,0,0,0,0,0,0,0,0,0,0,0,0,0
AUSMDU00039062,1,0,0,0,0,0,0,0,0,0,0,0,0,0,0,0,0,0
AUSMDU00034503,0,1,0,0,0,0,0,0,0,0,0,0,0,0,0,0,0,0
AUSMDU00024788,1,0,0,0,0,0,0,0,0,0,0,0,0,0,0,0,0,0
AUSMDU00037061,1,0,0,0,0,0,0,0,0,0,0,0,0,0,0,0,0,0
AUSMDU00023245,0,0,0,0,0,0,0,0,0,0,0,0,0,0,0,0,0,0
AUSMDU00022232,1,0,0,0,0,0,0,0,0,0,0,0,0,0,0,1,0,0
AUSMDU00044460,1,0,0,0,0,0,0,0,0,0,0,0,0,0,0,0,0,0
AUSMDU00044942,1,0,0,0,0,0,0,0,0,0,0,0,0,0,0,0,0,0
AUSMDU00025677,1,0,0,0,0,0,0,0,0,0,0,0,0,0,0,0,0,0
AUSMDU00025045,1,0,1,0,0,0,0,0,0,0,0,1,0,0,0,0,0,0
AUSMDU00025661,1,0,0,0,0,0,0,0,0,0,0,0,0,0,0,0,0,0
AUSMDU00026125,0,1,0,0,0,0,0,0,0,0,0,0,0,0,0,0,0,0
AUSMDU00025470,0,1,0,0,0,0,0,0,0,0,0,0,0,0,0,0,0,0
AUSMDU00038336,1,0,0,0,0,0,0,0,0,0,0,0,0,0,0,0,0,0
AUSMDU00034059,0,1,0,0,0,0,0,0,0,0,0,0,0,0,0,0,0,0
AUSMDU00035270,1,0,0,0,0,0,0,0,0,0,0,0,0,0,0,0,0,0
LHST-2018,1,0,1,0,0,0,0,0,0,0,0,1,0,0,0,0,0,0
CMCCSTCEPR,1,0,0,0,0,0,0,0,0,0,0,0,0,0,0,0,0,0
17225_4_55,0,0,0,0,0,0,0,0,0,0,0,0,0,0,0,0,0,0
17225_2_66,0,0,0,0,0,0,0,0,0,0,0,0,0,0,0,0,0,0
17225_2_46,0,0,0,0,0,0,0,0,0,0,0,0,0,0,0,0,0,0
25292_2_31,0,0,0,0,0,0,0,0,0,0,0,0,0,0,0,0,0,0
17225_2_70,0,0,0,0,0,0,0,0,0,0,0,0,0,0,0,0,0,0
17225_2_51,0,0,0,0,0,0,0,0,0,0,0,0,0,0,0,0,0,0
17225_4_20,0,0,0,0,0,0,0,0,0,0,0,0,0,0,0,0,0,0
17225_2_33,0,0,0,0,0,0,0,0,0,0,0,0,0,0,0,0,0,0
17225_4_57,0,0,0,0,0,0,0,0,0,0,0,0,0,0,0,0,0,0
17225_4_43,0,0,0,0,0,0,0,0,0,0,0,0,0,0,0,0,0,0
17225_2_28,0,0,0,0,0,0,0,0,0,0,0,0,0,0,0,0,0,0
17225_4_51,0,0,0,0,0,0,0,0,0,0,0,0,0,0,0,0,0,0
17225_4_23,0,0,0,0,0,0,0,0,0,0,0,0,0,0,0,0,0,0
MR304,0,0,0,0,0,0,0,1,0,0,0,0,0,0,0,0,0,0
MB1544,0,0,0,0,0,0,0,0,0,0,0,0,0,0,0,0,0,0
MB1976,0,0,0,0,0,0,0,1,0,0,0,0,0,0,0,0,0,0
MB423,0,0,0,0,0,0,0,1,0,0,0,0,0,0,0,0,0,0
MMM2091,0,0,0,0,0,0,0,1,0,0,0,0,0,0,0,0,0,0
MB3020,0,0,0,0,0,0,0,1,0,0,0,0,0,0,0,0,0,0
MB651,0,0,0,0,0,0,0,1,0,0,0,0,0,0,0,0,0,0
MMM4077,0,0,0,0,0,0,0,1,0,0,0,0,0,0,0,0,0,0
MB2064,0,0,0,0,0,0,0,1,0,0,0,0,0,0,0,0,0,0
MB1807,0,1,0,0,0,0,0,0,0,0,0,0,0,0,0,0,0,0
MR2140,0,0,0,0,0,0,0,1,0,0,0,0,0,0,0,0,0,0
MMM4927,1,0,0,0,0,0,0,0,0,0,0,0,0,0,0,0,0,0
MB1793,0,0,0,0,0,0,0,0,0,0,0,0,0,0,0,0,0,0
MCC1781,0,0,0,0,0,0,0,0,0,0,0,0,0,0,0,0,0,0
MMM1538,0,0,0,0,0,0,0,1,0,0,0,0,0,0,0,0,0,0
MMM4551,1,0,0,0,0,0,0,0,0,0,0,0,0,0,0,0,0,0
MB3007,0,0,0,0,0,0,0,0,0,0,0,0,0,0,0,0,0,0
MB698,0,0,0,0,0,0,0,1,0,0,0,0,0,0,0,0,0,0
MR4803,0,1,0,0,0,0,0,0,0,0,0,0,0,0,0,0,0,0
MCC1752,0,0,0,0,0,0,0,1,0,0,0,0,0,0,0,0,0,0
MB360,0,0,0,0,0,0,0,0,0,0,0,0,0,0,0,0,0,0
MMM281,0,0,0,0,0,0,0,0,0,0,0,0,0,0,0,0,0,0
MR3122,0,0,0,0,0,0,0,1,0,0,0,0,0,0,0,0,0,0
MCC490,0,0,0,0,0,0,0,0,0,0,0,0,0,0,0,0,0,0
MR2983,0,0,0,0,0,0,0,1,0,0,0,0,0,0,0,0,0,0
MMM3664,0,0,0,0,0,0,0,1,0,0,0,0,0,0,0,0,0,0
MB1464,0,0,0,0,0,0,0,1,0,0,0,0,0,0,0,0,0,0
MMM191,0,0,0,0,0,0,0,0,0,0,0,0,0,0,0,0,0,0
MR766,0,0,0,0,0,0,0,0,0,0,0,0,0,0,0,0,0,0
MB2900,0,0,0,0,0,0,0,0,0,0,0,0,0,0,0,0,0,0
MMM2017,0,0,0,0,0,0,0,0,0,0,0,0,0,0,0,0,0,0
MB562,0,0,0,0,0,0,0,1,0,0,0,0,0,0,0,0,0,0
MB2962,0,0,0,0,0,0,0,0,0,0,0,0,0,0,0,0,0,0
MMM1784,0,0,0,0,0,0,0,1,0,0,0,0,0,0,0,0,0,0
MB345,0,1,0,0,0,0,0,0,0,0,0,0,0,0,0,0,0,0
MR274,0,0,0,0,0,0,0,0,0,0,0,0,0,0,0,0,0,0
MCC1259,0,0,0,0,0,0,0,1,0,0,0,0,0,0,0,0,0,0
MMM3516,0,0,0,0,0,0,0,1,0,0,0,0,0,0,0,0,0,0
MMM736,0,0,0,0,0,0,0,0,0,0,0,0,0,0,0,0,0,0
MB1674,0,0,0,0,0,0,0,1,0,0,0,0,0,0,0,0,0,0
MMM2077,0,0,0,0,0,0,0,0,0,0,0,0,0,0,0,0,0,0
MB1404,0,0,0,0,0,0,0,0,0,0,0,0,0,0,0,0,0,0
MR4474,0,1,0,0,0,0,0,0,0,0,0,0,0,0,0,0,0,0
MR4747,0,0,0,0,0,0,0,0,0,0,0,0,0,0,0,0,0,0
MB240,0,0,0,0,0,0,0,0,0,0,0,0,0,0,0,0,0,0
MMM2746,0,1,0,0,0,0,0,0,0,0,0,0,0,0,0,0,0,0
MCC210,0,0,0,0,0,0,0,1,0,0,0,0,0,0,0,0,0,0
MMM3517,0,0,0,0,0,0,0,1,0,0,0,0,0,0,0,0,0,0
MB1765,0,0,0,0,0,0,0,1,0,0,0,0,0,0,0,0,0,0
MR3893,0,1,0,0,0,0,0,0,0,0,0,0,0,0,0,0,0,0
MB988,0,0,0,0,0,0,0,0,0,0,0,0,0,0,0,0,0,0
MCC1306,0,0,0,0,0,0,0,1,0,0,0,0,0,0,0,0,0,0
MB2061,0,0,0,0,0,0,0,0,0,0,0,0,0,0,0,0,0,0
MMM186,0,0,0,0,0,0,0,1,0,0,0,0,0,0,0,0,0,0
MMM652,0,0,0,0,0,0,0,1,0,0,0,0,0,0,0,0,0,0
MMM466,0,0,0,0,0,0,0,0,0,0,0,0,0,0,0,0,0,0
MR1916,0,1,0,0,0,0,0,0,0,0,0,0,0,0,0,0,0,0
MR1087,0,0,0,0,0,0,0,0,0,0,0,0,0,0,0,0,0,0
MCC1165,0,0,0,0,0,0,0,1,0,0,0,0,0,0,0,0,0,0
MB1296,0,1,0,0,0,0,0,0,0,0,0,0,0,0,0,0,0,0
MR4345,0,1,0,0,0,0,0,0,0,0,0,0,0,0,0,0,0,0
MMM182,0,0,0,0,0,0,0,0,0,0,0,0,0,0,0,0,0,0
MB2241,0,0,0,0,0,0,0,0,0,0,0,0,0,0,0,0,0,0
MCC1904,0,0,0,0,0,0,0,1,0,0,0,0,0,0,0,0,0,0
MR2873,0,0,0,0,0,0,0,0,0,0,0,0,0,0,0,0,0,0
MMM5775,0,0,0,0,0,0,0,0,0,0,0,0,0,0,0,0,0,0
MMM3370,0,0,0,0,0,0,0,1,0,0,0,0,0,0,0,0,0,0
MR1806,0,0,0,0,0,0,0,0,0,0,0,0,0,0,0,0,0,0
MB2871,0,0,0,0,0,0,0,0,0,0,0,0,0,0,0,0,0,0
MMM5825,0,0,0,0,0,0,0,1,0,0,0,0,0,0,0,0,0,0
MMM2903,0,1,0,0,0,0,0,0,0,0,0,0,0,0,0,0,0,0
MCC1301,0,0,0,0,0,0,0,1,0,0,0,0,0,0,0,0,0,0
MR4882,0,1,0,0,0,0,0,0,0,0,0,0,0,0,0,0,0,0
MB1895,0,0,0,0,0,0,0,0,0,0,0,0,0,0,0,0,0,0
MB2612,0,0,0,0,0,0,0,1,0,0,0,0,0,0,0,0,0,0
MMM945,0,0,0,0,0,0,0,1,0,0,0,0,0,0,0,0,0,0
MB1015,0,0,0,0,0,0,0,0,0,0,0,0,0,0,0,0,0,0
MMM1822,0,0,0,0,1,0,0,0,0,0,0,0,0,0,0,0,0,0
MB2464,0,0,0,0,0,0,0,0,0,0,0,0,0,0,0,0,0,0
MR3070,0,1,0,0,0,0,0,0,0,0,0,0,0,0,0,0,0,0
MMM1726,0,0,0,0,0,0,0,0,0,0,0,0,0,0,0,0,0,0
MB229,0,1,0,0,0,0,0,0,0,0,0,0,0,0,0,0,0,0
MMM149,0,0,0,0,0,0,0,1,0,0,0,0,0,0,0,0,0,0
MMM1980,0,0,0,0,0,0,0,0,0,0,0,0,0,0,0,0,0,0
MMM2007,0,0,0,0,0,0,0,0,0,0,0,0,0,0,0,0,0,0
MR2608,0,0,0,0,1,0,0,0,0,0,0,0,0,0,0,0,0,0
MR4066,1,0,0,0,0,0,0,0,0,0,0,0,0,0,0,0,0,0
MMM932,0,0,0,0,0,0,0,1,0,0,0,0,0,0,0,0,0,0
MB2094,0,0,0,0,0,0,0,0,0,0,0,0,0,0,0,0,0,0
MB56,0,1,0,0,0,0,0,0,0,0,0,0,0,0,0,0,0,0
MMM4189,0,0,0,0,0,0,0,1,0,0,0,0,0,0,0,0,0,0
MCC2769,0,0,0,0,0,0,0,0,0,0,0,0,0,0,0,0,0,0
MR692,0,0,0,0,0,0,0,1,0,0,0,0,0,0,0,0,0,0
MB1091,0,0,0,0,0,0,0,0,0,0,0,0,0,0,0,0,0,0
MB2595,0,0,0,0,0,0,0,1,0,0,0,0,0,0,0,0,0,0
MMM183,0,0,0,0,0,0,0,0,0,0,0,0,0,0,0,0,0,0
MB1096,0,0,0,0,0,0,0,1,0,0,0,0,0,0,0,0,0,0
MCC3224,0,0,0,0,0,0,0,1,0,0,0,0,0,0,0,0,0,0
MR3183,0,0,0,0,0,0,0,0,0,0,0,0,0,0,0,0,0,0
MR252,0,0,0,0,0,0,0,1,0,0,0,0,0,0,0,0,0,0
MB885,0,0,0,0,0,0,0,1,0,0,0,0,0,0,0,0,0,0
MCC1034,0,0,0,0,0,0,0,1,0,0,0,0,0,0,0,0,0,0
MB804,0,0,0,0,0,0,0,1,0,0,0,0,0,0,0,0,0,0
MCC2040,0,0,0,0,0,0,0,1,0,0,0,0,0,0,0,0,0,0
MCC1367,0,0,0,0,0,0,0,1,0,0,0,0,0,0,0,0,0,0
MCC2219,0,0,0,0,0,0,0,1,0,0,0,0,0,0,0,0,0,0
MCC1637,0,0,0,0,0,0,0,1,0,0,0,0,0,0,0,0,0,0
MB693,0,0,0,0,0,0,0,1,0,0,0,0,0,0,0,0,0,0
MB883,0,0,0,0,0,0,0,1,0,0,0,0,0,0,0,0,0,0
MMM4342,0,0,0,0,0,0,0,0,0,0,0,0,0,0,0,0,0,0
MB469,0,0,0,0,0,0,0,0,0,0,0,0,0,0,0,0,0,0
MR4065,0,0,0,0,0,0,0,1,0,0,0,0,0,0,0,0,0,0
MR251,0,0,0,0,0,0,0,1,0,0,0,0,0,0,0,0,0,0
MMM114,0,0,0,0,0,0,0,1,0,0,0,0,0,0,0,0,0,0
MMM4447,0,1,0,0,0,0,0,0,0,0,0,0,0,0,0,0,0,0
MB935,0,0,0,0,0,0,0,1,0,0,0,0,0,0,0,0,0,0
MR610,0,0,0,0,0,0,0,1,0,0,0,0,0,0,0,0,0,0
MR1046,0,0,0,0,0,0,0,1,0,0,0,0,0,0,0,0,0,0
MB630,0,0,0,0,0,0,0,1,0,0,0,0,0,0,0,0,0,0
MCC594,0,0,0,0,0,0,0,0,0,0,0,0,0,0,0,0,0,0
MCC1505,0,0,0,0,0,0,0,1,0,0,0,0,0,0,0,0,0,0
MCC1269,0,0,0,0,0,0,0,1,0,0,0,0,0,0,0,0,0,0
MR4799,0,0,0,0,0,0,0,1,0,0,0,0,0,0,0,0,0,0
MMM354,1,0,0,0,0,0,0,0,0,0,0,0,0,0,0,0,0,0
MCC2509,0,0,0,0,0,0,0,1,0,0,0,0,0,0,0,0,0,0
MCC2121,0,0,0,0,0,0,0,0,0,0,0,0,0,0,0,0,0,0
MR253,0,0,0,0,0,0,0,1,0,0,0,0,0,0,0,0,0,0
MCC689,0,0,0,0,0,0,0,0,0,0,0,0,0,0,0,0,0,0
MB428,0,0,0,0,0,0,0,0,0,0,0,0,0,0,0,0,0,0
MMM5877,0,0,0,0,0,0,0,0,0,0,0,0,0,0,0,0,0,0
MR542,0,0,0,0,0,0,0,0,0,0,0,0,0,0,0,0,0,0
MCC340,0,0,0,0,0,0,0,1,0,0,0,0,0,0,0,0,0,0
6608,1,0,0,0,0,0,0,0,0,0,0,0,0,0,0,0,0,0
6048,1,0,0,0,0,0,0,0,0,0,0,0,0,0,1,0,0,0
3179,1,0,0,0,0,0,0,0,0,0,0,0,0,0,0,0,0,0
4399,1,0,0,0,0,0,0,0,0,0,0,0,0,0,1,0,0,0
6727,0,0,0,0,0,0,0,0,0,0,0,0,0,0,0,0,0,0
4084,0,0,0,0,0,0,0,1,0,0,0,0,0,0,0,0,0,0
5158,1,0,0,0,0,0,0,0,0,0,0,0,0,0,1,0,0,0
1989,1,0,0,0,0,0,0,0,0,0,0,0,0,0,1,0,0,0
4014,1,0,0,0,0,0,0,0,0,0,0,0,0,0,1,0,0,0
3400,1,0,0,0,0,0,0,0,0,0,0,0,0,0,1,0,0,0
5413,1,0,0,0,0,0,0,0,0,0,0,0,0,0,1,0,0,0
4244,1,0,0,0,0,0,0,0,0,0,0,0,0,0,1,0,0,0
6729,1,0,0,0,0,0,0,0,0,0,0,0,0,0,0,0,0,0
5842,1,0,0,0,0,0,0,0,0,0,0,0,0,0,1,0,0,0
5316,1,0,0,0,0,0,0,0,0,0,0,0,0,0,1,0,0,0
3811,1,0,0,0,0,0,0,0,0,0,0,0,0,0,0,0,0,0
5109,0,0,0,0,0,0,0,0,0,0,0,0,0,0,0,0,0,0
6415/43,1,0,0,0,0,0,0,0,0,0,0,0,0,0,1,0,0,0
3295,1,0,0,0,0,0,0,0,0,0,0,0,0,0,0,0,0,0
1969,1,0,0,0,0,0,0,0,0,0,0,0,0,0,1,0,0,0
1909,1,0,0,0,0,0,0,0,0,0,0,0,0,0,1,0,0,0
1003,1,0,0,0,0,0,0,0,0,0,0,0,0,0,1,0,0,0
4640,1,0,0,0,0,0,0,0,0,0,0,0,0,0,1,0,0,0
2037,1,0,0,0,0,0,0,0,0,0,0,0,0,0,1,0,0,0
6086,1,0,0,0,0,0,0,0,0,0,0,0,0,0,1,0,0,0
3497,1,0,0,0,0,0,0,0,0,0,0,0,0,0,1,0,0,0
5256,1,0,0,0,0,0,0,0,0,0,0,0,0,0,0,0,0,0
4741,1,0,0,0,0,0,0,0,0,0,0,0,0,0,1,0,0,0
4855,1,0,0,0,0,0,0,0,0,0,0,0,0,0,1,0,0,0
2011,1,0,0,0,0,0,0,0,0,0,0,0,0,0,0,0,0,0
5558,1,0,0,0,0,0,0,0,0,0,0,0,0,0,1,0,0,0
2843,1,0,0,0,0,0,0,0,0,0,0,0,0,0,1,0,0,0
5490,1,0,0,0,0,0,0,0,0,0,0,0,0,0,1,0,0,0
5024,1,0,0,0,0,0,0,0,0,0,0,0,0,0,1,0,0,0
2589,1,0,0,0,0,0,0,0,0,0,0,0,0,0,0,0,0,0
3463,1,0,0,0,0,0,0,0,0,0,0,0,0,0,1,0,0,0
1674,1,0,0,0,0,0,0,0,0,0,0,0,0,0,1,0,0,0
4764,1,0,0,0,0,0,0,0,0,0,0,0,0,0,1,0,0,0
5089,1,0,0,0,0,0,0,0,0,0,0,0,0,0,1,0,0,0
166,1,0,0,0,0,0,0,0,0,0,0,0,0,0,1,0,0,0
5342,1,0,0,0,0,0,0,0,0,0,0,0,0,0,1,0,0,0
941,1,0,0,0,0,0,0,0,0,0,0,0,0,0,1,0,0,0
6143/10,1,0,0,0,0,0,0,0,0,0,0,0,0,0,1,0,0,0
6395/47,1,0,0,0,0,0,0,0,0,0,0,0,0,0,1,0,0,0
6213/80,1,0,0,0,0,0,0,0,0,0,0,0,0,0,1,0,0,0
4717,1,0,0,0,0,0,0,0,0,0,0,0,0,0,1,0,0,0
4308,1,0,0,0,0,0,0,0,0,0,0,0,0,0,1,0,0,0
6675,1,0,0,0,0,0,0,0,0,0,0,0,0,0,1,0,0,0
6064,1,0,0,0,0,0,0,0,0,0,0,0,0,0,1,0,0,0
3887,1,0,0,0,0,0,0,0,0,0,0,0,0,0,1,0,0,0
6472/47,1,0,0,0,0,0,0,0,0,0,0,0,0,0,0,0,0,0
5347,1,0,0,0,0,0,0,0,0,0,0,0,0,0,1,0,0,0
566,1,0,0,0,0,0,0,0,0,0,0,0,0,0,1,0,0,0
5236,1,0,0,0,0,0,0,0,0,0,0,0,0,0,0,0,0,0
3397,1,0,0,0,0,0,0,0,0,0,0,0,0,0,1,0,0,0
3025,1,0,0,0,0,0,0,0,0,0,0,0,0,0,1,0,0,0
643,1,0,0,0,0,0,0,0,0,0,0,0,0,0,1,0,0,0
5304,1,0,0,0,0,0,0,0,0,0,0,0,0,0,1,0,0,0
5532,0,0,0,0,0,0,0,0,0,0,0,0,0,0,1,0,0,0
1928,1,0,0,0,0,0,0,0,0,0,0,0,0,0,0,0,0,0
2427,1,0,0,0,0,0,0,0,0,0,0,0,0,0,1,0,0,0
4599,1,0,0,0,0,0,0,0,0,0,0,0,0,0,1,0,0,0
6671,1,0,0,0,0,0,0,0,0,0,0,0,0,0,1,0,0,0
4321,1,0,0,0,0,0,0,0,0,0,0,0,0,0,1,0,0,0
14ARS_VSM0498,0,0,0,0,0,0,0,0,0,0,0,0,0,0,0,0,0,0
13ARS_GMH0013,0,0,0,0,0,0,0,0,0,0,0,0,0,0,0,0,0,0
G18756069,1,0,0,0,0,0,0,0,0,0,0,0,0,0,0,0,0,0
13ARS_EVR0032,0,0,0,0,0,0,0,0,0,0,0,0,0,0,0,0,0,0
14ARS_VSM0976,0,0,0,0,0,0,0,0,0,0,0,0,0,0,0,0,0,0
14ARS_CMC0027,0,0,0,0,0,0,0,0,0,0,0,0,0,0,0,0,0,0
14ARS_VSM0780,0,0,0,0,0,0,0,0,0,0,0,0,0,0,0,0,0,0
14ARS_VSM0977,0,0,0,0,0,0,0,0,0,0,0,0,0,0,0,0,0,0
13ARS_CMC0078,0,0,0,0,0,0,0,0,0,0,0,0,0,0,0,0,0,0
G18760274,0,0,0,0,0,0,0,0,0,0,0,0,0,0,0,0,0,0
13ARS_CMC0046,0,0,0,0,0,0,0,0,0,0,0,0,0,0,0,0,0,0
G18756067,1,0,0,0,0,0,0,0,0,0,0,0,0,0,0,0,0,0
G18762498,1,0,0,0,0,0,0,0,0,0,0,0,0,0,0,0,0,0
14ARS_MAR0050,0,0,0,0,0,0,0,0,0,0,0,0,0,0,0,0,0,0
13ARS_EVR0094,0,0,0,0,0,0,0,0,0,0,0,0,0,0,0,0,0,0
G18756080,0,0,0,0,0,0,0,0,0,0,0,0,0,0,0,0,0,0
14ARS_MAR0287,0,0,1,0,0,0,0,0,0,0,0,0,0,0,0,0,0,0
14ARS_MAR0297,0,0,0,0,0,0,0,0,0,0,0,0,0,0,0,0,0,0
13ARS_VSM0499,0,0,0,0,0,0,0,0,0,0,0,0,0,0,0,0,0,0
14ARS_DMC0067,0,0,0,0,0,0,0,0,0,0,0,0,0,0,0,0,0,0
G18756065,0,0,0,0,0,0,0,0,0,0,0,0,0,0,0,0,0,0
13ARS_VSM0425,0,0,0,0,0,0,0,0,0,0,0,0,0,0,0,0,0,0
G18756072,1,0,0,0,0,0,0,0,0,0,0,0,0,0,0,0,0,0
14ARS_CMC0057,0,0,0,0,0,0,0,0,0,0,0,0,0,0,0,0,0,0
14ARS_EVR0152,0,0,0,0,0,0,0,0,0,0,0,0,0,0,0,0,0,0
14ARS_MAR0022,0,0,0,0,0,0,0,0,0,0,0,0,0,0,0,0,0,0
13ARS_CMC0038,0,0,0,0,0,0,0,0,0,0,0,0,0,0,0,0,0,0
14ARS_VSM1037,0,0,0,0,0,0,0,0,0,0,0,0,0,0,0,0,0,0
G18760066,0,0,1,0,0,0,0,0,0,0,0,0,0,0,0,0,0,0
13ARS_CMC0079,0,0,0,0,0,0,0,0,0,0,0,0,0,0,0,0,0,0
14ARS_CMC0010,0,0,0,0,0,0,0,0,0,0,0,0,0,0,0,0,0,0
14ARS_GMH0016,0,0,0,0,0,0,0,0,0,0,0,0,0,0,0,0,0,0
13ARS_CVM0051,0,0,0,0,0,0,0,0,0,0,0,0,0,0,0,0,0,0
G18756175,0,0,0,0,0,0,0,0,0,0,0,0,0,0,0,0,0,0
G18762096,0,0,1,0,0,0,0,0,0,0,0,0,0,0,0,0,0,0
14ARS_GMH0006,0,0,0,0,0,0,0,0,0,0,0,0,0,0,0,0,0,0
14ARS_GMH0045,0,0,0,0,0,0,0,0,0,0,0,0,0,0,0,0,0,0
G18762500,1,0,0,0,0,0,0,0,0,0,0,0,0,0,0,0,0,0
14ARS_CMC0007,0,0,0,0,0,0,0,0,0,0,0,0,0,0,0,0,0,0
G18760583,0,0,0,0,0,0,0,0,0,0,0,0,0,0,0,0,0,0
G18756076,1,0,0,0,0,0,0,0,0,0,0,0,0,0,0,0,0,0
13ARS_STU0032,0,0,0,0,0,0,0,0,0,0,0,0,0,0,0,0,0,0
G18756089,1,0,0,0,0,0,0,0,0,0,0,0,0,0,0,0,0,0
G18756043,0,0,0,0,0,0,0,0,0,0,0,0,0,0,0,0,0,0
13ARS_VSM0092,0,0,0,0,0,0,0,0,0,0,0,0,0,0,0,0,0,0
14ARS_EVR0151,0,0,0,0,0,0,0,0,0,0,0,0,0,0,0,0,0,0
14ARS_VSM0064,0,0,0,0,0,0,0,0,0,0,0,0,0,0,0,0,0,0
14ARS_VSM1144,0,0,0,0,0,0,0,0,0,0,0,0,0,0,0,0,0,0
13ARS_DMC0014,0,0,0,0,0,0,0,0,0,0,0,0,0,0,0,0,0,0
13ARS_FEU0034,0,0,0,0,0,0,0,0,0,0,0,0,0,0,0,0,0,0
G18756061,1,0,0,0,0,0,0,0,0,0,0,0,0,0,0,0,0,0
13ARS_CMC0076,0,0,0,0,0,0,0,0,0,0,0,0,0,0,0,0,0,0
13ARS_MAR0356,0,0,0,0,0,0,0,0,0,0,0,0,0,0,0,0,0,0
14ARS_VSM0383,0,0,0,0,0,0,0,0,0,0,0,0,0,0,0,0,0,0
13ARS_EVR0080,0,0,0,0,0,0,0,0,0,0,0,0,0,0,0,0,0,0
13ARS_DMC0077,0,0,0,0,0,0,0,0,0,0,0,0,0,0,0,0,0,0
13ARS_VSM1019,0,0,0,0,0,0,0,0,0,0,0,0,0,0,0,0,0,0
14ARS_CMC0012,0,0,0,0,0,0,0,0,0,0,0,0,0,0,0,0,0,0
G18756087,1,0,0,0,0,0,0,0,0,0,0,0,0,0,0,0,0,0
13ARS_BRT0008,0,0,0,0,0,0,0,0,0,0,0,0,0,0,0,0,0,0
13ARS_CVM0041,0,0,0,0,0,0,0,0,0,0,0,0,0,0,0,0,0,0
14ARS_MAR0148,0,0,0,0,0,0,0,0,0,0,0,0,0,0,0,0,0,0
13ARS_CMC0066,0,0,0,0,0,0,0,0,0,0,0,0,0,0,0,0,0,0
13ARS_VSM0582,0,0,0,0,0,0,0,0,0,0,0,0,0,0,0,0,0,0
14ARS_VSM1038,0,0,0,0,0,0,0,0,0,0,0,0,0,0,0,0,0,0
14ARS_STU0048,0,0,0,0,0,0,0,0,0,0,0,0,0,0,0,0,0,0
14ARS_VSM1035,0,0,0,0,0,0,0,0,0,0,0,0,0,0,0,0,0,0
13ARS_VSM0093,0,0,0,0,0,0,0,0,0,0,0,0,0,0,0,0,0,0
14ARS_VSM0313,0,0,0,0,0,0,0,0,0,0,0,0,0,0,0,0,0,0
13ARS_VSM0426,0,0,0,0,0,0,0,0,0,0,0,0,0,0,0,0,0,0
13ARS_CMC0062,0,0,0,0,0,0,0,0,0,0,0,0,0,0,0,0,0,0
14ARS_EVR0153,0,0,0,0,0,0,0,0,0,0,0,0,0,0,0,0,0,0
13ARS_MMH0182,0,0,0,0,0,0,0,0,0,0,0,0,0,0,0,0,0,0
13ARS_CVM0004,0,0,0,0,0,0,0,0,0,0,0,0,0,0,0,0,0,0
G18756166,0,0,0,0,0,0,0,0,0,0,0,0,0,0,0,0,0,0
14ARS_VSM0978,0,0,0,0,0,0,0,0,0,0,0,0,0,0,0,0,0,0
13ARS_BGH0079,0,0,0,0,0,0,0,0,0,0,0,0,0,0,0,0,0,0
14ARS_VSM1143,0,0,0,0,0,0,0,0,0,0,0,0,0,0,0,0,0,0
G18762764,0,0,0,0,0,0,0,0,0,0,0,0,0,0,0,0,0,0
G18763530,0,0,0,0,0,0,0,0,0,0,0,0,0,0,0,0,0,0
14ARS_NMC0226,0,0,0,0,0,0,0,0,0,0,0,0,0,0,0,0,0,0
14ARS_CMC0064,0,0,0,0,0,0,0,0,0,0,0,0,0,0,0,0,0,0
14ARS_VSM0649,0,0,0,0,0,0,0,0,0,0,0,0,0,0,0,0,0,0
13ARS_EVR0109,0,0,0,0,0,0,0,0,0,0,0,0,0,0,0,0,0,0
13ARS_MAR0258,0,0,0,0,0,0,0,0,0,0,0,0,0,0,0,0,0,0
13ARS_VSM0428,0,0,0,0,1,0,0,0,0,0,0,0,0,0,0,0,0,0
14ARS_VSM0781,0,0,0,0,0,0,0,0,0,0,0,0,0,0,0,0,0,0
14ARS_BGH0148,0,0,0,0,0,0,0,0,0,0,0,0,0,0,0,0,0,0
14ARS_CMC0032,0,0,0,0,0,0,0,0,0,0,0,0,0,0,0,0,0,0
13ARS_VSM0089,0,0,0,0,0,0,0,0,0,0,0,0,0,0,0,0,0,0
13ARS_VSM0091,0,0,0,0,0,0,0,0,0,0,0,0,0,0,0,0,0,0
13ARS_CVM0104,0,0,0,0,0,0,0,0,0,0,0,0,0,0,0,0,0,0
G18762164,1,0,0,0,0,0,0,0,0,0,0,0,0,0,0,0,0,0
14ARS_CMC0008,0,0,0,0,0,0,0,0,0,0,0,0,0,0,0,0,0,0
13ARS_VSM0095,0,0,0,0,0,0,0,0,0,0,0,0,0,0,0,0,0,0
13ARS_DMC0013,0,0,0,0,0,0,0,0,0,0,0,0,0,0,0,0,0,0
13ARS_GMH0142,0,0,0,0,0,0,0,0,0,0,0,0,0,0,0,0,0,0
14ARS_CVM0042,0,0,0,0,0,0,0,0,0,0,0,0,0,0,0,0,0,0
14ARS_GMH0015,0,0,0,0,0,0,0,0,0,0,0,0,0,0,0,0,0,0
13ARS_CMC0075,0,0,0,0,0,0,0,0,0,0,0,0,0,0,0,0,0,0
14ARS_BRT0012,0,0,0,0,0,0,0,0,0,0,0,0,0,0,0,0,0,0
G18756063,1,0,0,0,0,0,0,0,0,0,0,0,0,0,0,0,0,0
13ARS_BGH0191,0,0,0,0,0,0,0,0,0,0,0,0,0,0,0,0,0,0
G18756037,0,0,0,0,0,0,0,0,0,0,0,0,0,0,0,0,0,0
14ARS_GMH0080,0,0,0,0,0,0,0,0,0,0,0,0,0,0,0,0,0,0
13ARS_NMC0111,0,0,0,0,0,0,0,0,0,0,0,0,0,0,0,0,0,0
13ARS_CMC0105,0,0,0,0,0,0,0,0,0,0,0,0,0,0,0,0,0,0
13ARS_CMC0101,0,0,0,0,0,0,0,0,0,0,0,0,0,0,0,0,0,0
14ARS_VSM1039,0,0,0,0,0,0,0,0,0,0,0,0,0,0,0,0,0,0
14ARS_DMC0013,0,0,0,0,0,0,0,0,0,0,0,0,0,0,0,0,0,0
14ARS_BRT0011,0,0,0,0,0,0,0,0,0,0,0,0,0,0,0,0,0,0
13ARS_GMH0143,0,0,0,0,0,0,0,0,0,0,0,0,0,0,0,0,0,0
G18756191,0,0,0,0,0,0,0,0,0,0,0,0,0,0,0,0,0,0
G18761243,0,0,0,0,0,0,0,1,0,0,0,0,0,0,0,0,0,0
G18760739,0,0,1,0,0,0,0,0,0,0,0,0,0,0,0,0,0,0
13ARS_BRT0009,0,0,0,0,0,0,0,0,0,0,0,0,0,0,0,0,0,0
14ARS_EVR0149,0,0,0,0,0,0,0,0,0,0,0,0,0,0,0,0,0,0
G18756036,0,0,0,0,0,0,0,0,0,0,0,0,0,0,0,0,0,0
14ARS_FEU0035,0,0,0,0,0,0,0,0,0,0,0,0,0,0,0,0,0,0
13ARS_DMC0076,0,0,0,0,0,0,0,0,0,0,0,0,0,0,0,0,0,0
14ARS_MAR0286,0,0,0,0,0,0,0,0,0,0,0,0,0,0,0,0,0,0
13ARS_EVR0006,0,0,0,0,0,0,0,0,0,0,0,0,0,0,0,0,0,0
14ARS_EVR0145,0,0,0,0,0,0,0,0,0,0,0,0,0,0,0,0,0,0
13ARS_VSM0094,0,0,0,0,0,0,0,0,0,0,0,0,0,0,0,0,0,0
G18760651,0,0,0,0,0,0,0,0,0,0,0,0,0,0,0,0,0,0
13ARS_MAR0357,0,0,0,0,0,0,0,0,0,0,0,0,0,0,0,0,0,0
14ARS_CMC0006,0,0,0,0,0,0,0,0,0,0,0,0,0,0,0,0,0,0
14ARS_CMC0056,0,0,0,0,0,0,0,0,0,0,0,0,0,0,0,0,0,0
13ARS_EVR0081,0,0,0,0,0,0,0,0,0,0,0,0,0,0,0,0,0,0
13ARS_CMC0004,0,0,0,0,0,0,0,0,0,0,0,0,0,0,0,0,0,0
13ARS_VSM0427,0,0,0,0,0,0,0,0,0,0,0,0,0,0,0,0,0,0
13ARS_VSM0088,0,0,0,0,0,0,0,0,0,0,0,0,0,0,0,0,0,0
14ARS_BGH0106,0,0,1,0,0,0,0,0,0,0,0,0,0,0,0,0,0,0
13ARS_VSM0584,0,0,0,0,0,0,0,0,0,0,0,0,0,0,0,0,0,0
14ARS_EVR0069,0,0,0,0,0,0,0,0,0,0,0,0,0,0,0,0,0,0
14ARS_VSM0864,0,0,0,0,0,0,0,0,0,0,0,0,0,0,0,0,0,0
14ARS_GMH0132,0,0,0,0,0,0,0,0,0,0,0,0,0,0,0,0,0,0
13ARS_VSM0090,0,0,0,0,0,0,0,0,0,0,0,0,0,0,0,0,0,0
G18756075,1,0,0,0,0,0,0,0,0,0,0,0,0,0,0,0,0,0
14ARS_VSM1145,0,0,0,0,0,0,0,0,0,0,0,0,0,0,0,0,0,0
14ARS_CVM0043,0,0,0,0,0,0,0,0,0,0,0,0,0,0,0,0,0,0
13ARS_CVM0005,0,0,0,0,0,0,0,0,0,0,0,0,0,0,0,0,0,0
G18761860,0,0,0,0,0,0,0,0,0,0,0,0,0,0,0,0,0,0
14ARS_CMC0050,0,0,0,0,0,0,0,0,0,0,0,0,0,0,0,0,0,0
13ARS_ZMC0088,0,0,0,0,0,0,0,0,0,0,0,0,0,0,0,0,0,0
13ARS_VSM0500,0,0,0,0,0,0,0,0,0,0,0,0,0,0,0,0,0,0
14ARS_VSM1036,0,0,0,0,0,0,0,0,0,0,0,0,0,0,0,0,0,0
13ARS_EVR0034,0,0,0,0,0,0,0,0,0,0,0,0,0,0,0,0,0,0
13ARS_VSM0424,0,0,0,0,1,0,0,0,0,0,0,0,0,0,0,0,0,0
13ARS_MAR0358,0,0,0,0,0,0,0,0,0,0,0,0,0,0,0,0,0,0
G18756070,1,0,0,0,0,0,0,0,0,0,0,0,0,0,0,0,0,0
G18756073,1,0,0,0,0,0,0,0,0,0,0,0,0,0,0,0,0,0
14ARS_EVR0104,0,0,0,0,0,0,0,0,0,0,0,0,0,0,0,0,0,0
13ARS_GMH0129,0,0,0,0,0,0,0,0,0,0,0,0,0,0,0,0,0,0
14ARS_BRT0005,0,0,0,0,0,0,0,0,0,0,0,0,0,0,0,0,0,0
13ARS_CMC0077,0,0,0,0,0,0,0,0,0,0,0,0,0,0,0,0,0,0
13ARS_EVR0073,0,0,0,0,0,0,0,0,0,0,0,0,0,0,0,0,0,0
13ARS_CMC0063,0,0,0,0,0,0,0,0,0,0,0,0,0,0,0,0,0,0
14ARS_GMH0063,0,0,0,0,0,0,0,0,0,0,0,0,0,0,0,0,0,0
13ARS_NMC0198,0,0,0,0,0,0,0,0,0,0,0,0,0,0,0,0,0,0
G18760339,0,0,0,0,0,0,0,0,0,0,0,0,0,0,0,0,0,0
14ARS_VSM0975,0,0,0,0,0,0,0,0,0,0,0,0,0,0,0,0,0,0
G18760439,0,0,0,0,0,0,0,0,0,0,0,0,0,0,0,0,0,0
14ARS_GMH0152,0,0,0,0,0,0,0,0,0,0,0,0,0,0,0,0,0,0
14ARS_BGH0107,0,0,1,0,0,0,0,0,0,0,0,0,0,0,0,0,0,0
G18763254,0,0,0,0,0,0,0,0,0,0,0,0,0,0,0,0,0,0
G18762382,0,0,0,0,0,0,0,0,0,0,0,0,0,0,0,0,0,0
13ARS_EVR0079,0,0,0,0,0,0,0,0,0,0,0,0,0,0,0,0,0,0
14ARS_CMC0011,0,0,0,0,0,0,0,0,0,0,0,0,0,0,0,0,0,0
13ARS_EVR0072,0,0,0,0,0,0,0,0,0,0,0,0,0,0,0,0,0,0
14ARS_CMC0065,0,0,0,0,0,0,0,0,0,0,0,0,0,0,0,0,0,0
13ARS_CMC0082,0,0,0,0,0,0,0,0,0,0,0,0,0,0,0,0,0,0
14ARS_DMC0066,0,0,0,0,0,0,0,0,0,0,0,0,0,0,0,0,0,0
G18762378,0,1,0,0,0,0,0,0,0,0,0,0,0,0,0,0,0,0
G18760657,0,0,0,0,0,0,0,0,0,0,0,0,0,0,0,0,0,0
G18763531,0,0,0,0,0,0,0,0,0,0,0,0,0,0,0,0,0,0
13ARS_FEU0033,0,0,0,0,0,0,0,0,0,0,0,0,0,0,0,0,0,0
14ARS_GMH0111,0,0,0,0,0,0,0,0,0,0,0,0,0,0,0,0,0,0
13ARS_CMC0041,0,0,0,0,0,0,0,0,0,0,0,0,0,0,0,0,0,0
G18762226,1,0,0,0,0,0,0,0,0,0,0,0,0,0,0,0,0,0
13ARS_BRT0010,0,0,0,0,0,0,0,0,0,0,0,0,0,0,0,0,0,0
13ARS_BRT0011,0,0,0,0,0,0,0,0,0,0,0,0,0,0,0,0,0,0
14ARS_EVR0150,0,0,0,0,0,0,0,0,0,0,0,0,0,0,0,0,0,0
14ARS_VSM0499,0,0,0,0,0,0,0,0,0,0,0,0,0,0,0,0,0,0
14ARS_EVR0018,0,0,0,0,0,0,0,0,0,0,0,0,0,0,0,0,0,0
G18756066,1,0,0,0,0,0,0,0,0,0,0,0,0,0,0,0,0,0
13ARS_EVR0033,0,0,0,0,0,0,0,0,0,0,0,0,0,0,0,0,0,0
G18761645,0,0,0,0,0,0,0,0,0,0,0,0,0,0,0,0,0,0
13ARS_GMH0012,0,0,0,0,0,0,0,0,0,0,0,0,0,0,0,0,0,0
13ARS_EVR0055,0,0,0,0,0,0,0,0,0,0,0,0,0,0,0,0,0,0
R19.2839,1,0,0,0,0,0,0,0,0,0,0,0,0,0,0,0,0,0
ERR2710502,0,0,0,0,0,0,0,0,0,0,0,0,0,0,0,0,0,0
ERR2710543,0,0,0,0,0,0,0,0,0,0,0,0,0,0,0,0,0,0
ERR2710522,0,0,0,0,0,0,0,0,0,0,0,0,0,0,0,0,0,0
ERR4244306,0,0,0,0,0,0,0,0,0,0,0,0,0,0,0,0,0,0
ERR2710515,0,0,0,0,0,0,0,0,0,0,0,0,0,0,0,0,0,0
ERR2710534,0,0,0,0,0,0,0,0,0,0,0,0,0,0,0,0,0,0
ERR4244277,0,0,0,0,0,0,0,0,0,0,0,0,0,0,0,0,0,0
ERR4244290,0,0,0,0,0,0,0,0,0,0,0,0,0,0,0,0,0,0
ERR4244343,0,0,0,0,0,0,0,0,0,0,0,0,0,0,0,0,0,0
ERR2710499,0,0,0,0,0,0,0,0,0,0,0,0,0,0,0,0,0,0
ERR2710563,0,0,0,0,0,0,0,0,0,0,0,0,0,0,0,0,0,0
ERR4244261,0,0,0,0,0,0,0,0,0,0,0,0,0,0,0,0,0,0
ERR4244329,0,0,0,0,0,0,0,0,0,0,0,0,0,0,0,0,0,0
ERR4244268,0,0,0,0,0,0,0,0,0,0,0,0,0,0,0,0,0,0
ERR4244340,0,0,0,0,0,0,0,0,0,0,0,0,0,0,0,0,0,0
ERR2710511,0,0,0,0,0,0,0,0,0,0,0,0,0,0,0,0,0,0
ERR4244297,0,0,0,0,0,0,0,0,0,0,0,0,0,0,0,0,0,0
ERR2710557,0,0,0,0,0,0,0,0,0,0,0,0,0,0,0,0,0,0
ERR2710510,0,0,0,0,0,0,0,0,0,0,0,0,0,0,0,0,0,0
ERR2710538,0,0,0,0,0,0,0,0,0,0,0,0,0,0,0,0,0,0
ERR2710542,0,0,0,0,0,0,0,0,0,0,0,0,0,0,0,0,0,0
ERR2710535,0,0,0,0,0,0,0,0,0,0,0,0,0,0,0,0,0,0
ERR2710494,0,0,0,0,0,0,0,0,0,0,0,0,0,0,0,0,0,0
ERR2710529,0,0,0,0,0,0,0,0,0,0,0,0,0,0,0,0,0,0
ERR2710517,0,0,0,0,0,0,0,0,0,0,0,0,0,0,0,0,0,0
ERR4289183,0,0,0,0,0,0,0,0,0,0,0,0,0,0,0,0,0,0
ERR2710576,0,0,0,0,0,0,0,0,0,0,0,0,0,0,0,0,0,0
ERR4244291,0,0,0,0,0,0,0,0,0,0,0,0,0,0,0,0,0,0
ERR4244300,0,0,0,0,0,0,0,0,0,0,0,0,0,0,0,0,0,0
ERR2710549,0,0,0,0,0,0,0,0,0,0,0,0,0,0,0,0,0,0
ERR2710512,0,0,0,0,0,0,0,0,0,0,0,0,0,0,0,0,0,0
ERR4244264,0,0,0,0,0,0,0,0,0,0,0,0,0,0,0,0,0,0
ERR4244321,0,0,0,0,0,0,0,0,0,0,0,0,0,0,0,0,0,0
ERR2710588,0,0,0,0,0,0,0,0,0,0,0,0,0,0,0,0,0,0
ERR4289178,0,0,0,0,0,0,0,0,0,0,0,0,0,0,0,0,0,0
ERR4244302,0,0,0,0,0,0,0,0,0,0,0,0,0,0,0,0,0,0
ERR2710540,0,0,0,0,0,0,0,0,0,0,0,0,0,0,0,0,0,0
ERR2710578,0,0,0,0,0,0,0,0,0,0,0,0,0,0,0,0,0,0
ERR2710541,0,0,0,0,0,0,0,0,0,0,0,0,0,0,0,0,0,0
ERR2710525,0,0,0,0,0,0,0,0,0,0,0,0,0,0,0,0,0,0
ERR4244342,0,0,0,0,0,0,0,0,0,0,0,0,0,0,0,0,0,0
ERR4244334,0,0,0,0,0,0,0,0,0,0,0,0,0,0,0,0,0,0
ERR2710550,0,0,0,0,0,0,0,0,0,0,0,0,0,0,0,0,0,0
ERR2710604,0,0,0,0,0,0,0,0,0,0,0,0,0,0,0,0,0,0
ERR2710506,0,0,0,0,0,0,0,0,0,0,0,0,0,0,0,0,0,0
ERR2710545,0,0,0,0,0,0,0,0,0,0,0,0,0,0,0,0,0,0
ERR2710575,0,0,0,0,0,0,0,0,0,0,0,0,0,0,0,0,0,0
ERR4244315,0,0,0,0,0,0,0,0,0,0,0,0,0,0,0,0,0,0
ERR2710531,0,0,0,0,0,0,0,0,0,0,0,0,0,0,0,0,0,0
ERR2710573,0,0,0,0,0,0,0,0,0,0,0,0,0,0,0,0,0,0
ERR4244303,0,0,0,0,0,0,0,0,0,0,0,0,0,0,0,0,0,0
ERR4244274,0,0,0,0,0,0,0,0,0,0,0,0,0,0,0,0,0,0
ERR4244301,0,0,0,0,0,0,0,0,0,0,0,0,0,0,0,0,0,0
ERR4244294,0,0,0,0,0,0,0,0,0,0,0,0,0,0,0,0,0,0
ERR4244304,0,0,0,0,0,0,0,0,0,0,0,0,0,0,0,0,0,0
ERR2710587,0,0,0,0,0,0,0,0,0,0,0,0,0,0,0,0,0,0
ERR4244275,0,0,0,0,0,0,0,0,0,0,0,0,0,0,0,0,0,0
ERR2710518,0,0,0,0,0,0,0,0,0,0,0,0,0,0,0,0,0,0
ERR2710495,0,0,0,0,0,0,0,0,0,0,0,0,0,0,0,0,0,0
ERR4244338,0,0,0,0,0,0,0,0,0,0,0,0,0,0,0,0,0,0
ERR2710585,0,0,0,0,0,0,0,0,0,0,0,0,0,0,0,0,0,0
ERR4244283,0,0,0,0,0,0,0,0,0,0,0,0,0,0,0,0,0,0
ERR4244273,0,0,0,0,0,0,0,0,0,0,0,0,0,0,0,0,0,0
ERR2710562,0,0,0,0,0,0,0,0,0,0,0,0,0,0,0,0,0,0
ERR2710564,0,0,0,0,0,0,0,0,0,0,0,0,0,0,0,0,0,0
ERR2710537,0,0,0,0,0,0,0,0,0,0,0,0,0,0,0,0,0,0
ERR4244295,0,0,0,0,0,0,0,0,0,0,0,0,0,0,0,0,0,0
ERR2710501,0,0,0,0,0,0,0,0,0,0,0,0,0,0,0,0,0,0
ERR2710513,0,0,0,0,0,0,0,0,0,0,0,0,0,0,0,0,0,0
ERR4244331,0,0,0,0,0,0,0,0,0,0,0,0,0,0,0,0,0,0
ERR4244317,0,0,0,0,0,0,0,1,0,0,0,0,0,0,0,0,0,0
ERR2710559,0,0,0,0,0,0,0,0,0,0,0,0,0,0,0,0,0,0
ERR4244269,0,0,0,0,0,0,0,0,0,0,0,0,0,0,0,0,0,0
ERR2710579,0,0,0,0,0,0,0,0,0,0,0,0,0,0,0,0,0,0
ERR2710558,0,0,0,0,0,0,0,0,0,0,0,0,0,0,0,0,0,0
ERR4244270,0,0,0,0,0,0,0,0,0,0,0,0,0,0,0,0,0,0
ERR2710505,0,0,0,0,0,0,0,0,0,0,0,0,0,0,0,0,0,0
ERR2710586,0,0,0,0,0,0,0,0,0,0,0,0,0,0,0,0,0,0
ERR2710582,0,0,0,0,0,0,0,0,0,0,0,0,0,0,0,0,0,0
ERR4244293,0,0,0,0,0,0,0,0,0,0,0,0,0,0,0,0,0,0
ERR2710523,0,0,0,0,0,0,0,0,0,0,0,0,0,0,0,0,0,0
ERR2710532,0,0,0,0,0,0,0,0,0,0,0,0,0,0,0,0,0,0
ERR2710520,0,0,0,0,0,0,0,0,0,0,0,0,0,0,0,0,0,0
ERR4244278,0,0,0,0,0,0,0,0,0,0,0,0,0,0,0,0,0,0
ERR4244328,0,0,0,0,0,0,0,0,0,0,0,0,0,0,0,0,0,0
ERR4244255,0,0,0,0,0,0,0,0,0,0,0,0,0,0,0,0,0,0
ERR4289185,0,0,0,0,0,0,0,0,0,0,0,0,0,0,0,0,0,0
ERR2710526,0,0,0,0,0,0,0,0,0,0,0,0,0,0,0,0,0,0
ERR2710514,0,0,0,0,0,0,0,0,0,0,0,0,0,0,0,0,0,0
ERR2710530,0,0,0,0,0,0,0,0,0,0,0,0,0,0,0,0,0,0
ERR4289184,0,0,0,0,0,0,0,0,0,0,0,0,0,0,0,0,0,0
ERR4244327,0,0,0,0,0,0,0,0,0,0,0,0,0,0,0,0,0,0
ERR2710592,0,0,0,0,0,0,0,0,0,0,0,0,0,0,0,0,0,0
ERR4244285,0,0,0,0,0,0,0,0,0,0,0,0,0,0,0,0,0,0
ERR2710566,0,0,0,0,0,0,0,0,0,0,0,0,0,0,0,0,0,0
ERR4289181,0,0,0,0,0,0,0,0,0,0,0,0,0,0,0,0,0,0
ERR4289180,0,0,0,0,0,0,0,0,0,0,0,0,0,0,0,0,0,0
ERR4244323,0,0,0,0,0,0,0,0,0,0,0,0,0,0,0,0,0,0
ERR2710516,0,0,0,0,0,0,0,0,0,0,0,0,0,0,0,0,0,0
ERR4244258,0,0,0,0,0,0,0,0,0,0,0,0,0,0,0,0,0,0
ERR4244271,0,0,0,0,0,0,0,0,0,0,0,0,0,0,0,0,0,0
ERR4244322,0,0,0,0,0,0,0,0,0,0,0,0,0,0,0,0,0,0
ERR2710596,0,0,0,0,0,0,0,0,0,0,0,0,0,0,0,0,0,0
ERR2710589,0,0,0,0,0,0,0,0,0,0,0,0,0,0,0,0,0,0
ERR2710570,0,0,0,0,0,0,0,0,0,0,0,0,0,0,0,0,0,0
ERR2710496,0,0,0,0,0,0,0,0,0,0,0,0,0,0,0,0,0,0
ERR2710599,0,0,0,0,0,0,0,0,0,0,0,0,0,0,0,0,0,0
ERR2710547,0,0,0,0,0,0,0,0,0,0,0,0,0,0,0,0,0,0
ERR4244287,0,0,0,0,0,0,0,0,0,0,0,0,0,0,0,0,0,0
ERR4244296,0,0,0,0,0,0,0,0,0,0,0,0,0,0,0,0,0,0
ERR2710528,0,0,0,0,0,0,0,0,0,0,0,0,0,0,0,0,0,0
ERR4244314,0,0,0,0,0,0,0,0,0,0,0,0,0,0,0,0,0,0
ERR4244266,0,0,0,0,0,0,0,0,0,0,0,0,0,0,0,0,0,0
ERR4244289,0,0,0,0,0,0,0,0,0,0,0,0,0,0,0,0,0,0
ERR4244319,1,0,0,0,0,0,0,0,0,0,0,0,0,0,0,0,0,0
ERR4244325,0,0,0,0,0,0,0,0,0,0,0,0,0,0,0,0,0,0
ERR4244286,0,0,0,0,0,0,0,0,0,0,0,0,0,0,0,0,0,0
ERR2710551,0,0,0,0,0,0,0,0,0,0,0,0,0,0,0,0,0,0
ERR4244316,1,0,0,0,0,0,0,0,0,0,0,0,0,0,0,0,0,0
ERR2710601,0,0,0,0,0,0,0,0,0,0,0,0,0,0,0,0,0,0
ERR4244284,0,0,0,0,0,0,0,0,0,0,0,0,0,0,0,0,0,0
ERR2710577,0,0,0,0,0,0,0,0,0,0,0,0,0,0,0,0,0,0
ERR2710605,0,0,0,0,0,0,0,0,0,0,0,0,0,0,0,0,0,0
ERR4899140,0,0,0,0,0,0,0,0,0,0,0,0,0,0,0,0,0,0
ERR4289182,0,0,0,0,0,0,0,0,0,0,0,0,0,0,0,0,0,0
ERR2710597,0,0,0,0,0,0,0,0,0,0,0,0,0,0,0,0,0,0
ERR2710603,0,0,0,0,0,0,0,0,0,0,0,0,0,0,0,0,0,0
ERR2710591,0,0,0,0,0,0,0,0,0,0,0,0,0,0,0,0,0,0
ERR2710567,0,0,0,0,0,0,0,0,0,0,0,0,0,0,0,0,0,0
ERR2710500,0,0,0,0,0,0,0,0,0,0,0,0,0,0,0,0,0,0
ERR2710584,0,0,0,0,0,0,0,0,0,0,0,0,0,0,0,0,0,0
ERR4244344,0,0,0,0,0,0,0,0,0,0,0,0,0,0,0,0,0,0
ERR2710527,0,0,0,0,0,0,0,0,0,0,0,0,0,0,0,0,0,0
ERR4244267,0,0,0,0,0,0,0,0,0,0,0,0,0,0,0,0,0,0
ERR4289186,0,0,0,0,0,0,0,0,0,0,0,0,0,0,0,0,0,0
ERR4244335,0,0,0,0,0,0,0,0,0,0,0,0,0,0,0,0,0,0
ERR4244318,0,0,0,0,0,0,0,0,0,0,0,0,0,0,0,0,0,0
ERR2710497,0,0,0,0,0,0,0,0,0,0,0,0,0,0,0,0,0,0
ERR4244272,0,0,0,0,0,0,0,0,0,0,0,0,0,0,0,0,0,0
ERR2710600,0,0,0,0,0,0,0,0,0,0,0,0,0,0,0,0,0,0
ERR4244262,0,0,0,0,0,0,0,0,0,0,0,0,0,0,0,0,0,0
ERR2710503,0,0,0,0,0,0,0,0,0,0,0,0,0,0,0,0,0,0
ERR2710556,0,0,0,0,0,0,0,0,0,0,0,0,0,0,0,0,0,0
ERR4244333,0,0,0,0,0,0,0,0,0,0,0,0,0,0,0,0,0,0
ERR2710580,0,0,0,0,0,0,0,0,0,0,0,0,0,0,0,0,0,0
ERR4244265,0,0,0,0,0,0,0,0,0,0,0,0,0,0,0,0,0,0
ERR2710594,0,0,0,0,0,0,0,0,0,0,0,0,0,0,0,0,0,0
ERR4244305,0,0,0,0,0,0,0,0,0,0,0,0,0,0,0,0,0,0
ERR2710504,0,0,0,0,0,0,0,0,0,0,0,0,0,0,0,0,0,0
ERR2710508,0,0,0,0,0,0,0,0,0,0,0,0,0,0,0,0,0,0
ERR4244341,0,0,0,0,0,0,0,0,0,0,0,0,0,0,0,0,0,0
ERR2710552,0,0,0,0,0,0,0,0,0,0,0,0,0,0,0,0,0,0
ERR4244298,0,0,0,0,0,0,0,0,0,0,0,0,0,0,0,0,0,0
ERR2710572,0,0,0,0,0,0,0,0,0,0,0,0,0,0,0,0,0,0
ERR2710555,0,0,0,0,0,0,0,0,0,0,0,0,0,0,0,0,0,0
ERR4244256,0,0,0,0,0,0,0,0,0,0,0,0,0,0,0,0,0,0
ERR2710533,0,0,0,0,0,0,0,0,0,0,0,0,0,0,0,0,0,0
ERR4244299,0,0,0,0,0,0,0,0,0,0,0,0,0,0,0,0,0,0
ERR2710561,0,0,0,0,0,0,0,0,0,0,0,0,0,0,0,0,0,0
ERR4289187,0,0,0,0,0,0,0,0,0,0,0,0,0,0,0,0,0,0
ERR2710568,0,0,0,0,0,0,0,0,0,0,0,0,0,0,0,0,0,0
ERR2710569,0,0,0,0,0,0,0,0,0,0,0,0,0,0,0,0,0,0
ERR2710554,0,0,0,0,0,0,0,0,0,0,0,0,0,0,0,0,0,0
ERR2710606,0,0,0,0,0,0,0,0,0,0,0,0,0,0,0,0,0,0
ERR4899141,0,0,0,0,0,0,0,0,0,0,0,0,0,0,0,0,0,0
ERR2710507,0,0,0,0,0,0,0,0,0,0,0,0,0,0,0,0,0,0
ERR2710548,0,0,0,0,0,0,0,0,0,0,0,0,0,0,0,0,0,0
ERR2710593,0,0,0,0,0,0,0,0,0,0,0,0,0,0,0,0,0,0
ERR2710602,0,0,0,0,0,0,0,0,0,0,0,0,0,0,0,0,0,0
ERR2710536,0,0,0,0,0,0,0,0,0,0,0,0,0,0,0,0,0,0
ERR2710509,0,0,0,0,0,0,0,0,0,0,0,0,0,0,0,0,0,0
ERR2710546,0,0,0,0,0,0,0,0,0,0,0,0,0,0,0,0,0,0
ERR2710544,0,0,0,0,0,0,0,0,0,0,0,0,0,0,0,0,0,0
ERR4244263,0,0,0,0,0,0,0,0,0,0,0,0,0,0,0,0,0,0
ERR4244326,0,0,0,0,0,0,0,0,0,0,0,0,0,0,0,0,0,0
ERR4244259,0,0,0,0,0,0,0,0,0,0,0,0,0,0,0,0,0,0
ERR2710539,0,0,0,0,0,0,0,0,0,0,0,0,0,0,0,0,0,0
ERR4244324,0,0,0,0,0,0,0,0,0,0,0,0,0,0,0,0,0,0
ERR4289188,0,0,0,0,0,0,0,0,0,0,0,0,0,0,0,0,0,0
ERR4244307,1,0,0,0,0,0,0,0,0,0,0,1,0,0,0,0,0,0
ERR2710498,0,0,0,0,0,0,0,0,0,0,0,0,0,0,0,0,0,0
ERR4244339,0,0,0,0,0,0,0,0,0,0,0,0,0,0,0,0,0,0
ERR4244260,0,0,0,0,0,0,0,0,0,0,0,0,0,0,0,0,0,0
ERR4244308,0,0,0,0,0,0,0,0,0,0,0,0,0,0,0,0,0,0
ERR2710571,0,0,0,0,0,0,0,0,0,0,0,0,0,0,0,0,0,0
ERR4244332,0,0,0,0,0,0,0,0,0,0,0,0,0,0,0,0,0,0
ERR2710560,0,0,0,0,0,0,0,0,0,0,0,0,0,0,0,0,0,0
ERR2710574,0,0,0,0,0,0,0,0,0,0,0,0,0,0,0,0,0,0
ERR2710583,0,0,0,0,0,0,0,0,0,0,0,0,0,0,0,0,0,0
ERR2710521,0,0,0,0,0,0,0,0,0,0,0,0,0,0,0,0,0,0
ERR4244292,0,0,0,0,0,0,0,0,0,0,0,0,0,0,0,0,0,0
ERR2710598,0,0,0,0,0,0,0,0,0,0,0,0,0,0,0,0,0,0
ERR4289189,0,0,0,0,0,0,0,0,0,0,0,0,0,0,0,0,0,0
ERR2710581,0,0,0,0,0,0,0,0,0,0,0,0,0,0,0,0,0,0
ERR2710565,0,0,0,0,0,0,0,0,0,0,0,0,0,0,0,0,0,0
ERR4289190,0,0,0,0,0,0,0,0,0,0,0,0,0,0,0,0,0,0
ERR4244276,0,0,0,0,0,0,0,0,0,0,0,0,0,0,0,0,0,0
ERR2710590,0,0,0,0,0,0,0,0,0,0,0,0,0,0,0,0,0,0
ERR2710553,0,0,0,0,0,0,0,0,0,0,0,0,0,0,0,0,0,0
ERR2710595,0,0,0,0,0,0,0,0,0,0,0,0,0,0,0,0,0,0
ERR2710524,0,0,0,0,0,0,0,0,0,0,0,0,0,0,0,0,0,0
ERR2710519,0,0,0,0,0,0,0,0,0,0,0,0,0,0,0,0,0,0
ERR4244288,0,0,0,0,0,0,0,0,0,0,0,0,0,0,0,0,0,0
HK3-16,0,0,0,0,0,0,0,0,0,0,0,0,0,0,0,0,0,0
HB-28,0,0,0,0,0,0,0,0,0,0,0,0,0,0,0,0,0,0
HB1-7,0,0,0,0,0,0,0,0,0,0,0,0,0,0,0,0,0,0
HK3-4,0,0,0,0,0,0,0,0,0,0,0,0,0,0,0,0,0,0
HG3-15,0,0,0,0,0,0,0,0,0,0,0,0,0,0,0,0,0,0
HM-8,1,0,0,0,0,0,0,0,0,0,0,0,0,0,0,0,0,0
HM-25,0,0,0,0,0,0,0,1,0,0,0,0,0,0,0,0,0,0
GM15-21,1,0,0,0,0,0,0,0,0,0,0,0,0,0,0,0,0,0
HB-27,0,0,0,0,0,0,0,0,0,0,0,0,0,0,0,0,0,0
GM20-23,1,0,0,0,0,0,0,0,0,0,0,0,0,0,0,0,0,0
HB5-6,0,0,0,0,0,0,0,0,0,0,0,0,0,0,0,0,0,0
HB1-5,0,0,0,0,0,0,0,0,0,0,0,0,0,0,0,0,0,0
HM-11,0,0,0,0,0,0,0,0,0,0,0,0,0,0,0,0,0,0
HG3-1,0,0,0,0,0,0,0,0,0,0,0,0,0,0,0,0,0,0
HB1-2,0,0,0,0,0,0,0,0,0,0,0,0,0,0,0,0,0,0
HS-17,0,0,0,0,0,0,0,0,0,0,0,0,0,0,0,0,0,0
HK3-18,0,0,0,0,0,0,0,0,0,0,0,0,0,0,0,0,0,0
GM15-24,1,0,0,0,0,0,0,0,0,0,0,0,0,0,0,0,0,0
HD-10,0,0,0,0,0,0,0,0,0,0,0,0,0,0,0,0,0,0
HM-9,0,0,0,0,0,0,0,0,0,0,0,0,0,0,0,0,0,0
HD-12,0,0,0,0,0,0,0,0,0,0,0,0,0,0,0,0,0,0
HG8-3,0,0,0,0,0,0,0,0,0,0,0,0,0,0,0,0,0,0
GM14-20,1,0,0,0,0,0,0,0,0,0,0,0,0,0,0,0,0,0
HB-29,0,0,0,0,0,0,0,0,0,0,0,0,0,0,0,0,0,0
GM20-22,1,0,0,0,0,0,0,0,0,0,0,0,0,0,0,0,0,0
HG1-14,0,0,0,0,0,0,0,0,0,0,0,0,0,0,0,0,0,0
HG3-13,0,0,0,0,0,0,0,0,0,0,0,0,0,0,0,0,0,0
HB-26,0,0,0,0,0,0,0,0,0,0,0,0,0,0,0,0,0,0
150033TY,1,0,0,0,0,0,0,0,0,0,0,0,0,0,0,0,0,0
120036TY,1,0,0,0,0,0,0,0,0,0,0,0,0,0,0,0,0,0
080014TY,1,0,0,0,0,0,0,0,0,0,0,0,1,0,0,0,0,0
120038TY,1,0,0,0,0,0,0,0,0,0,0,0,0,0,0,0,0,0
040015TY,1,0,0,0,0,0,0,0,0,0,0,0,0,0,1,0,0,0
040064TY,1,0,0,0,0,0,0,0,0,0,0,0,0,0,1,0,0,0
040080TY,0,0,0,0,0,0,0,0,0,0,0,0,0,0,0,0,0,0
150021TY,1,0,0,0,0,0,0,0,0,0,0,0,1,0,0,0,0,0
130051TY,1,0,0,0,0,0,0,0,0,0,0,0,0,0,0,0,0,0
080015TY,1,0,0,0,0,0,0,0,0,0,0,0,0,0,0,0,0,0
120048TY,1,0,0,0,0,0,0,0,0,0,0,0,1,0,0,0,0,0
120046TY,1,0,0,0,0,0,0,0,0,0,0,0,1,0,0,0,0,0
040070TY,1,0,0,0,0,0,0,0,0,0,0,0,0,0,0,0,0,0
080020TY,1,0,0,0,0,0,0,0,0,0,0,0,0,0,1,0,0,0
XDR20,1,0,0,0,0,0,0,0,0,0,0,0,0,0,0,0,0,0
2018K-0753,1,0,0,0,0,0,0,0,0,0,0,0,0,0,0,0,0,0
2018K-0755,1,0,0,0,0,0,0,0,0,0,0,0,0,0,0,0,0,0
2018K-0757,1,0,0,0,0,0,0,0,0,0,0,0,0,0,0,0,0,0
2018K-0754,1,0,0,0,0,0,0,0,0,0,0,0,0,0,0,0,0,0
2018K-0756,1,0,0,0,0,0,0,0,0,0,0,0,0,0,0,0,0,0
