NAME,CORE MATCHES,% CORE FAMILIES,% NON-CORE,GENOME LENGTH,N50,NO. CONTIGS,NON-ATCG,% GC CONTENT
G18254193,3284,100,23.9,4722716,172192,55,584,52
G18255663,3284,100,24.4,4752331,204324,57,431,52
G18255624,3283,100,24.2,4737494,172001,55,291,52.1
G18251450,3284,100,24.4,4752324,204323,49,490,52
G18254215,3283,100,23.9,4719733,206489,49,492,52
G18255649,3283,100,23.9,4719589,204323,51,193,52
G18255656,3284,100,25,4795252,190947,56,198,52
G18254208,3284,100,24.4,4752150,204323,52,392,52
G18254189,3283,100,23.9,4721048,204323,50,393,52
G18254225,3284,100,24.4,4752402,204323,54,684,52
G18251431,3283,100,23.9,4722467,161266,55,390,52
G18254221,3284,100,24.1,4737010,153696,56,96,52.1
G18254195,3283,100,23.9,4720809,185383,49,586,52
G18255645,3283,100,23.9,4722541,161266,56,294,52
G18255625,3282,99.9,23.9,4720572,190621,51,776,52
G18255626,3284,100,23.3,4682992,204323,50,195,52.1
G18251443,3283,100,23.9,4721181,204323,48,586,52
G18251439,3284,100,24.3,4751006,204323,50,191,52
G18255664,3284,100,24.4,4752643,172108,50,482,52
G18254194,3284,100,23.9,4722762,204314,52,490,52
G18254209,3284,100,24.4,4753564,204323,53,1077,52
G18255616,3284,100,24.4,4753003,204323,48,286,52
G18254205,3284,100,25,4794256,204323,56,589,52
G18255657,3282,99.9,25.1,4793635,172181,57,197,52
G18255636,3244,98.8,26.9,4820786,167668,71,9684,51.9
G18255621,3284,100,24.4,4752399,204323,48,293,52
G18251448,3284,100,25.5,4827262,204323,48,491,52
G18251432,3282,99.9,23.9,4720579,172192,48,973,52
G18254179,3284,100,23.9,4720657,190307,54,495,52
G18251444,3284,100,23.8,4719823,161266,53,197,52
G18251455,3284,100,24.4,4751712,204323,55,393,52
G18254187,3284,100,24.4,4752515,204323,48,891,52
G18255658,3282,99.9,23.9,4721752,190422,52,297,52
G18255659,3284,100,24.4,4752117,172109,53,487,52
G18254198,3284,100,25,4795057,172001,59,488,52
G18251437,3284,100,24.4,4751317,171953,52,391,52
G18251440,3284,100,25,4794541,185383,53,691,52
G18254190,3283,100,24.4,4752355,204323,56,582,52
G18255620,3284,100,24.1,4735148,204324,67,203,52
G18251446,3283,100,25,4794737,190422,57,498,52
G18255647,3283,100,23.9,4719589,204323,50,295,52
G18251463,3284,100,23.9,4719978,161266,54,292,52
G18254219,3284,100,24.4,4752786,172192,56,392,52
G18255644,3284,100,24.4,4752491,204323,50,291,52
G18251453,3284,100,24.4,4752920,204323,53,586,52
G18254196,3282,99.9,23.9,4719873,185383,51,491,52
G18255648,3284,100,24.4,4752030,204323,49,389,52
G18251445,3284,100,25,4794681,204323,53,391,52
G18255632,3284,100,24.4,4751913,204323,47,289,52
G18255655,3284,100,24.4,4753001,204323,50,587,52
G18254211,3281,99.9,25,4788425,204323,55,291,52.1
G18251458,3280,99.9,23.2,4675636,204323,118,303,52.1
G18254192,3284,100,24.4,4752692,204323,49,682,52
G18254217,3283,100,25.1,4795212,172001,57,690,52
G18251435,3284,100,24.4,4752223,171921,51,682,52
G18254202,3279,99.8,24,4723678,161262,62,394,52
G18255661,3284,100,25.6,4827793,204323,53,392,52
G18251454,3284,100,24.4,4752067,172109,55,396,52
G18251451,3283,100,25.1,4795138,172001,61,589,52
G18255615,3283,100,24.4,4752227,204323,53,386,52
G18255660,3226,98.2,27,4775141,150502,74,13018,52
G18254212,3284,100,24.4,4752638,204323,53,591,52
G18251452,3284,100,24.4,4752213,172192,53,491,52
G18255631,3284,100,24.4,4752663,204323,48,386,52
G18254218,3284,100,24.4,4751321,204323,52,295,52
G18255619,3283,100,23.9,4722139,204324,46,688,52
G18254204,3284,100,23.9,4720918,204323,50,488,52
G18254216,3283,100,23.9,4720784,161266,58,488,52
G18251449,3288,100,24.8,4778517,204319,58,297,52.1
G18255635,3280,99.9,23.7,4705206,204323,53,98,52.1
G18254214,3282,99.9,23.9,4720851,172109,55,686,52
G18255623,3284,100,24.9,4785992,204323,70,559,52
G18254226,3284,100,24.4,4751823,204323,52,494,52
G18255628,3272,99.6,24.4,4738481,172181,50,489,52
G18251436,3284,100,23.7,4708865,204337,48,294,52.1
G18255652,3284,100,24.4,4752884,204323,50,492,52
G18251447,3284,100,24.4,4752579,204323,54,489,52
G18254222,3284,100,25,4794573,204323,55,389,52
G18251438,3279,99.8,24,4723333,149339,62,389,52
G18255646,3281,99.9,23.9,4719840,161266,58,286,52
G18254203,3284,100,23.7,4708848,172001,55,590,52.1
G18254220,3284,100,24.4,4752509,204323,55,491,52
G18251459,3284,100,24.4,4753008,204323,51,688,52
G18254186,3283,100,24.2,4743807,204311,59,590,52.1
G18254213,3284,100,25,4795078,204323,58,585,52
G18254210,3284,100,25,4793967,204323,55,387,52
G18255651,3284,100,24.4,4752742,204323,49,590,52
G18251462,3273,99.7,23.9,4704955,172001,52,291,52
G18255622,3284,100,23.9,4721158,204324,51,193,52
G18255650,3284,100,24.4,4751715,204323,48,388,52
G18251430,3283,100,23.9,4720980,185383,51,780,52
G18254206,3280,99.9,23.8,4708852,204323,55,198,52.1
B26,3253,99.1,24.5,4720693,49806,186,384,52.2
B73_merged,3271,99.6,24,4708902,137188,72,189,52.1
B31,3269,99.5,24.4,4735063,65012,130,326,52.1
B52_merged,3286,99.9,24.9,4780141,179887,64,200,52.1
B49_merged,3280,99.9,24.4,4748897,143703,75,317,52
B90,3286,99.9,24.8,4779727,135620,77,198,52.1
B41_merged,3241,98.7,48.3,6867837,28343,1595,529,49.6
B380,3275,99.7,23.8,4708334,113697,85,296,52.1
B296_merged,3277,99.7,24.9,4772366,80815,111,0,52.1
B930,3279,99.8,25.1,4788309,171931,56,291,52.1
B439,3281,99.9,23.9,4719093,143353,73,195,52
B469,3277,99.8,24.4,4745911,114321,78,209,52
B357,3274,99.7,24.4,4743814,81196,114,215,52.1
B419,3284,100,24.2,4743350,149339,62,199,52
B436,3277,99.8,23.9,4712215,84620,96,196,52.1
B639_merged,3284,100,23.9,4720727,152887,57,295,52
B653,3254,99.1,24.1,4694082,46479,196,588,52.1
B950,3257,99.1,24.9,4752033,60623,160,100,52.2
B633_merged,3250,99,24,4684060,50427,186,295,52.2
B468_merged,3283,100,24.4,4753126,171953,57,390,52
B358,3275,99.7,24.5,4744442,62768,126,209,52.1
B975,3283,100,23.9,4717545,185383,63,100,52
B391,3265,99.4,24,4705714,55987,170,346,52.1
B745_merged,3282,99.9,24.4,4752227,143762,67,194,52
B1130_merged,3284,100,24.4,4751752,161266,60,292,52
B396,3273,99.7,24.4,4740875,68608,125,294,52.1
B747,3284,100,25.6,4827727,161266,64,493,52
B483,3272,99.6,24.1,4719196,89187,120,352,52.1
B798,3079,93.8,26.1,4548959,15546,549,280,52.6
B231_merged,3282,99.9,24.4,4748562,144731,69,409,52
B191_merged,3270,99.6,24.5,4740884,82036,109,289,52.1
B155,3221,98.1,24.5,4683296,35134,266,281,52.3
B628,3274,99.7,24.4,4739137,98190,99,393,52.1
B318,3282,99.8,24.8,4773479,157050,62,99,52.1
B276,3263,99.4,25.2,4776857,49861,175,104,52.1
B505,3278,99.8,23.9,4716576,153714,67,295,52
B1192_merged,3271,99.6,23.9,4705464,80047,118,393,52.1
B331,3275,99.7,24,4712192,94974,110,295,52.1
B529_merged,3275,99.7,24.4,4743338,104530,87,295,52.1
B603_merged,3272,99.6,24.5,4737737,110379,94,392,52.1
B105,3249,98.9,25.7,4787521,42235,213,110,52.2
B821_16,3253,99.1,24,4696392,87242,113,219,52.1
B113_merged,2769,84.3,34.3,4434620,6544,1010,639,52.8
B97,3282,99.8,24.8,4776398,111635,92,295,52.1
B521,3263,99.4,23.9,4698157,75727,123,404,52.1
B930_16,3270,99.6,23.5,4680363,82960,100,208,52.1
B550_merged,3284,100,24.4,4752624,204323,54,505,52
B413_merged,3279,99.8,23.9,4715448,135605,89,295,52.1
B934_16,3282,99.9,24.3,4743084,153706,60,296,52.1
B1159_merged,3282,99.9,24.4,4752071,144731,68,389,52
B908_16,3263,99.4,23.9,4693692,61258,162,197,52.2
B233_merged,3108,94.6,27.8,4680270,18572,439,310,52.4
B1153_merged,3239,98.6,24.5,4684067,45775,218,386,52.2
B832,3269,99.5,24.4,4737413,109226,91,306,52.1
B498,2528,77,39.3,4264396,5165,1237,876,52.9
B793,3272,99.6,24.4,4738805,97013,92,392,52.1
B1027_merged,3284,100,24.4,4751560,153714,62,207,52
B457_merged,3250,99,24.4,4705332,42835,207,219,52.2
B117,3276,99.8,24.4,4743653,114321,82,99,52.1
B106,3269,99.5,23.9,4707859,114468,86,392,52.1
B563_merged,3283,100,24.4,4751939,149339,64,290,52
B451_meregd,3244,98.8,25.3,4757683,55526,167,293,52.2
B816_16_merged,3249,98.9,25.6,4775677,81589,115,99,52.1
B992,3280,99.9,25,4788186,144731,57,96,52.1
B1027_16_merged,3280,99.9,23.8,4715269,113544,81,331,52
B1039_merged,3281,99.9,24.4,4749751,162354,62,295,52
422490,3278,99.8,24.1,4727810,143662,66,690,52.1
482154,3282,99.9,25.9,4847768,149291,68,513,52
325594,3281,99.9,23.9,4718960,149291,64,489,52.1
427595,3285,99.9,24.9,4785123,149291,69,489,52.1
429734,3276,99.8,23.9,4713842,152039,57,290,52
425605,3282,99.9,24,4729217,149291,59,391,52.1
495794,3281,99.9,23.9,4716535,143771,63,493,52
623239,3281,99.9,25,4785365,158528,58,692,52.1
385886,3284,100,23.8,4716474,172088,54,588,52
405940,3284,100,23.8,4718287,161218,58,490,52
473226,3274,99.7,23.9,4709571,113431,87,398,52.1
620455,3283,100,24.2,4741016,154964,63,390,52.1
565511,3284,100,23.8,4718148,153666,60,389,52
1127204,3283,100,27.8,4973539,153667,245,509,52.4
446638,3284,100,24.3,4748675,161231,53,286,52
293005,3283,100,25.9,4846425,153667,68,781,52
572146,3282,99.9,23.7,4708376,153646,58,487,52.1
1130930,3282,99.9,27.3,4937544,161218,230,602,51.9
423185,3283,100,25.9,4847078,149291,68,594,52
416218,3283,100,24.2,4739793,171873,65,491,52.1
568313,3283,100,25.9,4847327,153667,67,784,52
533437,3287,100,24.7,4776417,153648,65,487,52.1
412144,3284,100,23.8,4716240,153666,55,389,52
445161,3249,98.9,25.6,4716890,92133,154,4024,52
418900,3283,100,23.8,4717114,153666,55,587,52
435407,3283,100,25.9,4846562,153666,65,495,52
373909,3284,100,24.3,4748814,149291,61,589,52
379335,3281,99.9,24.2,4738318,144608,78,511,52.1
640315,3282,99.9,24.2,4740295,153667,70,593,52.1
563490,3276,99.8,26.1,4846019,154743,74,2987,52
636303,3283,100,23.8,4716722,149291,57,585,52
376180,3281,99.9,25,4785679,158528,54,687,52.1
604981,3284,100,28.1,4999519,161225,127,835,51.7
423187,3283,100,23.8,4715593,171897,53,294,52
646021,3287,100,24.7,4773972,153648,66,194,52.1
478553,3280,99.9,26.7,4900937,82825,183,542,52
410877,3281,99.9,24.9,4783160,149297,58,680,52.1
266919,3281,99.9,23.8,4716336,153445,59,401,52
391282,3284,100,24.3,4748669,161231,51,394,52
520545,3283,100,24.1,4732631,153666,62,406,52.1
413013,3282,99.9,23.8,4716196,171897,49,586,52
376105,3284,100,25.5,4825566,171905,62,589,52
330505,3284,100,24.3,4749023,172077,57,589,52
553893,3278,99.8,24.3,4737104,161218,63,589,52.1
385867,3283,100,23.8,4717227,153666,62,514,52
452458,3280,99.9,23.2,4675371,153661,57,643,52.1
370897,3282,99.9,24.1,4730458,149291,62,591,52.1
656789,3283,100,23.8,4716507,153667,65,409,52
362755,3280,99.9,24.1,4731386,162952,58,292,52
520601,3278,99.8,23.8,4707889,104423,104,300,52.1
555507,3283,100,23.8,4716405,153666,55,494,52
611417,3277,99.8,24.3,4734322,161155,66,390,52.1
474628#,3287,100,24.7,4774995,153648,61,386,52.1
378683,3284,100,24.3,4750236,155163,61,492,52
628085,3282,99.9,24,4728288,161698,58,492,52.1
SRR5986336,3283,100,28.5,5027679,161218,417,752,51
421190,3283,100,24.2,4739050,153666,65,193,52.1
644173,3283,100,23.8,4715237,153666,56,389,52
301867,3287,100,24.7,4775057,153648,69,682,52.1
435365,3282,99.9,24.2,4737346,153536,62,493,52.1
364179,3280,99.9,24.9,4779450,149291,64,783,51.9
423186,3252,99,23.6,4672302,171881,56,392,52
611413,3284,100,24.2,4740443,154746,61,385,52.1
617638,3284,100,24.5,4759472,161218,57,685,51.9
399379,3280,99.9,24,4718793,144683,65,492,52
604980,3284,100,24.3,4748935,135758,72,689,52
413046,3283,100,24.3,4745797,149291,58,578,52
506868,3253,99.1,25.8,4814900,204275,57,396,52.1
323883,3278,99.8,25.9,4844039,161197,65,580,52
528511,3282,99.9,23.8,4717077,161218,48,489,52
369957,3283,100,25.9,4846675,144683,69,494,52
513477,3189,97,24.7,4660105,17309,509,482,52.6
443567,3283,100,26.4,4879348,153666,93,493,52
509833,3282,99.9,24.2,4738718,143655,88,592,52.1
575134,3282,99.9,24.1,4730154,149291,58,293,52.1
438028,3282,99.9,23.9,4718825,153666,60,393,52
430289,3282,99.9,25.7,4834174,153659,96,678,52
427453,3284,100,24.3,4747070,153666,67,490,52
599592,3283,100,23.9,4718487,161219,55,493,52
619925,3283,100,25.9,4848075,161219,63,982,52
421631,3284,100,23.6,4704625,149277,63,589,52.1
378704,3284,100,24.3,4748880,146303,63,490,52
603305,3284,100,24.3,4748757,161231,53,579,52
620441,3284,100,23.9,4720097,149466,62,490,52
SRR5986335,3281,99.9,32.4,5308718,143655,799,1631,50.7
385888,3283,100,24.5,4758106,153687,54,287,51.9
598168,3284,100,24.3,4748091,161219,58,588,52
462020,3280,99.9,24.7,4770550,153657,60,581,51.9
553784,3283,100,25.3,4808899,145609,65,418,52
475740,3282,99.9,25.2,4801291,167900,165,680,52
429739,3284,100,25.5,4824544,172072,56,789,52
278083,3286,100,24.7,4774030,151551,70,600,52.1
625789,3283,100,23.8,4717145,153666,54,288,52
611069,3283,100,23.8,4714486,171873,55,581,52
623529,3284,100,24.3,4748920,153666,56,499,52
366321,3250,99,24.1,4686164,48790,221,415,52.2
342536,3279,99.8,26.4,4871661,143305,252,528,51.4
607854,3283,100,23.7,4712362,153660,60,685,52.1
520549,3281,99.9,25,4785733,153660,50,584,52.1
495793,3282,99.9,23.9,4718762,161218,59,404,52
370917,3284,100,24.5,4758469,149560,64,582,51.9
611068,3283,100,23.8,4715044,183835,55,591,52
376176,3282,99.9,25.9,4847934,151004,70,687,52
630655,3286,100,24.7,4772676,162956,68,296,52.1
346526,3252,99,25.2,4715908,103793,132,3554,52
572491,3282,99.9,23.7,4706801,171888,50,585,52.1
630656,3281,99.9,24.7,4767157,144591,74,593,52
528015,3283,100,25.9,4847934,161218,65,579,52
629341,3284,100,24.3,4749216,153666,59,492,52
379394,3283,100,24.6,4760040,149291,70,683,52.1
610004,3283,100,25.9,4846881,161218,65,391,52
376190,3283,100,25.5,4821745,153666,65,592,52
598167,3279,99.8,25.9,4843795,153667,66,383,52
545293,3283,100,24.2,4740416,171873,58,592,52.1
458103,3282,99.9,24.2,4736962,149291,66,408,52.1
467191,3283,100,23.8,4716877,153666,56,491,52
446523,3284,100,24.2,4738860,171881,62,388,52.1
625283,3281,99.9,23.9,4716359,149394,57,490,52
548862,3284,100,24.5,4762538,172102,53,500,52.1
644172,3282,99.9,23.8,4717715,153666,59,497,52
620457,3283,100,23.8,4717040,150773,56,389,52
620443,3285,100,24.7,4773018,153652,68,307,52.1
529862,3284,100,24.5,4758906,171889,53,480,51.9
SRR3321530,3180,96.8,57,8022142,38308,428,2669,55.3
481518,3281,99.9,23.9,4718557,153666,60,585,52
370622,3282,99.9,24.1,4730013,153663,58,390,52
454842,3281,99.9,23.9,4721627,149291,58,521,52.1
646024,3283,100,23.8,4716577,153666,59,315,52
374597,3284,100,23.8,4719710,153666,61,695,52
364554,3281,99.9,25,4784620,149297,57,587,52.1
428223,3283,100,23.8,4718110,153666,51,586,52
492562,3282,99.9,24,4727319,145208,56,389,52.1
648640,3284,100,23.8,4716007,153666,59,493,52
628083,3283,100,25.9,4846948,153667,67,492,52
488684,3281,99.9,25,4785688,153661,53,489,52.1
539103,3284,100,24.3,4748788,161218,53,391,52
315668,3283,100,23.8,4718661,153666,60,492,52
640316,3281,99.9,24.3,4745370,149291,71,392,52
420542,3280,99.9,24,4724125,161930,51,678,52
414660,3282,99.9,24.1,4730202,161697,56,591,52.1
1131104,3282,99.9,33,5363846,110446,529,1008,51.7
325596,3277,99.8,27.1,4906929,158363,64,695,51.9
608465,3284,100,24.3,4748973,153666,57,585,52
625780,3282,99.9,23.8,4716686,161218,56,880,52
423188,3283,100,25.9,4850619,171881,66,595,52
428237,3283,100,23.8,4713591,153659,51,480,52.1
632345,3279,99.8,25,4783289,146292,60,394,52.1
416030,3261,99.3,26.7,4835611,88280,111,1678,52
380837,3268,99.5,25.9,4829830,64852,143,561,52.1
391131,3283,100,23.8,4715953,171889,55,315,52
601705,3283,99.9,25.1,4792585,169985,53,386,52
478603,3282,99.9,24.8,4771399,143618,75,412,52.1
543893,3283,100,25.8,4845276,149479,65,686,52
606245,3279,99.8,24.2,4735681,153667,68,498,52.1
393908,3284,100,24.3,4748931,161218,54,681,52
620459,3281,99.9,25,4784720,155324,55,583,52.1
611421,3282,99.9,25.9,4846928,153667,65,888,52
628084,3284,100,24.4,4756354,161219,57,490,51.9
1131190,3284,100,26.2,4871156,144615,312,587,52
624491,3281,99.8,26.7,4890824,151218,68,491,52
410896,3284,100,24,4727267,162962,59,586,52.1
376067,3283,100,25.9,4846105,144602,78,491,52
506036,3284,100,24.9,4785483,149291,70,513,52.1
550679,3283,100,24.2,4738899,153667,63,585,52.1
520552,3283,100,23.8,4716293,149291,60,388,52
531231,3283,100,25.9,4846292,161219,62,392,52
603275,3283,100,25.4,4817758,149291,71,287,52
447684,3282,99.9,24.3,4740218,149292,69,695,52.1
610002,3284,100,23.8,4717716,153666,57,385,52
429733,3284,100,24.1,4732935,144683,61,488,52.1
420484,3284,100,23.8,4719128,149292,61,296,52
427599,3282,99.9,23.5,4693269,153654,59,490,52.1
424614,3284,100,23.8,4718061,154907,55,491,52
604919,3282,99.9,23.8,4715784,144643,71,491,52
510186,3266,99.5,23.8,4697539,54977,162,345,52.1
627329,3283,100,23.8,4717122,171889,55,689,52
480738,3287,100,24.7,4774773,144683,73,489,52.1
265725,3287,100,24.7,4775595,153648,63,483,52.1
506037,3282,99.9,26.3,4871978,150727,210,1446,52
397394,3283,100,25.9,4846919,149291,62,494,52
337061,3283,100,25.8,4845811,149291,77,492,52
550809,3284,100,23.8,4716197,153666,55,292,52
508247,3283,100,22.4,4630515,171873,45,485,52.2
430293,3283,100,23.7,4706774,171308,48,289,52.1
598141,3283,100,25.5,4824848,153666,61,681,52
606244,3284,100,24,4727404,144607,69,685,52
478535,3276,99.8,24,4719862,153660,79,443,52.1
625785,3284,100,23.8,4718007,153666,59,683,52
286702,3283,100,23.8,4714982,171897,55,516,52
435511,3282,99.9,25.7,4835564,160356,61,490,52
529275,3284,100,24.1,4734851,149291,54,487,52.1
604927,3282,99.9,23.8,4716823,161218,58,595,52
429741,3284,100,24.6,4765487,153666,54,688,52
412129,3278,99.8,24.7,4766484,179448,63,588,52.1
568311,3283,100,25.9,4847251,144683,69,392,52
634755,3283,100,25.4,4818081,153667,76,488,52
582308,3283,100,25.9,4847488,153667,63,495,52
545297,3284,100,23.8,4718477,204274,45,486,52
486547,3283,100,24.2,4739968,153667,63,493,52.1
387513,3277,99.8,24.1,4720327,135976,86,885,52
316194,3284,100,23.8,4717512,153664,58,594,52
371824,3283,100,24,4725430,150276,61,395,52
369981,3287,100,24.7,4772951,149691,69,688,52.1
495816,3283,100,23.8,4713375,171913,50,384,52.1
488683,3281,99.9,23.9,4719346,148172,60,386,52
427412,3284,100,24.2,4739002,152637,65,505,52.1
546626,3283,100,24.2,4738672,153667,60,589,52.1
611442,3280,99.9,23.4,4681738,172058,54,691,52.1
445946,3280,99.9,23.9,4717728,149258,59,510,52
325535,3283,100,21.6,4585445,161218,54,492,52.1
376083,3284,100,24.3,4749083,149291,67,785,52
568336,3283,100,25.5,4820602,185335,69,588,52
619806,3283,100,23.8,4717296,160715,55,689,52
452459,3283,100,23.8,4716067,204275,65,447,52
374038,3284,100,24.2,4740682,153666,66,498,52.1
591872,3283,100,24.4,4749062,161218,59,493,52
366365,3188,97.1,25.3,4686782,20944,452,306,52.5
379396,3283,100,24,4729026,144683,71,492,52
443568,3282,99.9,24,4724284,153666,60,391,52
314893,3284,100,24.6,4764052,152634,67,584,51.9
520539,3283,100,24.2,4740107,153666,62,389,52.1
539163,3283,100,24.2,4737771,161218,61,484,52.1
373941,3282,99.9,25.8,4841240,89175,107,646,52.1
539099,3283,100,23.9,4718653,153666,59,383,52
598140,3283,100,24.1,4733666,172093,57,588,52.1
373917,3268,99.4,25.1,4776706,81657,135,540,52.1
503133,3281,99.9,23.9,4716901,149444,55,391,52
545292,3283,100,23.8,4714236,155021,56,587,52.1
400339,3281,99.9,24.5,4757030,150756,74,462,51.9
652961,3283,100,23.8,4717209,153666,56,489,52
516318,3279,99.8,24.1,4721320,144602,61,581,52
479460,3287,100,24.7,4774773,144594,80,391,52.1
520548,3280,99.9,24.3,4743926,56151,141,383,52
529812,3284,100,23.8,4717044,171873,50,486,52
601702,3283,100,24.2,4740727,154894,61,395,52.1
482712,3281,99.9,25,4784892,153660,56,581,52.1
268672,3279,99.8,25.9,4843660,153667,67,693,52
311176,3281,99.9,25.3,4805537,153660,68,600,52
424721,3279,99.8,25.9,4831103,158363,65,392,52.1
541348,3284,100,24.8,4780106,153666,68,483,52
257030,3286,100,25,4793376,153648,97,390,52.1
417212,3284,100,24.5,4759136,161218,55,490,51.9
577910,3284,100,24.5,4758028,161218,56,581,51.9
427594,3284,100,24.5,4758742,149291,66,591,51.9
399970,3283,100,24.5,4759043,153666,58,681,51.9
432799,3284,100,24,4726123,172050,52,189,52
456197,3283,100,24.8,4778775,153657,61,481,51.9
369037,3284,100,24.5,4759442,161218,60,601,51.9
526159,3284,100,24.3,4749335,171897,52,494,52
428253,3284,100,24.3,4748274,161218,52,492,52
421192,3284,100,23.9,4725575,153666,58,291,52
423052,3282,99.9,24.1,4732838,171873,54,386,52.1
646022,3284,100,24.7,4772502,153666,66,290,52
606242,3283,100,25.9,4847068,136294,76,494,52
424715,3284,100,21.6,4585892,171881,48,487,52.1
285657,3283,100,26.5,4887319,153666,259,443,52
625282,3284,100,24.2,4739179,149480,68,682,52.1
376057,3277,99.8,24.3,4734915,153667,74,590,52.1
559077,3281,99.9,25,4785578,153661,54,773,52.1
479451,3284,100,25.5,4824647,149291,60,492,52
520543,3278,99.8,24.3,4736732,149291,68,485,52.1
631596,3284,100,24.5,4757960,154956,60,493,51.9
534759,3283,100,25.9,4847107,149291,66,405,52
492561,3284,100,23.8,4717215,153664,58,388,52
483051,3272,99.6,24.3,4718548,143677,72,2773,52
613025,3285,99.9,24.9,4787511,149465,65,676,52.1
SRR5500428,3206,97.6,29.8,4868667,43286,235,318,52.1
440109,3282,99.9,24.8,4777807,162958,57,491,51.9
503137,3282,99.9,23.9,4718286,157391,60,297,52
634745,3283,100,24.2,4741140,171913,64,587,52.1
546627,3283,100,24.2,4740136,153667,63,390,52.1
620451,3276,99.8,25.3,4786398,144722,79,2064,52.1
421706,3253,99.1,23.8,4684375,153665,61,582,52.1
604977,3283,100,25.5,4825705,144683,67,982,52
1132351,3270,99.6,27.8,4958437,105359,364,658,52.1
556786,3268,99.5,33.8,5386344,72844,248,1003,51.8
363520,3284,100,23.8,4717015,152637,62,592,52
448199,3282,99.9,25.9,4846003,143655,75,502,52
429195,3284,100,23.8,4716063,153664,59,413,52
606246,3284,100,24.5,4759304,119230,76,609,51.9
550788,3284,100,24.2,4739582,153666,62,485,52.1
290787,3284,100,23.8,4717595,153666,60,592,52
429737,3283,100,25.9,4847455,154746,62,389,52
554414,3277,99.8,24.2,4734186,153667,66,488,52.1
594793,3284,100,24.5,4758956,153666,60,383,51.9
418901,3284,100,25.5,4823158,171873,55,583,52
524805,3283,100,24.2,4737980,204275,56,490,52.1
493427,3283,100,24.5,4759799,184032,54,394,52.1
601701,3284,100,25.5,4825592,153666,54,387,52
591238,3283,100,23.8,4716807,171872,55,490,52
373914,3283,100,23.8,4716496,144586,71,622,52
422488,3262,99.3,24.5,4715396,120673,87,2451,52
572384,3283,100,28.1,4999765,153666,154,730,51.6
427447,3282,99.9,25.5,4819346,144683,71,495,52
432187,3281,99.9,25,4784952,149297,57,589,52.1
302871,3284,100,24.2,4739876,153666,66,788,52.1
436943,3252,99,23.6,4674494,171884,53,588,52
388726,3274,99.7,24.1,4716676,153666,63,1982,52
568394,3284,100,24.1,4735339,153648,56,488,52.1
420543,3283,100,24.8,4779003,172026,55,588,51.9
572145,3281,99.9,25,4786425,204275,50,785,52.1
654713,3283,100,25.8,4845956,153666,67,293,52
495756,3284,100,24.2,4739036,161218,60,483,52.1
453966,3275,99.7,25.4,4799559,149291,149,687,52.1
476605,3269,99.5,24,4702275,60576,153,887,52.1
531303,3284,100,24.2,4740717,171889,58,486,52.1
431414,3280,99.9,23.6,4699137,153660,59,394,52.1
588501,3284,100,23.8,4714326,153682,62,686,52
738672,3278,99.8,24.2,4735694,161218,64,485,52.1
708229,3283,100,23.8,4717314,171889,55,494,52
841460,3265,99.4,24.9,4759838,32077,253,660,52.2
539989,3253,99.1,23.7,4683667,153647,56,290,52.1
546605,3283,100,25.9,4848212,171873,64,388,52
806238,3283,100,23.8,4717462,171897,57,590,52
804375,3282,99.9,23.8,4715295,153666,58,686,52
745302,3283,100,24.8,4780323,146303,75,601,51.9
774358,3283,100,25.9,4850455,161218,65,587,52
853972,3284,100,24.4,4753690,161218,61,904,52
673633,3284,100,24.3,4749441,161231,52,492,52
385505,3283,100,24.3,4746301,149291,68,413,52
709075,3283,100,23.8,4717163,153666,60,289,52
746790,3284,100,23.9,4721558,171873,56,494,52
844861,3284,100,24.5,4763402,161218,60,387,51.9
678023,3123,95.1,25.6,4636821,13948,613,713,52.7
731829,3283,100,24,4726146,153665,55,485,52
802744,3284,100,24.2,4738967,153666,65,390,52.1
839265,3284,100,24.3,4748807,171873,55,692,52
751278,3284,100,24.5,4758470,161218,57,287,51.9
821166,3278,99.8,24.2,4736331,153667,63,788,52.1
812208,3283,100,24.2,4737976,185335,58,491,52
812118,3281,99.9,25,4783758,153661,59,680,52.1
837037,3283,100,24.2,4738174,149291,65,589,52
742396,3283,100,24.3,4746311,153667,66,490,52.1
731618,3284,100,24,4729775,143653,74,797,52
801479,3283,100,24.4,4748584,153666,61,493,52
846509,3282,99.9,24.2,4739470,153659,58,487,52.1
804509,3258,99.1,24.6,4743890,149291,68,684,52.1
816187,3287,100,24.7,4774300,149291,65,392,52.1
802816,3284,100,24.2,4740422,161218,62,594,52.1
825146,3284,100,24.9,4783037,172069,68,387,52.1
742417,3280,99.9,25.9,4845457,153666,68,392,52
814946,3284,100,24.5,4757374,161218,52,395,51.9
720114,3279,99.8,24.2,4735560,171862,62,392,52.1
853973,3283,100,24.2,4738750,153667,61,690,52
751217,3283,100,24.3,4746858,153666,58,681,52
814334,3284,100,23.8,4716572,153666,57,484,52
758126,3284,100,24.9,4787279,154768,72,387,52
781854,3286,100,24.7,4772977,144684,72,496,52.1
788248,3283,100,23.8,4716311,153666,59,490,52
797576,3282,99.9,24.1,4732496,162954,57,393,52
857228,3286,100,24.7,4774807,143862,74,697,52.1
802812,3284,100,24.9,4786050,153666,75,292,52
814896,3279,99.8,25.9,4843921,149480,71,503,52
774359,3282,99.9,24.2,4740300,153659,56,395,52.1
802699,3283,100,25.4,4817025,153667,73,690,52
862942,3282,99.9,24.2,4739015,153660,60,394,52.1
705231,3284,100,24.3,4748537,161231,57,492,52
818980,3281,99.9,24,4726581,153657,55,489,52.1
762229,3283,100,24.2,4741852,153667,67,493,52.1
738711,3284,100,24.3,4747855,161218,56,494,52
825145,3283,100,24.2,4739049,204275,59,480,52.1
625781,3284,100,24.5,4757405,185335,54,292,51.9
831216,3272,99.6,24.6,4754099,64731,136,837,51.9
692678,3284,100,23.8,4717178,161219,55,681,52
823533,3284,100,24.5,4759121,153666,56,494,51.9
661077,3282,99.9,23.8,4715119,171889,63,489,52.1
689024,3284,100,24,4729221,162184,55,684,52
695968,3278,99.8,26,4850498,153667,74,392,52.1
804374,3284,100,24.3,4748811,153666,58,489,52
686753,3283,100,24.3,4745348,158682,59,387,52
804508,3284,100,23.8,4716950,154746,56,495,52
785007,3286,100,24.7,4773560,144684,71,692,52.1
826387,3281,99.9,24.2,4738195,153660,61,490,52.1
730977,3279,99.8,24.2,4736168,153667,67,682,52.1
827030,3283,100,23.8,4711667,153664,57,493,52
740079,3283,100,24.2,4739828,185337,60,393,52.1
843981,3284,100,24.1,4733013,149291,64,484,52.1
800598,3280,99.9,26.8,4904496,136188,77,389,51.9
702964,3284,100,24.3,4747883,171897,52,386,52
620445,3286,100,24.7,4774030,145891,65,295,52.1
816255,3284,100,24.5,4759723,153666,61,696,51.9
707186,3279,99.8,24.2,4736290,171897,63,388,52.1
806076,3283,100,25.1,4794628,172061,57,583,52.1
753224,3283,100,24.2,4739583,154951,66,390,52.1
856336,3283,100,24.2,4738938,174676,60,588,52
819773,3287,100,28.7,5045222,149291,318,964,52
789981,3284,100,24.5,4761769,172085,54,785,52.1
749380,3284,100,24.3,4749712,171889,52,484,52
823539,3283,100,24.3,4745253,174848,62,389,52
766766,3284,100,24.5,4757885,149291,60,293,51.9
804501,3283,100,24.3,4747695,161231,56,594,52
746727,3251,99,23.8,4680504,162957,54,490,52.1
632992,3283,100,25.8,4843685,161219,64,686,52
688986,3280,99.9,23.9,4718805,143844,64,391,52
628870,3283,100,24.1,4733525,153666,62,687,52.1
741691,3284,100,24.3,4748457,161232,59,595,52
685496,3282,99.9,24.2,4739162,145820,61,390,52.1
755137,3283,100,24.2,4738706,161219,63,674,52.1
820085,3274,99.7,24,4716793,106645,99,788,52.1
722370,3284,100,24.5,4757984,153666,59,690,51.9
818988,3283,100,24.1,4735943,153667,59,580,52
539015,3284,100,27.6,4967087,153666,69,488,51.7
802737,3277,99.8,26,4843074,153667,70,679,52
553790,3287,100,24.7,4774406,149291,65,392,52.1
804370,3284,100,24.2,4739382,153666,59,490,52.1
727899,3283,100,25.9,4847800,185337,64,584,52
781848,3284,100,24.5,4758499,153666,61,684,51.9
695980,3282,99.9,24.2,4739601,150778,60,297,52.1
787550,3284,100,27.7,4972757,153666,74,492,51.7
838500,3253,99.1,24.2,4713080,149291,68,491,52.1
814337,3283,100,24.3,4747408,161231,56,293,52
702867,3282,99.9,23.8,4716381,171873,52,287,52
773734,3252,99,23.6,4671998,153666,56,592,52
802815,3284,100,24.3,4747961,153666,61,392,52
804371,3279,99.8,24.2,4736313,185336,62,490,52.1
751240,3284,100,25.3,4810872,153652,54,691,52.1
790550,3277,99.8,24.3,4739629,171873,66,492,52
802814,3284,100,24.2,4739973,149291,68,607,52.1
756216,3284,100,23.8,4717712,153664,57,609,52
780463,3283,100,24.2,4738967,174676,60,788,52
685880,3284,100,23.8,4716959,153666,58,588,52
854130,3284,100,24.6,4763463,171881,56,692,52.1
697422,3278,99.8,24.4,4740689,146312,71,1584,52.1
786648,3282,99.9,24.4,4745943,161231,55,492,52
821163,3283,100,23.8,4712861,153659,60,482,52.1
781846,3283,100,24.6,4764687,153667,74,591,52
707188,3283,100,23.8,4717739,172072,52,790,52
683160,3284,100,24.1,4732717,153664,64,490,52
802738,3284,100,24.3,4748851,154945,61,687,52
668826,3283,100,23.8,4718104,161218,56,492,52
751531,3283,100,25.9,4847958,153667,67,587,52
818191,3283,100,23.8,4716164,161218,50,393,52
675723,3283,100,25.5,4824195,154943,55,693,52
550675,3284,100,27,4926176,153665,69,388,51.8
751532,3283,100,24.2,4742609,171889,66,452,52.1
834289,3284,100,23.8,4718003,154754,57,587,52
758748,3284,100,24.8,4779025,161218,58,392,51.9
634748,3284,100,24.5,4758310,171889,58,586,51.9
673631,3278,99.8,23.6,4693725,144789,60,491,52.1
550791,3283,100,24.4,4751612,153666,55,789,52
779906,3284,100,23.8,4716928,185335,53,485,52
728777,3278,99.8,24.2,4735241,145812,70,403,52.1
810028,3283,100,25.5,4824514,161218,58,691,52
751529,3282,99.9,23.8,4716708,153666,56,592,52
820112,3274,99.7,25.1,4781946,106781,86,704,52.1
549486,3282,99.9,24.1,4730286,161626,47,482,52.1
811047,3283,100,23.8,4712766,153659,58,589,52.1
812074,3283,100,25.9,4847115,161219,66,593,52
842004,3282,99.9,25.6,4824845,149291,64,684,52
678024,3151,96,23.9,4568313,15754,556,607,52.7
770096,3282,99.9,24.1,4730833,162957,58,619,52.1
702963,3283,100,24.2,4741264,149287,62,391,52.1
709112,3283,100,23.8,4716417,146231,66,504,52
808814,3284,100,23.8,4717287,153666,58,589,52
806323,3279,99.8,25.9,4842503,153667,66,491,52
804507,3283,100,23.8,4716471,153659,61,792,52.1
808194,3283,100,24.2,4740278,153666,63,883,52.1
673627,3284,100,24.3,4749105,154724,55,491,52
716008,3284,100,24.5,4758508,153666,59,493,51.9
797590,3283,100,24.1,4733545,185335,53,485,52.1
854878,3286,100,24.7,4773446,147424,72,500,52.1
780461,3283,100,24.2,4740607,153671,66,881,52.1
669762,3281,99.9,24.2,4738982,172044,54,584,52.1
821033,3284,100,23.8,4717419,154932,54,392,52
621770,3283,100,25.8,4846027,161219,65,481,52
787256,3282,99.9,24.4,4746372,149291,67,685,52
745854,3283,100,23.8,4718215,161218,55,492,52
697418,3283,100,23.8,4715575,153666,57,385,52
680528,3284,100,23.8,4716471,153547,58,493,52
697708,3277,99.8,24.2,4734098,153667,68,491,52.1
740076,3283,100,24.2,4739551,161218,66,492,52.1
656788,3283,100,25.9,4847147,149291,69,409,52
815565,3283,100,24.2,4739841,171897,64,490,52.1
546628,3287,100,24.7,4775001,179122,62,590,52.1
838474,3283,100,24.3,4744829,153667,67,695,52.1
815556,3282,99.9,24,4724279,162958,58,584,52.1
730695,3284,100,25.3,4810967,153653,58,589,52.1
804500,3284,100,24.5,4758445,161218,57,389,51.9
831215,3284,100,24.3,4748152,135196,73,453,52
821162,3283,100,25.3,4810566,153652,57,491,52.1
685883,3281,99.9,23.3,4678170,153661,55,486,52.1
541390,3283,100,23.9,4722379,151749,57,491,52.1
749381,3279,99.8,24.2,4736718,171881,65,487,52.1
794653,3284,100,24.3,4749612,153666,59,689,52
678552,3283,100,24.6,4764015,153665,134,507,52.2
759413,3280,99.9,25.2,4798348,144575,78,488,52.1
786653,3284,100,24.4,4753608,153666,60,388,52
808189,3284,100,24.5,4762143,171796,52,587,52.1
820087,3262,99.3,24,4703142,64762,154,668,52.1
657282,3279,99.8,24.7,4758132,144603,64,481,52
768784,3282,99.9,24.2,4739801,153660,61,394,52.1
833283,3284,100,24.3,4748056,153666,58,385,52
697898,3283,100,24.2,4738878,154754,64,390,52.1
821164,3282,99.9,24.3,4740807,172069,62,796,52.1
808819,3283,100,25.9,4846726,153667,68,584,52
751533,3281,99.9,25,4789430,144690,63,587,52
749390,3284,100,24.8,4779801,171905,52,292,51.9
673629,3279,99.8,24.2,4736784,171873,63,293,52.1
853969,3286,100,24.7,4773258,153648,67,584,52.1
603273,3281,99.9,23.5,4692330,172073,49,288,52.1
806326,3283,100,25.5,4824973,153667,59,687,52
811045,3284,100,24.3,4748677,149291,56,688,52
821165,3283,100,23.8,4713723,162957,55,381,52.1
692560,3283,100,23.8,4711605,171874,55,584,52
818986,3262,99.3,24.6,4737117,171881,50,788,52.1
863398,3284,100,25.5,4825897,153666,58,585,52
659387,3281,99.9,24,4725561,149453,59,683,52.1
781842,3283,100,24.3,4744462,153667,65,491,52
798440,3284,100,23.8,4718104,161218,57,494,52
835830,3282,99.9,25.6,4824679,153574,62,391,52
723824,3283,100,24.2,4737597,174676,56,388,52
773733,3287,100,24.7,4775148,144683,70,487,52.1
785006,3284,100,24.3,4748779,171874,53,489,52
821070,3279,99.8,25.9,4843437,154809,64,393,52
915407,3278,99.6,38.9,5849147,66210,581,1179,51.5
818985,3283,100,25.9,4846572,153667,58,585,52
859967,3284,100,24.3,4749268,171889,54,290,52
834318,3284,100,23.8,4717457,153666,60,586,52
728746,3282,99.9,21.4,4570151,135011,72,717,52.2
751277,3284,100,24.8,4779122,153666,63,598,51.9
815592,3284,100,24.5,4759126,153666,60,489,51.9
790462,3283,100,25.8,4840746,153667,67,594,52
794715,3283,100,24.2,4740865,153667,63,494,52.1
553786,3279,99.8,25.9,4842447,161218,60,393,52
818192,3274,99.7,25.8,4833143,162956,54,590,52.1
674359,3281,99.9,25,4784789,158529,56,776,52.1
712247,3281,99.9,25,4785332,158528,56,775,52.1
735588,3284,100,25.8,4841415,144683,62,490,52.1
804503,3283,100,24.2,4739160,161218,56,352,52
671938,3283,100,24.3,4747998,149291,64,493,52
859986,3277,99.8,25.4,4803310,171888,68,100,52.1
723825,3283,100,24.8,4779032,184851,55,679,51.9
790463,3284,100,24.5,4758917,161218,57,403,51.9
860039,3286,100,24.7,4773539,153648,68,387,52.1
745852,3284,100,24.3,4749461,161231,56,669,52
804499,3279,99.8,24.5,4745828,144054,71,835,52
812345,3279,99.8,24.3,4739075,149293,71,549,52.1
543905,3283,100,23.8,4715461,153666,53,384,52
668824,3282,99.9,25.6,4825308,153667,64,588,52
839250,3284,100,24.2,4744278,154948,60,486,52.1
527527,3283,100,24.8,4779920,153656,52,493,51.9
721699,3283,100,24.5,4758442,149479,62,592,51.9
708227,3279,99.8,25.9,4843412,154831,66,686,52
720119,3284,100,24.5,4759903,161218,56,491,51.9
800599,3284,100,23.8,4716590,172069,56,786,52
680530,3283,100,23.8,4718163,172053,56,590,52
516873,3284,100,24.3,4747636,153666,61,317,52
731827,3284,100,24.3,4749899,161218,58,287,52
832732,3284,100,24.2,4740354,153666,62,590,52.1
539023,3287,100,24.7,4775417,162956,65,388,52.1
670218,3282,99.9,25.9,4847380,153667,67,492,52
746796,3284,100,24.8,4779889,153666,63,195,51.9
707192,3283,100,23.8,4715479,153666,58,392,52
568312,3253,99.1,24,4697587,168417,58,684,52.1
674360,3281,99.9,25,4784371,158529,57,678,52.1
811046,3283,100,24.2,4739989,153667,67,494,52.1
769806,3283,100,23.8,4714020,153665,60,390,52
851912,3283,100,25.9,4847406,153667,66,590,52
806073,3282,99.9,25.9,4846339,153667,63,588,52
814350,3279,99.8,25.9,4843116,153667,67,391,52
681344,3283,100,25.9,4848180,161218,67,289,52
814338,3284,100,27.6,4966557,153666,72,388,51.7
703181,3284,100,24.2,4739794,153666,62,588,52.1
728752,3276,99.8,25.5,4816017,74847,132,585,52
780222,3279,99.8,27,4904735,151749,64,479,51.9
641006,3284,100,24.3,4749337,153666,59,595,52
802698,3283,100,25.5,4825022,149479,67,594,52
721594,3283,100,25.6,4827801,144683,62,291,52
620447,3282,99.9,25.6,4825328,153574,60,590,52
542051,3280,99.9,24.3,4745122,110501,90,570,52
720118,3284,100,24.5,4757882,161220,58,484,51.9
839933,3281,99.9,25,4784188,153661,55,577,52.1
841461,3255,99.1,24.3,4714313,31696,274,607,52.2
758749,3282,99.9,24.2,4740168,153659,62,488,52.1
810027,3284,100,24.5,4758820,161219,58,388,51.9
824491,3284,100,24.6,4764875,153666,61,485,51.9
526160,3284,100,24.3,4749100,161218,55,494,52
802813,3283,100,24.2,4737742,153667,62,284,52
828277,3283,100,24.5,4757363,149293,62,345,51.9
503452,3284,100,25,4790815,172064,55,487,52
573176,3283,100,23.8,4718103,153666,56,586,52
802759,3284,100,24.3,4748552,154879,58,390,52
814336,3284,100,24.2,4740428,153666,63,487,52.1
826388,3283,100,24.3,4749593,161231,56,588,52
686767,3284,100,24.3,4748979,153666,55,390,52
751528,3284,100,24.3,4748425,161218,56,590,52
707187,3277,99.8,24.3,4734294,153667,72,510,52.1
811048,3282,99.9,24.2,4739162,161218,60,491,52
804498,3282,99.9,24.3,4740623,171873,62,287,52.1
815590,3282,99.9,24.2,4738696,149461,58,483,52.1
680526,3284,100,24.1,4732857,149291,61,485,52.1
683162,3283,100,25.2,4804389,162957,55,593,52.1
752170,3284,100,24.8,4779304,153666,55,193,51.9
735122,3283,100,23.8,4716856,153666,57,784,52
709076,3282,99.9,24.2,4738276,136306,71,609,52.1
841381,3284,100,24.5,4758584,161218,57,494,51.9
699766,3283,100,25.8,4840066,154746,66,494,52
780210,3285,100,25.2,4803914,145342,82,588,52.1
839263,3283,100,24.2,4739151,154724,61,595,52
788281,3283,100,25.8,4844478,185335,63,581,52
660433,3286,100,26.4,4881526,144683,71,589,52.1
832733,3282,99.9,24.2,4739772,149287,62,586,52.1
745853,3283,100,25.5,4823548,153666,56,592,52
823471,3283,100,23.9,4718447,161218,53,874,52
773645,3284,100,24.5,4762290,171919,52,687,52.1
675733,3286,100,24.7,4775132,149465,68,880,52.1
751281,3284,100,24.5,4758402,153666,58,494,51.9
538442,3283,100,24.4,4749061,150727,57,493,52
749384,3283,100,24,4726811,153665,55,490,52
568393,3284,100,23.8,4716903,161218,52,284,52
740077,3283,100,25.9,4846352,154678,64,479,52
511657,3283,100,24.3,4748722,149291,58,389,52
510184,3226,98.2,26.6,4826121,27443,343,512,52.3
735872,3283,100,25.8,4840688,153667,68,592,52
747854,3283,100,25.4,4818241,149291,78,791,52
823529,3283,100,25.5,4825134,153667,63,593,52
818979,3279,99.8,25.9,4840194,161219,59,285,52
808872,3284,100,24.4,4753890,154879,58,605,52
621381,3284,100,24.3,4748331,172080,55,493,52
323080,3279,99.8,25.4,4807425,153659,63,687,52
841382,3281,99.9,24.9,4777968,153661,53,387,52.1
728773,3277,99.8,24.2,4733993,141781,74,500,52.1
850031,3283,100,25.6,4828775,161218,58,604,52
720116,3284,100,24.1,4737308,171889,61,293,52.1
712528,3283,100,24.5,4757976,171889,54,586,51.9
730777,3277,99.8,24.3,4734909,153667,70,393,52.1
674361,3284,100,24.3,4748736,150779,61,494,52
720113,3277,99.8,24.3,4735494,161155,65,681,52.1
520489,3285,99.9,24.8,4774729,103761,94,412,52.1
785009,3281,99.9,25,4784953,149297,57,584,52.1
861122,3284,100,24.5,4761670,162481,54,683,52.1
814923,3283,100,23.8,4715187,172104,48,487,52.1
827034,3282,99.9,23.8,4710885,149289,66,295,52.1
688984,3284,100,24.3,4748949,161217,57,498,52
613095,3284,100,28.3,5012430,153666,256,781,51.9
735874,3283,100,24.2,4740060,153667,66,492,52.1
735089,3280,99.9,25.7,4826987,149292,66,288,52
18NP_318,3274,99.7,24.2,4715488,80903,98,338,52
2019,3284,100,23.9,4720744,149358,60,512,52
1997,3284,100,23.9,4719807,147307,58,403,52
2004,3284,100,23.8,4719201,204323,57,394,52
UJ19A,3284,100,26.7,4906127,183421,306,241,51.6
ST1718G,3284,100,26.5,4887084,204322,275,318,51.6
ST7833G,3284,100,26.2,4873149,163016,251,307,51.7
UJ6G,3284,100,27.7,4968576,204322,287,299,51.6
TS850A,3284,100,24.9,4787566,204322,130,302,51.9
ST17056A,3284,100,26.1,4863747,204322,248,193,51.7
ST18820A,3284,100,27,4920811,204322,315,221,51.6
ST18652A,3284,100,27.3,4943937,204322,353,504,51.5
UJ212G,3284,100,24.6,4769285,204322,296,188,51.7
UJ212A,3284,100,26.8,4912560,204322,313,98,51.6
ST17056G,3284,100,27.1,4933381,204322,325,405,51.5
TS185A,3284,100,27.3,4944177,204322,342,299,51.5
UJ6A,3284,100,26.9,4916004,204322,221,504,51.7
ST13008G,3284,100,27.9,4983688,204322,406,345,51.4
YB352,3284,100,25.6,4828188,204322,191,183,51.8
TS797A,3280,99.9,26.3,4874087,183421,269,493,51.6
TS285A,3284,100,26.5,4889524,204322,273,261,51.6
ST64G,3284,100,26.6,4896085,187741,295,268,51.6
TS28A,3284,100,25.6,4832850,204322,199,380,51.8
ST17566A,3284,100,24.8,4779411,204322,118,311,51.9
ST10097A,3284,100,26.3,4877240,204322,261,109,51.7
ST10373G,3284,100,28.5,5030267,172352,448,361,51.3
UJ409A,3284,100,25,4792004,204322,137,292,51.9
ST19024A,3284,100,27.4,4950874,204322,350,246,51.5
UJ208A,3284,100,26.8,4912287,204322,300,192,51.6
UJ185G,3284,100,26.7,4904053,204322,299,247,51.6
ST15034G,3284,100,26.7,4903634,204322,290,226,51.6
ST16451G,3284,100,28.5,5027074,204322,445,268,51.3
ST2288A,3284,100,27.3,4942521,204322,352,514,51.5
ST3933G,3284,100,26.4,4884150,183421,261,296,51.6
YB559,3283,100,26.8,4909846,204322,306,191,51.6
UJ185A,3284,100,28.5,5028557,183421,448,522,51.3
TS876A,3284,100,26.4,4882629,204322,259,309,51.6
UJ5G,3284,100,27.7,4968908,204322,371,380,51.4
UJ164A,3284,100,26.5,4891160,204322,280,300,51.6
ST19027G,3284,100,26.9,4915691,183421,312,212,51.5
ST16015G,3284,100,27.1,4930673,204322,324,309,51.5
YB611,3284,100,26.6,4897492,204322,284,213,51.6
ST11789A,3284,100,26,4857665,204322,225,199,51.7
ST76A,3284,100,26.7,4901090,204322,282,401,51.6
YB366,3284,100,25.8,4845041,184461,218,348,51.7
BKQMKT,3283,100,25.7,4836703,172001,62,496,52
BHADIG,3284,100,24.2,4744093,204323,59,492,52.1
BHAEQ8,3284,100,24.3,4746250,206252,57,290,52.1
BKQPWL,3284,100,24.3,4747184,185383,65,587,52.1
BKQK3B,3283,100,24.3,4744098,204323,57,491,52.1
BKQLG3,3284,100,24.4,4757331,204303,69,484,52
BKQI43,3283,100,24.3,4744369,160900,62,492,52.1
BKQPRE,3284,100,24.2,4744575,217842,56,583,52.1
BKQKH4,3284,100,24.5,4759738,204323,70,291,52
BKQJBG,3284,100,24.3,4744952,172289,62,486,52.1
BKQTEC,3283,100,24.3,4743740,172001,59,584,52.1
BKQLXU,3284,100,25.7,4834927,204323,59,288,52
BKQM3W,3284,100,24.2,4743611,204323,58,394,52.1
BKQLU0,3283,100,24.3,4743150,190424,59,195,52.1
BKQVCF,3283,100,24.3,4743854,185383,59,497,52.1
BUV1CB,3284,100,24.2,4742127,204323,58,294,52.1
BKQTB3,3284,100,24.2,4744498,204323,60,392,52.1
BKQJ29,3283,100,24.3,4743654,172109,60,494,52.1
BHAEPR,3284,100,24.2,4743876,204323,58,497,52.1
BKQRVB,3284,100,24.2,4744661,204323,61,496,52.1
BHAEG1,3284,100,24.2,4744195,204323,57,488,52.1
BKQTHU,3284,100,24.2,4743654,204323,56,295,52.1
BKQTBX,3284,100,24.3,4744868,172289,59,685,52.1
BHADQ1,3284,100,24.2,4743129,172001,60,193,52.1
BKQJA2,3283,100,24.5,4757271,172109,69,596,52
BKQL3T,3284,100,24.2,4744502,204323,59,494,52.1
BHAF8A,3284,100,24.2,4743614,185383,58,397,52.1
BVJ14U,3284,100,24.2,4744401,172109,63,592,52.1
BKQKC9,3284,100,24.2,4743647,204303,59,393,52.1
BKQJ4I,3284,100,24.3,4745060,185781,60,984,52.1
BKQJH5,3284,100,24.2,4744366,204323,60,787,52.1
BHAFRN,3284,100,24.2,4743223,161266,60,392,52.1
BKQPIJ,3284,100,24.2,4744276,204323,58,588,52.1
BHAESY,3284,100,24.2,4743693,204323,56,396,52.1
BHAFFS,3284,100,24.2,4743781,204323,59,196,52.1
BHAEHJ,3284,100,24.4,4751696,204303,64,492,52.1
BKQR2I,3284,100,24.2,4744519,190422,58,389,52.1
BKQQQF,3284,100,24.2,4743932,217842,60,289,52.1
BKQLVR,3284,100,24.2,4743918,204323,57,290,52.1
BKQLJQ,3284,100,24.2,4744205,204323,56,592,52.1
BKQJJQ,3284,100,24.6,4765520,161266,87,303,52
BKQNEP,3284,100,24.2,4743752,204323,58,490,52.1
BHAE20,3284,100,24.2,4743642,204323,58,192,52.1
BKQKM3,3284,100,24.2,4743697,172109,60,294,52.1
BKQMJR,3284,100,24.2,4743709,204323,60,391,52.1
BKQTM6,3284,100,24.2,4744343,185383,59,586,52.1
BKQMG9,3284,100,24.2,4743618,204323,56,388,52.1
BKQQ8X,3284,100,24.2,4743868,204323,58,489,52.1
BKQRRP,3283,100,24.3,4744264,185383,59,590,52.1
BHAGRF,3284,100,24.2,4742832,172001,59,293,52.1
BHAEKG,3284,100,24.2,4743320,185383,57,190,52.1
BHAF2E,3284,100,24.2,4743823,204323,57,589,52.1
BHAFEY,3283,100,24.3,4743879,172109,61,589,52.1
BKQNFB,3284,100,24.2,4744152,204323,57,394,52.1
BKQQ4E,3284,100,24.2,4743800,204323,56,585,52.1
BHAGGZ,3284,100,24.2,4743871,172110,57,394,52.1
BKQJH9,3283,100,24.5,4755966,184427,70,388,52
BKQK8E,3284,100,24.3,4745891,204323,61,291,52.1
BKQK38,3284,100,24.2,4743324,185383,58,293,52.1
BKQKBS,3284,100,24.2,4743728,185383,58,390,52.1
BHAF6A,3284,100,24.2,4743229,185383,58,390,52.1
BKQQ8F,3283,100,24.3,4746837,204323,67,292,52.1
BHADDR,3284,100,24.2,4743749,172109,60,578,52.1
BKQT77,3284,100,24.3,4744983,204323,60,389,52.1
BKQPU8,3284,100,24.2,4743786,204323,57,489,52.1
BKQKSK,3284,100,24.2,4744098,190422,58,388,52.1
BKQMME,3284,100,24.2,4744625,204323,59,492,52.1
BKQS0J,3284,100,24.2,4744552,185383,55,587,52.1
BKQRK2,3284,100,24.2,4744552,172115,59,591,52.1
BHACBB,3284,100,24.3,4745004,217842,58,587,52.1
BKQTZV,3283,100,26.8,4908477,185383,64,691,51.8
BKQN6F,3284,100,24.2,4744623,172289,60,393,52.1
BHAEET,3284,100,24.2,4743434,204323,58,99,52.1
BKQKZ7,3284,100,24.2,4743624,204323,56,395,52.1
BHAF30,3284,100,24.2,4744095,172289,59,493,52.1
BHACGW,3284,100,24.2,4743734,190422,59,198,52.1
BHADHE,3284,100,24.2,4743552,171977,59,490,52.1
BHACQ6,3284,100,24.2,4743794,204323,58,492,52.1
BKQMQU,3284,100,24.3,4746110,204323,60,290,52
BKQQ1Y,3284,100,24.5,4762118,204323,76,387,52
BKQPCB,3284,100,24.2,4743782,185383,58,294,52.1
BKQKKD,3284,100,25.7,4838560,206268,59,594,52
BKQU3X,3284,100,26.7,4905047,185383,57,394,51.8
BKQNDX,3283,100,24.3,4747431,185383,63,590,52.1
BKQRTR,3284,100,24.2,4743306,204323,59,591,52.1
BHAGHP,3283,100,24.3,4744515,172001,63,590,52.1
BKQL04,3284,100,24.2,4743788,204303,59,590,52.1
BKQNBY,3284,100,24.2,4744336,217842,57,594,52.1
BKQRKE,3284,100,24.2,4744303,204323,56,194,52.1
BHADBD,3284,100,25.7,4834762,204323,61,586,52
BHAC8H,3284,100,24.2,4744398,204323,55,391,52.1
BHAC8C,3284,100,24.2,4744308,206268,57,392,52.1
BKQU0B,3283,100,24.2,4741725,172196,60,784,52.1
BKQLG6,3283,100,24.5,4756825,204323,69,192,52
BKQIZ3,3284,100,24.2,4743989,204303,59,497,52.1
BKQQPG,3284,100,24.2,4744576,190299,61,393,52.1
BKQR7C,3284,100,24.2,4744169,185383,59,492,52.1
BKQK9W,3284,100,24.2,4743884,172109,62,392,52.1
BKQKM1,3284,100,24.2,4743459,204323,60,393,52.1
BHAEB1,3284,100,24.2,4743790,185383,59,394,52.1
BKQU19,3284,100,24.3,4746204,217842,57,293,52.1
BKQMKY,3284,100,24.2,4744389,217842,58,588,52.1
BKQQYB,3284,100,24.4,4754174,172109,71,497,52.1
BKQJAY,3283,100,24.4,4753087,204323,64,395,52
BKQIQ7,3283,100,24.3,4743535,204323,60,494,52.1
BHAD8D,3284,100,24.2,4744005,172289,59,496,52.1
BKQLK9,3284,100,24.2,4744058,172289,63,595,52.1
BKQNTP,3284,100,24.2,4743672,204323,56,391,52.1
BKQJQ9,3284,100,24.4,4751531,190564,61,392,52.1
BKQTCC,3284,100,24.2,4742362,204323,56,190,52.1
BHAEMP,3284,100,24.2,4743896,172109,59,495,52.1
BKQHLW,3284,100,24.2,4744225,204323,62,391,52.1
BKQKW8,3284,100,24.4,4754641,204323,62,393,52
BHAEIJ,3284,100,24.5,4757525,172109,71,289,52
BHAEDM,3284,100,24.2,4743784,217842,58,194,52.1
BHADFC,3284,100,24.3,4750357,206262,60,198,52
BKQN7E,3284,100,24.3,4746407,204323,62,302,52.1
BHAEF6,3284,100,24.2,4743705,185383,58,394,52.1
BKQM0F,3284,100,24.2,4743675,204323,57,392,52.1
BHAEPI,3284,100,24.2,4744110,204323,61,591,52.1
BKQLPR,3284,100,24.2,4743837,172109,59,494,52.1
BHACYS,3284,100,24.2,4744457,172289,62,490,52.1
BKQMCE,3284,100,24.2,4743967,172817,62,394,52.1
BHAELB,3284,100,24.2,4743801,185383,58,390,52.1
BKQIPF,3284,100,24.2,4744117,204303,56,386,52.1
BHAD7S,3283,100,24.3,4743755,203465,60,690,52.1
BKQN9J,3284,100,24.2,4743972,204323,57,390,52.1
BHACIH,3284,100,24.2,4744694,204323,57,394,52.1
BKQKJC,3284,100,24.3,4747121,184427,62,294,52.1
BKQK2L,3284,100,24.2,4743662,204323,57,294,52.1
BKQJZT,3284,100,24.2,4744265,206250,55,188,52.1
BKQPX1,3284,100,24.4,4754583,204323,70,300,52.1
BHAEUN,3284,100,24.6,4764507,204323,83,295,52
BHAF3M,3284,100,24.2,4744464,190422,59,489,52.1
BKQJD6,3283,100,24.6,4766988,190499,85,680,52
BHADPK,3284,100,24.2,4743879,185383,58,389,52.1
BKQIGU,3283,100,24.3,4744494,171993,59,587,52.1
BHADX1,3284,100,24.2,4744220,204323,58,684,52.1
BKQNI9,3284,100,24.2,4743217,204323,56,196,52.1
BHAEMQ,3284,100,24.2,4743630,204303,58,691,52.1
BHACK9,3284,100,24.2,4744282,172289,59,290,52.1
BKQIEN,3283,100,24.3,4745171,185383,61,490,52.1
BKQJM0,3283,100,24.3,4743438,204323,59,394,52.1
BHAEWA,3284,100,24.3,4750735,155046,72,590,52
BKQQX4,3284,100,24.5,4760869,185383,78,196,52
BKQLFF,3284,100,24.2,4743736,204323,57,492,52.1
BKQPF0,3284,100,24.2,4743369,204303,57,391,52.1
BKQLYV,3284,100,24.2,4744009,190552,59,492,52.1
BKQNAJ,3284,100,24.2,4743658,185383,58,389,52.1
BKQQ6A,3284,100,24.3,4750381,204323,63,391,52.1
BHACVD,3284,100,24.2,4743596,161262,62,194,52.1
BKQJRA,3283,100,24.4,4750798,172192,66,398,52
BKQR8G,3284,100,24.4,4755931,204323,68,98,52
BKQP3Q,3284,100,24.2,4743919,172817,63,294,52.1
BHACY5,3284,100,24.3,4745240,172239,59,790,52.1
BKQI7Q,3284,100,24.2,4743732,185383,57,496,52.1
BKQLEY,3284,100,24.5,4759272,204323,73,288,52
BKQKZI,3284,100,24.3,4745291,172109,61,293,52.1
BKQKMH,3284,100,24.2,4744057,172109,62,394,52.1
BKQPF2,3284,100,24.2,4744016,204323,59,290,52.1
BKQP41,3284,100,24.2,4743811,204323,59,291,52.1
BKQKM0,3284,100,24.2,4743567,204323,58,394,52.1
BKQK4E,3284,100,24.2,4743799,204323,57,294,52.1
BKQS45,3284,100,24.2,4744736,172109,61,488,52.1
BHAFAR,3284,100,24.2,4743120,172181,60,196,52.1
BKQTCY,3284,100,24.3,4745568,204323,61,686,52.1
BHAERK,3284,100,24.2,4744340,190422,59,292,52.1
BKQIFG,3284,100,24.2,4744077,204323,59,196,52.1
BHAFEI,3282,99.9,24.2,4742642,185293,58,192,52.1
BKQRHE,3284,100,24.2,4743643,185483,58,197,52.1
BKQIZ7,3284,100,24.2,4743976,204323,59,390,52.1
BKQJE5,3284,100,24.4,4751132,204323,64,403,52
BKQMFV,3284,100,24.2,4744392,172300,63,390,52.1
BKQR6U,3283,100,24.3,4743694,153714,63,293,52.1
BHAF7U,3284,100,24.2,4743781,185383,58,497,52.1
BKQVCA,3284,100,24.2,4743330,204323,60,295,52.1
BKQKAV,3284,100,24.2,4744148,204323,59,489,52.1
BHAC6H,3284,100,24.2,4744033,204323,57,494,52.1
BKQQR5,3284,100,24.2,4743272,204323,58,287,52.1
BKQQR3,3284,100,24.2,4744516,204323,59,785,52.1
BKQT8S,3284,100,26.8,4907073,204323,58,497,51.8
BKQKSA,3284,100,24.2,4743826,204303,56,393,52.1
BKQKY5,3284,100,24.6,4769788,172289,100,681,52
BKQTE9,3284,100,24.2,4743884,172300,60,491,52.1
BKQRTY,3284,100,24.2,4743377,204323,57,294,52.1
BKQKRS,3284,100,24.2,4744741,204323,60,286,52.1
BKQL5N,3283,100,24.5,4755997,204323,67,788,52
BKQU02,3284,100,24.3,4745273,161266,62,787,52.1
BHAFKZ,3284,100,24.2,4743341,172109,60,587,52.1
BHAE40,3284,100,24.2,4744050,172109,59,292,52.1
BHACVB,3283,100,24.3,4744284,172181,64,291,52.1
BHACVF,3284,100,24.2,4743438,204323,56,388,52.1
BKQTFJ,3284,100,24.2,4744521,185384,61,687,52.1
BHADS5,3284,100,24.2,4743638,204323,57,294,52.1
BKQIM9,3284,100,24.2,4743370,185783,58,492,52.1
BHADXM,3284,100,24.2,4743972,172300,59,586,52.1
BHAF77,3284,100,24.3,4744473,204323,61,795,52.1
BHADGF,3284,100,24.5,4758146,190438,78,193,52
BKQR31,3284,100,24.2,4743422,185385,58,388,52.1
BHAFDP,3282,99.9,24.3,4743168,204323,56,295,52.1
BHAFLR,3284,100,24.2,4743576,204323,58,292,52.1
BKQKYN,3284,100,24.4,4755619,190422,70,206,52
BHAD4E,3284,100,24.2,4744246,172300,60,789,52.1
BKQIZG,3284,100,24.2,4744213,204323,57,493,52.1
BHAC7P,3284,100,24.2,4744382,204324,58,394,52.1
BKQILX,3283,100,24.3,4745439,161266,66,391,52.1
BHAEFY,3283,100,24.3,4743498,204323,58,692,52.1
BKQKA6,3284,100,24.2,4744741,206253,56,678,52.1
BKQS5K,3284,100,24.2,4742504,171993,60,97,52.1
BHAE1S,3284,100,24.2,4743842,204323,57,390,52.1
BKQHLD,3284,100,24.2,4740702,190698,59,493,52.1
BKQJTG,3283,100,24.5,4761880,172109,75,493,52
BKQQS8,3284,100,24.2,4743740,204323,56,391,52.1
BKQJLX,3283,100,24.3,4743935,185383,59,692,52.1
BKQRDD,3283,100,24.3,4743957,204323,59,496,52.1
BKQMFQ,3284,100,24.2,4743802,172109,59,493,52.1
BKQIW3,3284,100,24.2,4743204,204323,57,291,52.1
BKQMXD,3284,100,24.2,4744386,204323,62,588,52.1
BKQR4J,3283,100,24.4,4755036,185383,75,294,52
BKQU74,3284,100,24.2,4743864,161262,59,387,52.1
BHAEMN,3284,100,24.2,4743755,204323,57,495,52.1
BKQKSM,3284,100,24.3,4748868,204323,62,394,52.1
BKQMK4,3284,100,24.3,4744812,204323,62,588,52.1
BHAF8C,3284,100,24.4,4755118,204323,70,494,52.1
BKQM4S,3284,100,24.2,4743252,172108,59,491,52.1
BKQKRT,3283,100,24.3,4743424,172108,59,484,52.1
BKQLYW,3284,100,24.2,4743607,185383,58,393,52.1
BKQTAY,3284,100,24.2,4743893,172301,59,884,52.1
BKQJY1,3284,100,30.2,5151179,172109,638,650,50.8
BKQMCC,3284,100,24.2,4743927,204323,61,488,52.1
BKQMVB,3284,100,24.4,4754614,206266,71,295,52
BHAFFC,3283,100,24.3,4745954,184899,62,591,52.1
BHAFEN,3284,100,24.2,4743560,217842,57,385,52.1
BKQPPJ,3284,100,24.2,4743551,204323,57,193,52.1
BKQKDF,3284,100,24.2,4744179,204323,58,495,52.1
BKQKPB,3284,100,24.2,4743966,172123,62,584,52.1
BKQKJQ,3284,100,24.2,4744046,204323,59,396,52.1
BKQQHC,3284,100,24.4,4756612,206266,67,391,52
BKQRMM,3283,100,24.3,4749222,185383,63,395,52
BKQN73,3284,100,24.2,4743614,172109,60,588,52.1
BHADEF,3284,100,24.3,4749443,204323,63,286,52
BHAFSC,3284,100,24.3,4749627,204323,62,295,52
BKQKED,3284,100,24.2,4744184,204323,59,389,52.1
BKQK1D,3284,100,24.3,4749434,204323,58,392,52.1
BKQK31,3284,100,24.2,4743305,204323,57,296,52.1
BHADR6,3284,100,24.2,4744077,206247,60,192,52.1
BKQN8F,3284,100,24.2,4744649,190564,61,491,52.1
BKQTEE,3284,100,24.2,4743159,204323,60,294,52.1
BKQLJI,3283,100,24.3,4743204,172300,61,390,52.1
BHAE1U,3284,100,24.2,4743956,204303,59,295,52.1
BKQPUF,3284,100,24.2,4743784,204323,58,393,52.1
BHAE16,3284,100,24.2,4743555,185383,59,388,52.1
BKQLN6,3283,100,24.3,4743481,172109,60,491,52.1
BHAFSL,3283,100,24.3,4744340,172109,60,788,52.1
BKQQY6,3284,100,24.2,4743906,161266,60,293,52.1
BKQPZL,3284,100,24.3,4749207,185350,64,294,52
BHAGFD,3284,100,24.2,4743752,204323,57,393,52.1
BKQIY2,3284,100,24.2,4743403,204323,58,198,52.1
BHAFCF,3284,100,24.2,4744105,204323,59,391,52.1
BKQPZ2,3284,100,24.2,4743348,172181,59,393,52.1
BKQMH6,3284,100,24.2,4744281,172109,60,493,52.1
ERR5243661,3211,97.8,24.5,4662273,24667,357,205,52.3
ERR5243717,3152,96,24.4,4593552,15795,553,250,52.6
ERR5243710,3248,98.9,24,4686145,42038,220,323,52.2
ERR5243707,3238,98.6,23.9,4668144,33271,260,209,52.3
ERR5243670,3230,98.4,24.4,4676317,25394,343,228,52.3
ERR5243652,3258,99.2,24.1,4699721,45732,215,109,52.2
ERR5243669,3203,97.5,26,4747825,21192,400,208,52.3
ERR5243655,3229,98.3,24.2,4675708,35529,275,317,52.3
ERR5243674,3200,97.4,24.2,4636124,27318,329,172,52.4
ERR5243675,3216,97.9,23.6,4618029,27232,303,446,52.4
ERR5243659,3250,99,24.1,4693290,43147,201,393,52.2
ERR5243706,3202,97.5,24.4,4653243,26675,322,238,52.3
ERR5243656,3124,95.1,25.6,4602256,14332,591,2806,52.5
ERR5243641,3221,98.1,28.9,4971287,31294,532,170,52.3
ERR5243701,3245,98.8,25.2,4756158,38014,217,403,52.2
ERR5243697,3236,98.5,24.3,4687212,36224,262,435,52.2
ERR5243657,3208,97.7,24.1,4643718,28898,325,137,52.3
ERR5243708,3074,93.6,26.9,4580334,12092,683,4044,52.6
ERR5243703,3225,98.2,23.8,4650831,27785,317,208,52.3
ERR5243712,3266,99.5,24,4708004,64206,131,409,52.1
ERR5243702,3239,98.6,24.1,4677022,36339,244,238,52.2
ERR5243673,3221,98.1,24.4,4674983,25190,352,321,52.3
ERR5243664,3203,97.5,24,4625511,22565,382,309,52.4
ERR5243682,3231,98.4,24.4,4685101,37688,238,120,52.2
ERR5243709,3269,99.5,26.9,4894301,60624,157,198,52.1
ERR5243713,3209,97.7,24.1,4643446,27879,307,409,52.4
ERR5243677,3215,97.9,24.2,4659226,23073,363,247,52.4
ERR5243660,3236,98.5,24.4,4688472,25522,333,130,52.3
ERR5243686,3241,98.7,23.9,4666987,34716,254,110,52.2
ERR5243691,3238,98.6,24.3,4687909,32898,241,307,52.2
ERR5243665,3240,98.7,24,4674455,45291,211,290,52.2
ERR5243705,3232,98.4,22.3,4565105,36351,258,305,52.3
ERR5243653,3224,98.2,24.4,4678901,22163,357,278,52.3
ERR5243698,3189,97.1,24.4,4630223,17843,458,206,52.5
ERR5243671,3234,98.5,23.9,4666520,36463,262,445,52.3
ERR5243658,3246,98.8,23.9,4670670,36102,255,526,52.2
ERR5243680,3222,98.1,23.5,4620151,29455,303,415,52.4
ERR5243704,3225,98.2,23.7,4641494,27962,342,232,52.3
ERR5243690,3222,98.1,24.1,4661369,28511,290,296,52.3
ERR5243645,3235,98.5,24.1,4671880,35700,258,316,52.2
ERR5243668,3176,96.7,24.6,4626370,17564,449,218,52.5
ERR5243642,3240,98.7,24,4679999,36658,230,415,52.3
ERR5243694,3238,98.6,24.2,4679884,35900,252,304,52.3
ERR5243692,3271,99.6,24,4711216,78335,121,406,52.1
ERR5243662,3212,97.8,24.2,4655357,27883,304,239,52.3
ERR5243688,3240,98.7,24.2,4687159,29898,295,227,52.2
ERR5243681,3239,98.6,24.3,4695447,37486,264,197,52.2
ERR5243714,3246,98.8,24.2,4694025,33266,251,513,52.2
ERR5243648,3206,97.6,25.1,4704094,23977,367,506,52.4
ERR5243644,3254,99.1,24.1,4695020,43765,197,492,52.2
ERR5243695,3235,98.5,23.7,4644675,34926,249,541,52.3
ERR5243716,3208,97.7,23.5,4608029,21981,377,302,52.4
ERR5243685,3215,97.9,24.2,4654273,27350,316,257,52.4
ERR5243651,3231,98.4,24.8,4710011,35823,283,721,52.2
ERR5243650,3253,99.1,24.2,4700854,42899,200,305,52.2
ERR5243696,3265,99.4,24,4708447,62819,145,497,52.1
ERR5243667,3242,98.7,24.1,4685979,33540,263,294,52.2
ERR5243666,3222,98.1,24.1,4651138,24509,365,377,52.3
ERR5243715,3260,99.3,24.2,4711262,59666,152,492,52.1
ERR5243699,3239,98.6,24.3,4689137,33344,259,317,52.2
ERR5243649,3247,98.9,24,4684295,37293,223,601,52.2
ERR5243684,3214,97.9,24.2,4654270,19225,426,199,52.4
ERR5243676,3209,97.7,24.4,4665938,26913,315,204,52.3
ERR5243654,3203,97.5,24.8,4680598,22813,351,336,52.4
ERR5243711,3246,98.8,24.1,4687470,42037,229,319,52.2
ERR5243643,3210,97.7,24.1,4638084,19024,441,0,52.4
ERR5243647,3218,98,24,4650309,28132,305,323,52.3
ERR5243678,3217,98,24.2,4651118,27474,320,198,52.4
ERR5243693,3202,97.5,24,4632052,24228,354,303,52.4
ERR5243679,3273,99.7,24.1,4718474,81027,114,193,52.1
ERR5243689,3210,97.7,24,4642966,25810,333,100,52.3
ERR5243646,3200,97.4,26,4744274,19523,453,10,52.3
ERR5243687,3224,98.2,23.5,4630220,26640,309,304,52.3
ERR5243663,3220,98.1,24.3,4664963,22339,392,110,52.3
ERR5243672,3269,99.5,24.1,4712922,67118,118,392,52.1
ERR5243700,3278,99.8,23.7,4705853,80439,99,490,52.1
G18654018,3279,99.8,26,4840833,204324,64,197,52.1
G18584212,3277,99.8,27.3,4923553,185382,74,196,51.9
G18503201,3282,99.9,24.1,4729039,204330,47,186,52
G18654006,3279,99.8,25.9,4833816,204324,59,98,52.1
G18654003,3279,99.8,25.7,4818938,204324,52,96,52.1
G20500034,3278,99.8,26,4836967,185383,54,291,52.1
G18584213,3279,99.8,26,4838641,204324,60,290,52.1
G20500040,3277,99.8,27.1,4910520,172288,56,296,51.9
G18654015,3279,99.8,25.9,4836093,204324,66,294,52.1
G18654016,3279,99.8,26.3,4858886,204324,84,126,52.1
G18654005,3284,100,27.4,4951550,184932,52,194,51.9
G18584134,3279,99.8,24.1,4719140,174511,51,198,52.1
G18654007,3278,99.8,26,4834696,185383,67,96,52.1
G18503204,3278,99.8,27,4907218,174362,54,190,51.9
G18584151,3278,99.8,27.1,4910329,185383,57,389,51.9
G18654001,3279,99.8,25.9,4834973,204324,61,196,52.1
G18584215,3279,99.8,24.1,4719529,174511,52,196,52.1
G18654020,3279,99.8,25.9,4836527,172180,69,288,52.1
G18654011,3279,99.8,25.9,4834550,204324,64,99,52.1
G18654004,3278,99.8,26,4836033,185383,64,197,52.1
G18503205,3278,99.8,27,4908169,173405,55,197,51.9
G20500037,3276,99.8,24.4,4731831,172178,57,100,52.1
1127204,3283,100,27.8,4973539,153667,245,509,52.4
1138770,3283,100,60.1,8998918,30866,3073,2547,52.5
SRR7165403,3284,100,60.3,9043104,144683,140,1080,57.3
1139029,3282,99.9,41.9,6187533,135959,1176,2366,49.6
1148460,3282,99.9,48.9,7028231,105360,2411,2279,51.7
SRR5500428,3206,97.6,29.8,4868667,43286,235,318,52.1
1138890,3284,100,46.4,6699164,111056,398,1915,48.8
AUSMDU00029453,3285,99.9,24.8,4777892,144378,70,311,52.1
AUSMDU00021171,3288,100,24.8,4778721,179862,60,199,52.1
AUSMDU00035680,3284,100,24.4,4751958,204323,54,196,52
AUSMDU00035730,3283,100,24.4,4753431,135493,72,322,52
AUSMDU00038246,3280,99.9,25,4788276,137191,62,190,52.1
AUSMDU00034468,3282,99.9,23.9,4721290,153658,59,590,52.1
AUSMDU00039127,3288,100,24.8,4778994,163000,62,98,52.1
AUSMDU00026293,3280,99.9,25.2,4799504,150588,76,705,52.1
AUSMDU00038096,3282,99.9,23.9,4718848,171921,59,292,52
AUSMDU00043864,3279,99.8,25.3,4805497,149339,75,213,52.1
AUSMDU00041502,3283,100,24,4730177,149239,58,297,52
AUSMDU00027597,3284,100,25.3,4814098,149307,61,207,52.1
AUSMDU00025222,3282,99.9,25.5,4821635,144731,77,402,52
AUSMDU00026746,3283,100,23.9,4720920,154967,58,99,52
AUSMDU00025862,3279,99.8,23.9,4719524,135605,69,334,52
AUSMDU00044558,3282,99.9,24.4,4750432,143714,60,212,52
AUSMDU00043840,3280,99.9,24.2,4735525,126509,69,204,52.1
AUSMDU00020992,3279,99.8,24.3,4739955,109393,82,117,52.1
AUSMDU00025217,3283,100,24.1,4735720,149347,72,301,52
AUSMDU00023736,3284,100,24,4730254,190276,58,98,52
AUSMDU00020142,3282,99.9,23.9,4719204,161266,51,189,52
AUSMDU00018884,3284,100,25.4,4816876,185391,49,291,52.1
AUSMDU00039612,3283,100,24.4,4751510,143703,66,98,52
AUSMDU00044015,3271,99.6,25.1,4785371,114431,83,513,52.1
AUSMDU00024971,3283,100,23.9,4721186,190316,54,196,52
AUSMDU00019653,3284,100,23.7,4708346,184907,50,207,52.1
AUSMDU00044687,3276,99.8,24.4,4745133,109338,94,197,52
AUSMDU00044317,3279,99.8,23.3,4680245,109296,73,543,52.1
AUSMDU00022048,3282,99.9,23.9,4719241,135419,73,99,52
AUSMDU00043619,3283,100,23.9,4720066,153714,58,304,52
AUSMDU00024579,3283,100,23.9,4719591,190316,57,196,52
AUSMDU00042284,3282,99.9,23.9,4720467,161266,57,552,52
AUSMDU00032856,3270,99.6,24.5,4721493,93393,79,493,52
AUSMDU00035218,3284,100,24.3,4748395,171881,57,591,52
AUSMDU00030523,3288,100,24.8,4779231,163004,63,286,52.1
AUSMDU00022646,3283,100,23.9,4721721,149339,55,312,52
AUSMDU00030273,3279,99.8,25,4787195,143361,66,99,52.1
AUSMDU00038106,3288,100,24.8,4779751,179863,61,402,52.1
AUSMDU00041434,3282,99.9,24.3,4743073,161266,71,286,52.1
AUSMDU00037443,3282,99.9,24,4728041,149293,69,606,52
AUSMDU00025966,3286,99.9,24.8,4778739,163000,65,401,52.1
AUSMDU00027137,3284,100,23.9,4720365,153714,61,194,52
AUSMDU00027803,3283,100,25.9,4847383,131822,77,236,52
AUSMDU00029406,3284,100,24.4,4755123,187783,51,305,52
AUSMDU00042395,3276,99.8,25.5,4818239,111615,78,315,52
AUSMDU00035269,3276,99.8,22.1,4605496,141976,80,500,52.1
AUSMDU00021974,3288,100,24.8,4778835,172314,62,290,52.1
AUSMDU00029966,3279,99.8,23.9,4717413,109188,93,193,52
AUSMDU00025869,3288,100,24.8,4778950,186449,55,286,52.1
AUSMDU00044514,3282,99.9,24.1,4730750,152952,62,214,52
AUSMDU00025596,3281,99.9,23.5,4693290,206285,48,389,52.1
AUSMDU00018116,3284,100,24.4,4752244,190315,54,207,52
AUSMDU00021590,3288,100,24.7,4778235,162046,63,289,52.1
AUSMDU00020447,3284,100,23.8,4719227,153714,56,194,52
AUSMDU00041958,3276,99.8,24.2,4722976,135419,72,710,52
AUSMDU00032321,3281,99.9,24.2,4738690,135333,69,486,52.1
AUSMDU00040208,3281,99.9,24.4,4750317,144731,62,399,52
AUSMDU00024941,3283,100,23.9,4719179,185383,54,191,52
AUSMDU00026294,3286,99.9,24.8,4779307,147784,68,222,52.1
AUSMDU00044392,3287,100,24.8,4778660,163000,66,287,52.1
AUSMDU00027556,3277,99.8,23.9,4712921,84552,98,509,52.1
AUSMDU00029437,3282,99.9,24.4,4748394,143569,68,227,52
AUSMDU00041955,3281,99.9,23.9,4719997,143358,71,225,52
AUSMDU00040990,3283,100,24,4730410,149341,61,197,52
AUSMDU00040696,3283,100,24.4,4753275,153712,58,504,52
AUSMDU00021919,3281,99.9,24,4724787,116889,72,195,52.1
AUSMDU00037368,3279,99.8,25.1,4788540,158577,56,291,52.1
AUSMDU00025124,3288,100,24.8,4778658,179871,60,285,52.1
AUSMDU00019716,3284,100,24.1,4737395,153696,59,211,52.1
AUSMDU00021430,3283,100,23.9,4716982,153706,61,189,52
AUSMDU00029189,3284,100,25.6,4828965,161297,60,98,52
AUSMDU00060079,3277,99.8,23.4,4680496,148237,68,389,52.1
AUSMDU00030416,3284,100,24.6,4763635,171921,56,389,52.1
AUSMDU00042347,3279,99.8,25,4787191,149347,66,417,52.1
AUSMDU00044403,3280,99.9,24.6,4760760,144684,68,511,51.9
AUSMDU00039566,3282,99.9,23.9,4721424,184847,54,98,52
AUSMDU00044634,3283,100,24.6,4762997,204323,60,195,52
AUSMDU00025604,3287,100,24.7,4774633,144683,68,488,52.1
AUSMDU00035217,3284,100,24.4,4751435,144731,57,301,52
AUSMDU00035921,3284,100,24.3,4748338,171873,53,589,52
AUSMDU00044231,3279,99.8,24.5,4748230,137394,74,207,52
AUSMDU00020626,3287,100,26.4,4884536,135434,73,189,52.1
AUSMDU00035705,3283,100,24.4,4752118,162142,57,207,52
AUSMDU00039536,3288,100,24.8,4778864,179887,61,98,52.1
AUSMDU00027066,3281,99.9,23.9,4720293,114837,79,118,52
AUSMDU00029759,3287,100,24.8,4778687,163000,63,20,52.1
AUSMDU00032825,3273,99.7,24.1,4721863,110612,88,788,52
AUSMDU00026490,3281,99.9,25.6,4822491,143697,85,363,52
AUSMDU00043761,3279,99.8,24.4,4747024,130727,85,200,52.1
AUSMDU00026017,3283,100,23.8,4718781,161096,59,118,52
AUSMDU00021576,3284,100,25.5,4827202,185383,54,293,52
AUSMDU00043852,3271,99.6,24.6,4751201,145505,68,207,52.1
AUSMDU00028357,3287,100,24.7,4774747,149293,69,402,52.1
AUSMDU00042295,3282,99.9,25.9,4849268,144731,72,421,52
AUSMDU00035395,3282,99.9,23.9,4721415,140180,68,498,52.1
AUSMDU00025947,3287,100,24.8,4778285,152730,68,195,52.1
AUSMDU00031701,3279,99.8,23.6,4698751,153660,61,487,52.1
AUSMDU00030790,3286,99.9,26.4,4885870,145874,64,425,52.1
AUSMDU00039635,3283,100,24.3,4750092,144731,64,124,52
AUSMDU00025880,3282,99.9,25.1,4794134,185391,51,300,52
AUSMDU00039062,3284,100,23.9,4719991,190316,55,99,52
AUSMDU00034503,3282,99.9,23.9,4721260,162965,58,502,52.1
AUSMDU00024788,3276,99.8,24.1,4725629,143550,70,205,52
AUSMDU00037061,3281,99.9,25,4787880,158576,57,405,52.1
AUSMDU00023245,3278,99.8,23.7,4703744,149340,59,196,52.1
AUSMDU00022232,3288,100,24.8,4778474,149340,65,207,52.1
AUSMDU00044460,3281,99.9,24.9,4782055,143892,79,235,52
AUSMDU00044942,3280,99.9,24.2,4735732,137308,75,203,52.1
AUSMDU00025677,3281,99.9,23.3,4682260,171891,53,490,52.1
AUSMDU00025045,3284,100,24.9,4786245,185383,57,286,52
AUSMDU00025661,3285,100,26.5,4884345,137007,73,195,52.1
AUSMDU00026125,3283,100,23.9,4718829,161266,63,118,52
AUSMDU00025470,3282,99.9,23.9,4719568,153714,57,98,52
AUSMDU00038336,3279,99.8,25,4787421,133102,66,215,52.1
AUSMDU00034059,3283,100,23.9,4725150,154903,61,294,52.1
AUSMDU00035270,3283,100,25.9,4849317,161266,68,215,52
LHST-2018,3284,100,24.9,4787473,204274,54,194,52
CMCCSTCEPR,3257,99.1,25.2,4759457,185391,104,294,52
17225_4_55,3282,99.9,23.7,4705078,204276,59,96,52.1
17225_2_66,3282,99.9,23.7,4704919,204276,57,292,52.1
17225_2_46,3282,99.9,23.7,4704673,204276,59,98,52.1
25292_2_31,3279,99.8,34.4,5458114,173399,893,1128,49.9
17225_2_70,3282,99.9,23.6,4704108,204276,57,97,52.1
17225_2_51,3282,99.9,23.7,4704455,171942,57,0,52.1
17225_4_20,3281,99.9,22.8,4647749,157225,62,189,52.1
17225_2_33,3282,99.9,23.7,4704538,204276,57,97,52.1
17225_4_57,3281,99.9,22.8,4647812,157225,63,98,52.1
17225_4_43,3281,99.9,22.8,4648262,157225,62,193,52.1
17225_2_28,3282,99.9,23.7,4705006,204276,56,189,52.1
17225_4_51,3282,99.9,23.6,4704008,204276,59,98,52.1
17225_4_23,3275,99.7,23.6,4692910,157105,64,98,52.1
MR304,3283,100,24.5,4758201,172109,91,490,52
MB1544,3284,100,24.3,4748798,204323,68,291,52.1
MB1976,3283,100,27.2,4934915,172001,68,291,51.8
MB423,3281,99.9,27.2,4934585,172109,67,392,51.8
MMM2091,3283,100,27.2,4936090,204323,116,492,51.8
MB3020,3282,99.9,24.7,4771237,185383,102,592,51.9
MB651,3283,100,27.4,4949627,153714,83,489,51.8
MMM4077,3283,100,27.4,4949934,172109,85,490,51.8
MB2064,3280,99.9,24,4726585,161266,64,389,52
MB1807,3283,100,25,4788566,204323,98,402,52
MR2140,3281,99.9,32.1,5286591,161079,500,660,51.3
MMM4927,3279,99.8,24.2,4732777,146719,67,289,52
MB1793,3284,100,24.5,4756403,204323,72,295,52
MCC1781,3283,100,25.4,4810219,190425,115,512,51.9
MMM1538,3283,100,24.2,4743115,172108,70,501,52
MMM4551,3280,99.9,24.3,4741644,153718,79,296,52
MB3007,3284,100,27.2,4938688,204323,69,98,51.8
MB698,3283,100,24.4,4753047,172109,94,500,52
MR4803,3283,100,24.9,4783599,185383,89,494,52
MCC1752,3283,100,27.5,4959900,161830,104,390,51.9
MB360,3284,100,24.3,4746916,204323,60,291,52.1
MMM281,3284,100,27.4,4949318,161262,72,397,51.8
MR3122,3283,100,27.7,4969635,161266,108,402,51.7
MCC490,3284,100,27.4,4952536,172289,83,489,51.8
MR2983,3282,99.9,27.2,4933699,158664,115,787,51.7
MMM3664,3283,100,27.7,4967848,181779,95,498,51.8
MB1464,3283,100,27.3,4939676,166389,72,386,51.8
MMM191,3284,100,27.2,4937864,204323,71,286,51.8
MR766,3284,100,24,4732162,185383,69,290,52
MB2900,3284,100,25.1,4798670,204323,106,194,52
MMM2017,3284,100,24.1,4737463,204330,76,192,52.1
MB562,3283,100,27.5,4958360,172001,87,293,51.8
MB2962,3279,99.8,24.3,4737826,204323,60,193,52
MMM1784,3283,100,27.5,4953432,161266,86,988,51.8
MB345,3283,100,24.6,4764053,172109,82,384,52
MR274,3284,100,28.5,5024591,172001,177,381,51.8
MCC1259,3283,100,28.8,5044593,185383,138,513,51.6
MMM3516,3283,100,27.5,4956029,184367,91,499,51.8
MMM736,3284,100,24.3,4747858,204323,84,539,52
MB1674,3283,100,27.7,4970093,172109,90,385,51.8
MMM2077,3284,100,27.6,4964392,204323,78,586,51.8
MB1404,3279,99.8,24.5,4749535,204323,73,251,52
MR4474,3283,100,24.4,4755615,204323,73,292,52.1
MR4747,3284,100,24.9,4786866,204323,110,191,52
MB240,3284,100,24.4,4751797,185383,67,99,52
MMM2746,3283,100,25.3,4809057,204324,118,402,51.9
MCC210,3282,99.9,27,4917094,153714,112,583,51.9
MMM3517,3282,99.9,27.5,4956877,161266,92,388,51.8
MB1765,3282,99.9,24.2,4738400,204323,74,287,52
MR3893,3284,100,24.7,4771439,204323,100,292,52
MB988,3279,99.8,25.1,4784302,204323,103,463,51.9
MCC1306,3283,100,28.1,4998884,161266,131,698,51.7
MB2061,3279,99.8,24.4,4741188,204323,68,195,52
MMM186,3282,99.9,27.3,4940093,185383,76,494,51.8
MMM652,3282,99.9,27.3,4940088,204323,71,385,51.8
MMM466,3284,100,27.6,4965181,172001,95,290,51.8
MR1916,3283,100,24.8,4779551,204323,110,393,52
MR1087,3284,100,27.2,4940139,204323,71,293,51.8
MCC1165,3281,99.9,27.5,4955321,144832,103,504,51.8
MB1296,3283,100,24.7,4770302,204323,89,385,52
MR4345,3283,100,24.6,4766438,204323,83,509,52
MMM182,3284,100,27.6,4964843,161266,95,490,51.8
MB2241,3284,100,24.5,4760147,204302,86,600,52
MCC1904,3283,100,24.1,4737087,204323,66,289,52
MR2873,3284,100,27.3,4946210,204323,76,398,51.8
MMM5775,3284,100,24.6,4768968,204323,90,259,52
MMM3370,3283,100,27.7,4969216,161266,112,625,51.8
MR1806,3283,100,24.2,4737695,172289,70,511,52
MB2871,3284,100,24.3,4747988,204323,68,294,52.1
MMM5825,3282,99.9,24.9,4785062,185383,61,382,52
MMM2903,3283,100,25,4789101,172001,102,215,51.9
MCC1301,3283,100,28.1,4999460,153714,121,363,51.6
MR4882,3282,99.9,25,4788995,204323,97,839,51.9
MB1895,3284,100,27.4,4948404,204323,81,194,51.8
MB2612,3283,100,27.2,4936041,184367,68,289,51.8
MMM945,3281,99.9,29.5,5093504,161266,270,373,51.7
MB1015,3284,100,27.6,4965600,172001,98,302,51.8
MMM1822,3284,100,27.3,4941771,161262,74,390,51.8
MB2464,3279,99.8,24.7,4761741,204323,77,294,52
MR3070,3283,100,25,4794099,172001,112,578,51.9
MMM1726,3284,100,25.4,4820378,171946,219,117,52
MB229,3283,100,24.3,4749274,204323,67,492,52.1
MMM149,3283,100,27.8,4976759,185383,112,499,51.8
MMM1980,3282,99.9,24.3,4748485,185385,66,196,51.9
MMM2007,3284,100,27.2,4940349,204323,70,390,51.8
MR2608,3284,100,27.7,4969140,171985,101,334,51.7
MR4066,3280,99.9,24.5,4756155,146719,99,386,52
MMM932,3283,100,24.1,4734990,185383,64,384,52
MB2094,3284,100,25,4793888,190564,109,299,51.9
MB56,3283,100,24.6,4766765,190666,93,489,52.1
MMM4189,3282,99.9,26.8,4904802,158664,95,595,51.8
MCC2769,3282,99.9,28,4992079,161266,141,291,51.8
MR692,3283,100,27.2,4938373,172001,79,487,51.9
MB1091,3284,100,27.7,4969371,185383,106,196,51.8
MB2595,3281,99.9,24.4,4747452,161266,68,385,52
MMM183,3284,100,27.4,4952108,161266,91,495,51.8
MB1096,3283,100,27.4,4951969,172109,83,287,51.8
MCC3224,3282,99.9,27.5,4959492,161266,88,585,51.8
MR3183,3284,100,27.2,4936068,204323,66,193,51.8
MR252,3281,99.9,27.3,4936210,153714,72,397,51.8
MB885,3283,100,27.4,4946544,185383,77,293,51.8
MCC1034,3282,99.9,27.3,4939618,153718,74,301,51.8
MB804,3283,100,24,4725457,204323,57,493,52
MCC2040,3283,100,27.2,4936866,185383,65,589,51.8
MCC1367,3283,100,24,4725729,204323,54,687,52
MCC2219,3283,100,24.2,4742262,204323,66,529,52
MCC1637,3283,100,27.3,4945044,185383,74,488,51.8
MB693,3283,100,27.2,4935336,172001,67,292,51.8
MB883,3283,100,27.2,4933609,172109,60,490,51.8
MMM4342,3282,99.9,24.3,4745992,204324,67,96,52
MB469,3284,100,27.2,4937453,204323,71,291,51.8
MR4065,3283,100,24.2,4742204,161266,83,292,52
MR251,3283,100,27.2,4937469,172109,70,297,51.8
MMM114,3282,99.9,27.5,4954625,185383,85,292,51.8
MMM4447,3284,100,24,4727686,204323,58,186,52
MB935,3283,100,27.2,4937985,161830,74,289,51.8
MR610,3283,100,27.4,4951745,172001,84,286,51.8
MR1046,3283,100,27.2,4938479,172001,79,287,51.8
MB630,3281,99.9,27.2,4935460,172001,67,289,51.8
MCC594,3283,100,24.3,4745579,204323,74,108,52
MCC1505,3283,100,26.7,4903102,204323,166,581,51.9
MCC1269,3283,100,27.3,4942648,185383,76,282,51.8
MR4799,3282,99.9,24.4,4748171,185383,82,287,52
MMM354,3283,100,27.5,4958874,172109,91,296,51.8
MCC2509,3282,99.9,27.5,4950606,172109,83,390,51.8
MCC2121,3284,100,27.3,4945092,204323,82,388,51.8
MR253,3282,99.9,27.3,4935199,153718,68,288,51.8
MCC689,3282,99.9,24.4,4750420,204324,71,489,51.9
MB428,3284,100,23.3,4687297,204323,59,0,52.1
MMM5877,3284,100,23.3,4685595,204323,63,198,52.1
MR542,3284,100,27.7,4970909,172001,99,346,51.8
MCC340,3283,100,27.5,4956856,172001,89,193,51.8
6608,3235,98.5,27,4863060,44246,265,227,52.1
6048,3272,99.6,27.3,4920058,84261,140,195,51.9
3179,3234,98.5,27.1,4866386,43122,264,118,52.1
4399,3274,99.7,23.9,4706362,90428,118,99,52.1
6727,3260,99.3,27.1,4900550,60450,171,104,52
4084,3262,99.3,25.4,4787029,64867,160,99,52.1
5158,3282,99.9,23.8,4716099,161740,76,98,52
1989,3267,99.5,27.2,4908710,68513,154,98,51.9
4014,3238,98.6,28.6,4967414,44326,268,208,52
3400,3280,99.9,28.4,5016873,143703,92,98,51.8
5413,3267,99.5,25.5,4800198,67259,129,195,52
4244,3270,99.6,28.7,5010063,92180,137,191,51.8
6729,3283,100,27.2,4932674,153714,87,99,51.8
5842,3280,99.9,23.9,4720409,155144,85,89,52.1
5316,3271,99.6,23.9,4701738,77445,126,98,52.1
3811,3276,99.8,23.9,4712835,111890,101,97,52.1
5109,3252,99,27.6,4923332,63865,149,292,52
6415/43,3237,98.6,24.1,4670354,53424,216,99,52.2
3295,3213,97.8,27.2,4844010,36747,306,207,52.2
1969,3256,99.1,28.5,4987324,53362,213,196,51.9
1909,3277,99.8,23.9,4712986,96298,103,98,52.1
1003,3276,99.8,27.6,4951097,76974,180,99,51.9
4640,3251,99,28.5,4981174,60624,199,206,51.9
2037,3256,99.1,28.5,4989015,52784,214,194,51.9
6086,3218,98,24,4643348,35793,288,98,52.3
3497,3275,99.7,23.9,4711125,111415,98,99,52.1
5256,3264,99.4,27.2,4903950,65900,177,103,51.9
4741,3254,99.1,25.6,4788877,60622,161,192,52.1
4855,3266,99.5,28.4,4997143,63708,156,194,51.9
2011,3266,99.5,27.4,4916854,70745,151,97,51.9
5558,3273,99.7,23.8,4706650,96856,106,287,52.1
2843,3249,98.9,23.9,4677646,56199,186,235,52.2
5490,3266,99.5,24,4710145,83071,123,98,52.1
5024,3264,99.4,25.5,4797155,83381,122,217,52
2589,3266,99.5,24,4706015,97189,120,207,52.1
3463,3282,99.9,23.8,4716416,139996,84,99,52
1674,3263,99.4,24,4701018,84180,122,196,52.1
4764,3268,99.5,28.5,5003366,76676,154,98,51.8
5089,3273,99.7,25.4,4805391,75510,130,98,52
166,3252,99,27.3,4897929,52896,214,293,52
5342,3260,99.3,25.5,4792681,66149,145,291,52
941,3276,99.8,23.9,4711382,96862,98,98,52.1
6143/10,3231,98.4,27.2,4864213,44281,256,125,52.1
6395/47,3243,98.8,25.6,4779833,53055,204,228,52.1
6213/80,3251,99,25.5,4776938,53311,193,208,52.1
4717,3268,99.5,23.9,4705513,70071,137,152,52.1
4308,3252,99,27.2,4897163,53653,206,104,52
6675,3267,99.5,24.1,4708768,79981,134,104,52.1
6064,3232,98.4,24,4658778,45996,249,119,52.3
3887,3270,99.6,28.6,5005923,65796,152,195,51.8
6472/47,3245,98.8,24,4676742,51139,205,105,52.2
5347,3271,99.6,25.7,4812707,80903,150,97,52
566,3265,99.4,28.6,5006230,64343,141,141,51.8
5236,3267,99.5,27.2,4909054,65900,159,104,51.9
3397,3275,99.7,27,4914563,84297,128,99,51.9
3025,3267,99.5,28.5,5001961,65796,151,315,51.8
643,3265,99.4,28.6,5007980,75457,159,196,51.8
5304,3270,99.6,26.8,4888441,90577,177,217,52
5532,2317,67.8,63.4,5438428,5139,2686,54750,52.2
1928,3270,99.6,27.2,4913520,89101,126,99,51.9
2427,3260,99.3,28.4,4988363,56199,188,302,51.9
4599,3274,99.7,28.5,5011807,83819,125,301,51.8
6671,3253,99.1,24.3,4699983,60982,165,98,52.1
4321,3260,99.3,25.6,4795056,59771,154,195,52
R19.2839,3283,100,25.5,4823002,204323,69,194,52
ERR2710502,3284,100,24.3,4750575,179641,56,0,52.1
ERR2710543,3284,100,24.7,4770583,172000,62,193,52
ERR2710522,3284,100,23.8,4713709,185770,55,492,52.1
ERR4244306,3281,99.9,23,4661628,168222,58,0,52.1
ERR2710515,3284,100,23.8,4718145,184913,51,194,52
ERR2710534,3284,100,23.8,4715027,185766,52,196,52.1
ERR4244277,3284,100,23.8,4718758,204323,46,190,52
ERR4244290,3284,100,23.5,4698375,204323,47,193,52.1
ERR4244343,3284,100,23.5,4698770,204323,45,287,52.1
ERR2710499,3280,99.9,23.8,4713365,204230,52,288,52.1
ERR2710563,3284,100,23.9,4720085,204323,57,196,52
ERR4244261,3282,99.9,24.7,4771352,204322,47,98,52
ERR4244329,3283,100,23.8,4717857,204323,50,99,52
ERR4244268,3281,99.9,23.8,4712005,185767,50,195,52.1
ERR4244340,3284,100,23.8,4714819,185295,48,289,52.1
ERR2710511,3273,99.7,23.8,4702839,185448,54,387,52.1
ERR4244297,3284,100,23.5,4698018,185304,48,293,52.1
ERR2710557,3282,99.9,23.7,4708031,185759,49,287,52.1
ERR2710510,3275,99.7,23.6,4688580,183027,46,96,52.1
ERR2710538,3284,100,24.7,4776124,172000,66,486,52
ERR2710542,3284,100,23.9,4725390,204323,52,289,52
ERR2710535,3284,100,23.8,4714126,185767,51,195,52.1
ERR2710494,3284,100,24.3,4750114,179641,56,196,52.1
ERR2710529,3284,100,23.9,4721038,190622,56,292,52
ERR2710517,3270,99.6,23.5,4681715,185304,56,98,52.1
ERR4289183,3284,100,23.5,4697895,172001,47,93,52.1
ERR2710576,3284,100,24.3,4747953,172000,62,96,52.1
ERR4244291,3284,100,23.5,4697780,185304,45,191,52.1
ERR4244300,3283,100,23.5,4697691,172001,49,190,52.1
ERR2710549,3271,99.6,23.9,4704716,204323,57,587,52
ERR2710512,3283,100,22.6,4641981,162873,68,291,52.1
ERR4244264,3283,100,23.8,4714957,179641,49,98,52.1
ERR4244321,3284,100,23.8,4719257,206337,48,96,52
ERR2710588,3284,100,23.8,4716574,185767,54,387,52.1
ERR4289178,3284,100,23.5,4699349,217172,43,291,52.1
ERR4244302,3284,100,23.8,4718349,204323,51,288,52
ERR2710540,3284,100,23.8,4719288,204323,54,196,52
ERR2710578,3284,100,23.8,4715728,179641,54,98,52.1
ERR2710541,3284,100,23.9,4721413,179641,57,293,52.1
ERR2710525,3284,100,21.7,4588647,190623,53,184,52.1
ERR4244342,3280,99.9,23.8,4708055,179641,50,95,52.1
ERR4244334,3283,100,23.8,4717889,190565,51,192,52
ERR2710550,3284,100,24,4725926,204323,53,287,52.1
ERR2710604,3284,100,23.8,4714974,179641,52,195,52.1
ERR2710506,3284,100,23.8,4719312,204323,53,108,52
ERR2710545,3284,100,23.8,4717848,185276,58,197,52.1
ERR2710575,3284,100,24.3,4749066,162869,67,98,52.1
ERR4244315,3282,99.9,23.6,4699175,204330,47,592,52.1
ERR2710531,3283,100,23.9,4718950,204323,52,197,52
ERR2710573,3284,100,23.8,4718948,185767,56,190,52.1
ERR4244303,3284,100,23.8,4717708,184911,50,99,52
ERR4244274,3283,100,26.2,4870146,204323,51,195,52
ERR4244301,3283,100,23.5,4694926,204323,46,95,52.1
ERR4244294,3274,99.7,23.6,4688230,204322,39,96,52.1
ERR4244304,3284,100,23.8,4717083,179641,50,195,52.1
ERR2710587,3284,100,23.9,4721470,190517,56,195,52
ERR4244275,3274,99.7,28.6,5002702,162574,90,2719,51.9
ERR2710518,3280,99.9,23.5,4691663,204324,54,578,52.1
ERR2710495,3282,99.9,24,4723355,184911,65,294,52
ERR4244338,3284,100,23.8,4715713,179639,49,195,52.1
ERR2710585,3284,100,23.8,4718242,185766,58,195,52.1
ERR4244283,3284,100,23.8,4715175,185767,48,190,52.1
ERR4244273,3284,100,23.8,4715130,171985,50,98,52.1
ERR2710562,3284,100,23.9,4725482,204323,59,100,52
ERR2710564,3284,100,23.8,4719255,204323,56,292,52
ERR2710537,3284,100,23.8,4714630,163005,54,191,52.1
ERR4244295,3284,100,23.5,4697645,172001,47,290,52.1
ERR2710501,3284,100,23.8,4715875,185767,53,195,52.1
ERR2710513,3284,100,23.5,4698480,204311,52,291,52.1
ERR4244331,3278,99.8,23.8,4709391,180168,52,94,52.1
ERR4244317,3284,100,21.8,4594757,217827,41,195,52.1
ERR2710559,3284,100,23.5,4700367,171954,56,195,52.1
ERR4244269,3284,100,24.3,4749435,172002,53,199,52.1
ERR2710579,3283,100,23.8,4717877,204323,52,390,52
ERR2710558,3284,100,23.8,4719193,204323,54,198,52
ERR4244270,3282,99.9,23.9,4716636,184911,48,288,52
ERR2710505,3284,100,24.3,4749790,179641,55,193,52.1
ERR2710586,3284,100,23.9,4720354,204323,58,292,52
ERR2710582,3284,100,23.5,4700157,204324,52,289,52.1
ERR4244293,3284,100,23.5,4698303,204323,43,93,52.1
ERR2710523,3284,100,23.8,4718647,204323,53,290,52
ERR2710532,3284,100,23.8,4718261,204303,50,195,52
ERR2710520,3284,100,23.8,4718068,184912,54,194,52
ERR4244278,3283,100,24,4729924,204323,47,196,52
ERR4244328,3281,99.9,25.8,4835094,162034,62,193,52.1
ERR4244255,3284,100,23.5,4698067,185304,44,191,52.1
ERR4289185,3283,100,26.3,4877841,204322,49,290,52
ERR2710526,3282,99.9,24.6,4763411,204322,57,192,52.1
ERR2710514,3264,99.4,23.9,4694380,185767,59,110,52.1
ERR2710530,3283,100,21.7,4589045,204395,54,193,52.1
ERR4289184,3284,100,23.5,4697737,171983,48,191,52.1
ERR4244327,3264,99.4,23.9,4693364,204328,49,97,52.1
ERR2710592,3284,100,23.8,4717378,196431,50,385,52.1
ERR4244285,3284,100,23.5,4698536,204323,47,195,52.1
ERR2710566,3283,100,24.5,4758713,172000,60,192,52
ERR4289181,3284,100,23.8,4718690,204328,49,196,52
ERR4289180,3284,100,24.8,4777736,204232,78,556,52
ERR4244323,3275,99.7,24.4,4746208,204322,49,194,52.1
ERR2710516,3275,99.7,23.6,4689079,204322,47,199,52.1
ERR4244258,3284,100,21.6,4586684,204323,47,0,52.1
ERR4244271,3284,100,23.8,4715269,171986,53,291,52.1
ERR4244322,3283,100,23.9,4717867,184911,49,284,52
ERR2710596,3284,100,23.8,4719772,204323,59,99,52
ERR2710589,3282,99.9,23.8,4709943,172176,56,292,52.1
ERR2710570,3283,100,23.8,4714605,185767,51,291,52.1
ERR2710496,3284,100,23.9,4721253,204323,55,98,52
ERR2710599,3284,100,23.8,4716344,185767,54,362,52.1
ERR2710547,3284,100,23.8,4716034,185767,53,98,52.1
ERR4244287,3284,100,23.5,4697125,185304,49,97,52.1
ERR4244296,3284,100,23.5,4698347,185304,46,194,52.1
ERR2710528,3284,100,23.8,4718833,204323,52,196,52
ERR4244314,3283,100,21.6,4585731,204323,43,97,52.1
ERR4244266,3284,100,23.8,4715811,204046,49,192,52
ERR4244289,3282,99.9,23.8,4717427,204323,51,194,52
ERR4244319,3282,99.9,24,4725257,171941,52,195,52.1
ERR4244325,3284,100,24.3,4749967,204322,50,193,52.1
ERR4244286,3283,100,21.7,4586183,206299,48,97,52.1
ERR2710551,3283,100,24,4731117,185392,54,396,52.1
ERR4244316,3283,99.9,24.4,4749175,204321,47,388,52.1
ERR2710601,3284,100,23.8,4715861,185295,51,289,52.1
ERR4244284,3284,100,24.1,4732048,204323,50,195,52
ERR2710577,3284,100,24.3,4748155,162869,62,99,52.1
ERR2710605,3284,100,23.8,4715583,172002,56,293,52.1
ERR4899140,3284,100,23.8,4719824,204323,49,294,52
ERR4289182,3284,100,23.8,4717295,204323,50,98,52
ERR2710597,3284,100,23.8,4715614,185766,50,384,52.1
ERR2710603,3278,99.8,23.9,4713649,204323,54,193,52
ERR2710591,3284,100,24.6,4765194,204324,52,290,52.1
ERR2710567,3283,100,24.4,4750980,204322,53,292,52.1
ERR2710500,3282,99.9,23.6,4698434,204330,51,386,52.1
ERR2710584,3284,100,24.5,4758988,171984,63,99,52
ERR4244344,3283,100,23.4,4689647,149339,60,291,52.1
ERR2710527,3284,100,23.8,4714154,172001,53,0,52.1
ERR4244267,3283,100,23.3,4684120,144731,62,197,52.1
ERR4289186,3281,99.9,23,4660512,153708,63,0,52.1
ERR4244335,3284,100,24.7,4771724,204322,48,192,52.1
ERR4244318,3284,100,23.8,4718560,204323,50,193,52
ERR2710497,3284,100,24.3,4750010,179837,54,291,52.1
ERR4244272,3282,99.9,23.8,4707468,164641,49,194,52.1
ERR2710600,3284,100,23.8,4715449,179641,55,100,52.1
ERR4244262,3284,100,23.8,4718368,184911,52,100,52
ERR2710503,3284,100,21.7,4589419,184912,55,0,52.1
ERR2710556,3284,100,24,4728807,204323,61,292,52
ERR4244333,3284,100,23.5,4697954,185304,44,191,52.1
ERR2710580,3284,100,23.5,4698848,204323,52,194,52.1
ERR4244265,3284,100,24.7,4771853,204323,48,95,52
ERR2710594,3283,100,24.7,4769499,172000,67,294,52
ERR4244305,3283,100,25.8,4835782,162809,61,195,52.1
ERR2710504,3284,100,24.3,4750530,204322,52,292,52.1
ERR2710508,3205,97.6,27.7,4780255,145437,84,21289,52
ERR4244341,3284,100,23.5,4698473,204323,45,293,52.1
ERR2710552,3284,100,23.9,4720041,204323,55,97,52
ERR4244298,3284,100,23.5,4698147,185304,45,192,52.1
ERR2710572,3284,100,24.1,4735728,204323,56,383,52
ERR2710555,3284,100,24,4731201,190423,67,98,52
ERR4244256,3284,100,23.8,4718328,184911,49,192,52
ERR2710533,3284,100,23.8,4719290,204323,54,297,52
ERR4244299,3283,100,23.8,4718035,204324,51,0,52
ERR2710561,3284,100,24.1,4733693,157246,74,0,52
ERR4289187,3279,99.8,23.8,4714539,203873,50,98,52
ERR2710568,3284,100,23.8,4718682,184911,53,288,52
ERR2710569,3284,100,23.8,4719379,204323,54,195,52
ERR2710554,3284,100,23.9,4720576,204323,56,489,52
ERR2710606,3284,100,23.9,4721092,204323,56,0,52
ERR4899141,3270,99.6,23.9,4697461,185766,49,192,52.1
ERR2710507,3185,97,28.5,4786971,145043,94,26690,52
ERR2710548,3284,100,24.4,4753503,204323,56,482,52.1
ERR2710593,3284,100,25.2,4806516,185767,54,290,52
ERR2710602,3284,100,23.8,4719613,204323,53,196,52
ERR2710536,3284,100,23.8,4715293,185765,52,292,52.1
ERR2710509,3284,100,23.8,4715545,179639,54,291,52.1
ERR2710546,3284,100,23.8,4716279,185767,56,0,52.1
ERR2710544,3284,100,26.4,4882001,204322,57,292,52
ERR4244263,3284,100,23.8,4718825,184911,50,0,52
ERR4244326,3283,100,23.9,4717536,184911,49,286,52
ERR4244259,3284,100,23.8,4718788,190428,53,100,52
ERR2710539,3284,100,23.9,4722147,185765,62,1,52.1
ERR4244324,3284,100,23.8,4717904,217642,52,585,52.1
ERR4289188,3284,100,21.6,4586411,184913,47,189,52.1
ERR4244307,3280,99.9,25.3,4806272,183464,69,195,52.1
ERR2710498,3284,100,23.8,4718046,204323,53,99,52
ERR4244339,3282,99.9,23.6,4699955,204325,46,296,52.1
ERR4244260,3284,100,23.8,4718850,190565,50,98,52
ERR4244308,3284,100,23.4,4694238,153708,59,194,52
ERR2710571,3280,99.9,23.9,4711251,204323,53,94,52
ERR4244332,3236,98.5,21.7,4511183,173462,47,98,52.2
ERR2710560,3284,100,23.9,4722158,204323,58,198,52
ERR2710574,3284,100,24.3,4745922,172000,60,0,52.1
ERR2710583,3284,100,23.8,4716540,185767,54,296,52.1
ERR2710521,3284,100,23.8,4715148,179641,56,96,52.1
ERR4244292,3284,100,23.8,4719125,204322,47,287,52
ERR2710598,3283,100,23.9,4718990,204046,53,383,52
ERR4289189,3284,100,24.4,4751023,204322,51,0,52.1
ERR2710581,3284,100,21.7,4588593,179655,59,293,52.1
ERR2710565,3284,100,24,4726374,157246,67,98,52
ERR4289190,3284,100,23.8,4715219,204322,47,195,52.1
ERR4244276,3283,100,24.3,4743897,204323,47,284,52
ERR2710590,3283,100,23.8,4716241,185407,55,290,52.1
ERR2710553,3284,100,23.9,4722802,204323,57,200,52
ERR2710595,3284,100,24.4,4752437,179641,57,95,52.1
ERR2710524,3284,100,23.8,4717759,163001,58,194,52.1
ERR2710519,3284,100,22.6,4645009,206450,58,193,52.1
ERR4244288,3284,100,23.5,4698226,172001,47,290,52.1
HK3-16,3284,100,24.9,4785884,171881,71,388,52
HB-28,3284,100,24.9,4784043,153666,74,475,52
HB1-7,3284,100,24.9,4786454,154935,75,589,52
HK3-4,3284,100,24.9,4785645,153666,70,384,52
HG3-15,3283,100,24.9,4785604,161218,70,387,52
HM-8,3284,100,24.9,4786073,171889,72,388,52
HM-25,3284,100,24.9,4785797,171889,72,388,52
GM15-21,3283,100,24.9,4786125,144683,76,597,52
HB-27,3284,100,24.9,4783249,153666,70,474,52
GM20-23,3281,99.9,25,4790918,144683,87,387,52
HB5-6,3284,100,24.9,4785395,171897,74,389,52
HB1-5,3284,100,24.9,4785194,161218,72,391,52
HM-11,3284,100,24.1,4732757,149291,61,487,52.1
HG3-1,3284,100,24.2,4739126,171873,63,394,52.1
HB1-2,3284,100,24.2,4738906,153666,62,294,52.1
HS-17,3284,100,24.9,4785815,154943,69,390,52
HK3-18,3284,100,24.9,4786361,171873,70,482,52
GM15-24,3284,100,24.9,4785055,171881,73,508,52.1
HD-10,3283,100,24.1,4736430,153666,69,603,52.1
HM-9,3284,100,24.1,4732992,149291,59,588,52.1
HD-12,3283,100,24.1,4736886,149291,69,494,52.1
HG8-3,3284,100,24.9,4786292,171889,74,391,52
GM14-20,3284,100,24.9,4787727,145256,78,389,52
HB-29,3284,100,24.9,4785958,185335,69,385,52
GM20-22,3283,100,24.9,4787250,171873,74,489,52
HG1-14,3284,100,24.9,4786278,149291,76,587,52.1
HG3-13,3284,100,24.9,4786239,148762,76,488,52
HB-26,3282,99.9,24.9,4785481,161218,75,596,52
150033TY,3279,99.8,24.3,4740139,185383,59,390,52.1
120036TY,3281,99.9,24,4723779,171929,60,296,52
080014TY,3284,100,25.6,4828734,161266,55,194,52
120038TY,3283,100,23.9,4723547,144731,70,398,52
040015TY,3283,100,23.9,4720020,161266,60,295,52
040064TY,3284,100,25.1,4799222,204322,62,295,51.9
040080TY,3281,99.9,24.1,4734012,143707,72,296,52
150021TY,3280,99.9,24,4720708,147574,79,198,52
130051TY,3273,99.7,26,4840975,81094,128,197,52.1
080015TY,3284,100,23.9,4720300,185383,59,394,52
120048TY,3281,99.9,24,4721349,143703,70,296,52
120046TY,3283,100,23.9,4721664,204314,51,98,52
040070TY,3283,100,23.9,4719811,150260,60,197,52
080020TY,3283,100,23.9,4719801,185373,53,294,52
XDR20,3282,99.9,30.2,5146082,144683,517,1023,52.7
2018K-0753,3278,99.8,25.5,4818958,135612,94,306,52
2018K-0755,3280,99.9,25.5,4821390,139844,90,287,52
2018K-0757,3280,99.9,25.6,4823828,170956,74,290,52
2018K-0754,3280,99.9,25.5,4817508,135610,81,296,52
2018K-0756,3279,99.8,25.5,4821683,154646,74,305,52
