NAME,REFERENCE,MLST ST (EnteroBase),MLST PROFILE (EnteroBase),GENOTYPHI GENOTYPE,GENOTYPHI SNPs CALLED,Inc Types
G18254193,7898,1,1_1_1_1_1_1_5,4.3.1,82,
G18255663,7898,1,1_1_1_1_1_1_5,4.3.1.2,82,
G18255624,ERL041834,2,1_1_2_1_1_1_5,3.3.2,82,
G18251450,7898,1,1_1_1_1_1_1_5,4.3.1.2,82,
G18254215,7898,1,1_1_1_1_1_1_5,4.3.1.2,82,
G18255649,7898,1,1_1_1_1_1_1_5,4.3.1.1,82,
G18255656,7898,1,1_1_1_1_1_1_5,4.3.1.2,82,IncX3
G18254208,7898,1,1_1_1_1_1_1_5,4.3.1.2,82,
G18254189,7898,1,1_1_1_1_1_1_5,4.3.1.2,82,
G18254225,7898,1,1_1_1_1_1_1_5,4.3.1.2,82,
G18251431,7898,1,1_1_1_1_1_1_5,4.3.1,82,
G18254221,ERL041834,2,1_1_2_1_1_1_5,3.3.1,82,
G18254195,7898,1,1_1_1_1_1_1_5,4.3.1.2,82,
G18255645,7898,1,1_1_1_1_1_1_5,4.3.1,82,
G18255625,7898,1,1_1_1_1_1_1_5,4.3.1.2,82,
G18255626,E98-0664_66,2,1_1_2_1_1_1_5,2.5,82,
G18251443,7898,1,1_1_1_1_1_1_5,4.3.1.2,82,
G18251439,7898,1,1_1_1_1_1_1_5,4.3.1.2,82,
G18255664,7898,1,1_1_1_1_1_1_5,4.3.1.2,82,
G18254194,7898,1,1_1_1_1_1_1_5,4.3.1.2,82,
G18254209,7898,1,1_1_1_1_1_1_5,4.3.1.2,82,
G18255616,7898,1,1_1_1_1_1_1_5,4.3.1.2,82,
G18254205,7898,1,1_1_1_1_1_1_5,4.3.1.2,82,IncX3
G18255657,UI4692,2,1_1_2_1_1_1_5,2.2,82,
G18255636,7898,5637b43793d32c7546a78b93b221f5a56bc8ecb8,1_1_dd025f34c5a30a59e5c3879c36ba588bac1c0573_1_1_1_5,4.3.1.2,82,
G18255621,7898,1,1_1_1_1_1_1_5,4.3.1.2,82,
G18251448,7898,1,1_1_1_1_1_1_5,4.3.1.2,82,IncFIB(pHCM2)
G18251432,7898,1,1_1_1_1_1_1_5,4.3.1.2,82,
G18254179,7898,1,1_1_1_1_1_1_5,4.3.1.1,82,
G18251444,7898,1,1_1_1_1_1_1_5,4.3.1.2,82,
G18251455,7898,1,1_1_1_1_1_1_5,4.3.1.2,82,
G18254187,7898,1,1_1_1_1_1_1_5,4.3.1.2,82,
G18255658,7898,1,1_1_1_1_1_1_5,4.3.1.2,82,
G18255659,7898,1,1_1_1_1_1_1_5,4.3.1.2,82,
G18254198,7898,1,1_1_1_1_1_1_5,4.3.1.2,82,IncX3
G18251437,7898,1,1_1_1_1_1_1_5,4.3.1.2,82,
G18251440,7898,1,1_1_1_1_1_1_5,4.3.1.2,82,IncX3
G18254190,7898,1,1_1_1_1_1_1_5,4.3.1.2,82,
G18255620,7898,1,1_1_1_1_1_1_5,4.3.1.2,82,
G18251446,7898,1,1_1_1_1_1_1_5,4.3.1.2,82,IncX3
G18255647,7898,1,1_1_1_1_1_1_5,4.3.1.1,82,
G18251463,7898,1,1_1_1_1_1_1_5,4.3.1.1,82,
G18254219,7898,1,1_1_1_1_1_1_5,4.3.1.2,82,
G18255644,7898,1,1_1_1_1_1_1_5,4.3.1.2,82,
G18251453,7898,1,1_1_1_1_1_1_5,4.3.1.2,82,
G18254196,7898,1,1_1_1_1_1_1_5,4.3.1.2.EA3,82,
G18255648,7898,1,1_1_1_1_1_1_5,4.3.1.2,82,
G18251445,7898,1,1_1_1_1_1_1_5,4.3.1.2,82,IncX3
G18255632,7898,1,1_1_1_1_1_1_5,4.3.1.2,82,
G18255655,7898,1,1_1_1_1_1_1_5,4.3.1.2,82,
G18254211,E98-0664_66,2,1_1_2_1_1_1_5,2.5,82,IncFIB(pHCM2)
G18251458,H12ESR00755-001A,1,1_1_1_1_1_1_5,3,82,
G18254192,7898,1,1_1_1_1_1_1_5,4.3.1.2,82,
G18254217,7898,1,1_1_1_1_1_1_5,4.3.1.2,82,IncX3
G18251435,7898,1,1_1_1_1_1_1_5,4.3.1.2,82,
G18254202,7898,1,1_1_1_1_1_1_5,4.3.1.2,82,
G18255661,7898,1,1_1_1_1_1_1_5,4.3.1.2,82,IncFIB(pHCM2)
G18251454,7898,1,1_1_1_1_1_1_5,4.3.1.2,82,
G18251451,7898,1,1_1_1_1_1_1_5,4.3.1.2,82,IncX3
G18255615,7898,1,1_1_1_1_1_1_5,4.3.1.2,82,
G18255660,E98-0664_66,5fb3382fccd51eb05b532915edfe1d279a9549d7,1_1_6c2befe37f6f1333b4c45e54a625c750942060b8_1_1_1_5,2.5,84,
G18254212,7898,1,1_1_1_1_1_1_5,4.3.1.2,82,
G18251452,7898,1,1_1_1_1_1_1_5,4.3.1.2,82,
G18255631,7898,1,1_1_1_1_1_1_5,4.3.1.2,82,
G18254218,7898,1,1_1_1_1_1_1_5,4.3.1.2,82,
G18255619,7898,1,1_1_1_1_1_1_5,4.3.1.2,82,
G18254204,7898,1,1_1_1_1_1_1_5,4.3.1.2,82,
G18254216,7898,1,1_1_1_1_1_1_5,4.3.1.2,82,
G18251449,ERL041834,2,1_1_2_1_1_1_5,3.3.1,82,
G18255635,H12ESR00755-001A,1,1_1_1_1_1_1_5,3,82,
G18254214,7898,1,1_1_1_1_1_1_5,4.3.1.2,82,
G18255623,7898,1,1_1_1_1_1_1_5,4.3.1.2,82,
G18254226,7898,1,1_1_1_1_1_1_5,4.3.1.2,82,
G18255628,7898,1,1_1_1_1_1_1_5,4.3.1.1,82,
G18251436,UI4692,2,1_1_2_1_1_1_5,2.2.2,82,
G18255652,7898,1,1_1_1_1_1_1_5,4.3.1.2,82,
G18251447,7898,1,1_1_1_1_1_1_5,4.3.1.2,82,
G18254222,7898,1,1_1_1_1_1_1_5,4.3.1.2,82,IncX3
G18251438,7898,1,1_1_1_1_1_1_5,4.3.1.2,82,
G18255646,7898,1,1_1_1_1_1_1_5,4.3.1,82,
G18254203,UI4692,2,1_1_2_1_1_1_5,2.2.2,82,
G18254220,7898,1,1_1_1_1_1_1_5,4.3.1.2,82,
G18251459,7898,1,1_1_1_1_1_1_5,4.3.1.2,82,
G18254186,7898,1,1_1_1_1_1_1_5,4.3.1.1,82,
G18254213,7898,1,1_1_1_1_1_1_5,4.3.1.2,82,IncX3
G18254210,7898,1,1_1_1_1_1_1_5,4.3.1.2,82,IncX3
G18255651,7898,1,1_1_1_1_1_1_5,4.3.1.2,82,
G18251462,7898,1,1_1_1_1_1_1_5,4.3.1,82,
G18255622,7898,1,1_1_1_1_1_1_5,4.3.1.2,82,
G18255650,7898,1,1_1_1_1_1_1_5,4.3.1.2,82,
G18251430,7898,1,1_1_1_1_1_1_5,4.3.1.2,82,
G18254206,H12ESR00755-001A,1,1_1_1_1_1_1_5,3,82,
B26,7898,1,1_1_1_1_1_1_5,4.3.1.2,82,
B73_merged,7898,1,1_1_1_1_1_1_5,4.3.1.2,82,
B31,7898,1,1_1_1_1_1_1_5,4.3.1.2,81,
B52_merged,ERL041834,2,1_1_2_1_1_1_5,3.3,82,
B49_merged,7898,1,1_1_1_1_1_1_5,4.3.1.2,82,
B90,ERL041834,2,1_1_2_1_1_1_5,3.3,82,
B41_merged,7898,1,1_1_1_1_1_1_5,4.3.1.2,82,
B380,7898,1,1_1_1_1_1_1_5,4.3.1,82,
B296_merged,ERL041834,2,1_1_2_1_1_1_5,3.3,82,
B930,E98-0664_66,2,1_1_2_1_1_1_5,2.5,82,IncFIB(pHCM2)
B439,7898,1,1_1_1_1_1_1_5,4.3.1,82,
B469,7898,1,1_1_1_1_1_1_5,4.3.1.2,82,
B357,7898,1,1_1_1_1_1_1_5,4.3.1.2,82,
B419,7898,1,1_1_1_1_1_1_5,4.3.1.1,82,
B436,7898,1,1_1_1_1_1_1_5,4.3.1,82,
B639_merged,7898,1,1_1_1_1_1_1_5,4.3.1,82,
B653,7898,1,1_1_1_1_1_1_5,4.3.1,82,
B950,ERL041834,2,1_1_2_1_1_1_5,3.3.1,82,
B633_merged,7898,1,1_1_1_1_1_1_5,4.3.1.2,82,
B468_merged,7898,1,1_1_1_1_1_1_5,4.3.1.2,82,
B358,7898,1,1_1_1_1_1_1_5,4.3.1.2,82,
B975,7898,1,1_1_1_1_1_1_5,4.3.1,82,
B391,7898,1,1_1_1_1_1_1_5,4.3.1,82,ColpVC
B745_merged,7898,1,1_1_1_1_1_1_5,4.3.1.2,82,
B1130_merged,7898,1,1_1_1_1_1_1_5,4.3.1.2,82,
B396,7898,1,1_1_1_1_1_1_5,4.3.1.2,82,
B747,7898,1,1_1_1_1_1_1_5,4.3.1.2,82,IncFIB(pHCM2)
B483,7898,1,1_1_1_1_1_1_5,4.3.1,82,
B798,7898,1,1_1_1_1_1_1_5,4.3.1,80,
B231_merged,7898,1,1_1_1_1_1_1_5,4.3.1.2,82,
B191_merged,7898,1,1_1_1_1_1_1_5,4.3.1.2,82,
B155,7898,1,1_1_1_1_1_1_5,4.3.1.2,82,
B628,7898,1,1_1_1_1_1_1_5,4.3.1.2,82,
B318,ERL041834,2,1_1_2_1_1_1_5,3.3,82,
B276,E98-0664_66,2,1_1_2_1_1_1_5,2.5,82,IncFIB(pHCM2)
B505,7898,1,1_1_1_1_1_1_5,4.3.1,82,
B1192_merged,7898,1,1_1_1_1_1_1_5,4.3.1,82,
B331,7898,1,1_1_1_1_1_1_5,4.3.1,82,
B529_merged,7898,1,1_1_1_1_1_1_5,4.3.1.2,82,
B603_merged,7898,1,1_1_1_1_1_1_5,4.3.1.2,82,
B105,7898,1,1_1_1_1_1_1_5,4.3.1.2,82,IncFIB(pHCM2)
B821_16,7898,1,1_1_1_1_1_1_5,4.3.1,82,
B113_merged,7898,0805181dad78ece81b4ef1d5ccf1cd9d0fdb9b3a,1_f6391e7d98c3a2465d45642a5ac1491c4d5f5d53_1_1_1_?_5,4.3.1,75,
B97,ERL041834,2,1_1_2_1_1_1_5,3.3,82,
B521,7898,1,1_1_1_1_1_1_5,4.3.1.2,82,
B930_16,E98-0664_66,2,1_1_2_1_1_1_5,2.5,82,
B550_merged,7898,1,1_1_1_1_1_1_5,4.3.1.2,82,
B413_merged,7898,1,1_1_1_1_1_1_5,4.3.1,82,
B934_16,ERL041834,2,1_1_2_1_1_1_5,2,82,
B1159_merged,7898,1,1_1_1_1_1_1_5,4.3.1.1,82,
B908_16,7898,1,1_1_1_1_1_1_5,4.3.1.2,82,
B233_merged,7898,46c5a5b502c3044be5d1b7b3f6a0fe170ccde078,1_1_d38b480c6b455b331152fa5ceb29e9c3e9975b34_1_1_1_5,4.3.1.2,82,IncFIB(pHCM2)
B1153_merged,7898,1,1_1_1_1_1_1_5,4.3.1,82,
B832,7898,1,1_1_1_1_1_1_5,4.3.1.2,82,
B498,7898,8eca6a4c478ef94248f0f7cf383986f2d614ccc3,?_1_ec15e80e722dbc72d9f09c4f49ca17a0c3ab7e60_ee5e006f67332e6772b56271c0906534f1a287ac_de1859ee0edd07e2214c32845d1cb37e900018e4_21f283ccbc8cb951ce45c43a6046920a113d6067_5,4.3.1,73,
B793,7898,1,1_1_1_1_1_1_5,4.3.1.2,82,
B1027_merged,7898,1,1_1_1_1_1_1_5,4.3.1.2,82,
B457_merged,7898,1,1_1_1_1_1_1_5,4.3.1.2,82,
B117,7898,1,1_1_1_1_1_1_5,4.3.1.2,82,
B106,Ty2,1,1_1_1_1_1_1_5,4.1,82,
B563_merged,7898,1,1_1_1_1_1_1_5,4.3.1.2,82,
B451_meregd,E98-0664_66,2,1_1_2_1_1_1_5,2.5,82,IncFIB(pHCM2)
B816_16_merged,7898,1,1_1_1_1_1_1_5,4.3.1.2,82,IncFIB(pHCM2)
B992,E98-0664_66,2,1_1_2_1_1_1_5,2.5,82,IncFIB(pHCM2)
B1027_16_merged,7898,1,1_1_1_1_1_1_5,4.3.1,82,
B1039_merged,7898,1,1_1_1_1_1_1_5,4.3.1.2,82,
422490,CT18,2,1_1_2_1_1_1_5,3.2.2,82,
482154,7898,1,1_1_1_1_1_1_5,4.3.1.1,82,IncFIB(pHCM2)
325594,ERL041834,2,1_1_2_1_1_1_5,2,82,
427595,ERL041834,2,1_1_2_1_1_1_5,3.3.2.Bd1,82,
429734,Ty2,1,1_1_1_1_1_1_5,4.1,82,
425605,CT18,2,1_1_2_1_1_1_5,3.2.2,82,
495794,7898,1,1_1_1_1_1_1_5,4.3.1,82,
623239,E98-0664_66,2,1_1_2_1_1_1_5,2.5,82,IncFIB(pHCM2)
385886,7898,1,1_1_1_1_1_1_5,4.3.1.1,82,
405940,7898,1,1_1_1_1_1_1_5,4.3.1.2,82,
473226,7898,1,1_1_1_1_1_1_5,4.3.1.2,82,
620455,7898,1,1_1_1_1_1_1_5,4.3.1.1,82,
565511,7898,1,1_1_1_1_1_1_5,4.3.1,82,
1127204,7898,1,1_1_1_1_1_1_5,4.3.1.1,82,IncFIB(pHCM2)
446638,7898,1,1_1_1_1_1_1_5,4.3.1.2,82,
293005,7898,1,1_1_1_1_1_1_5,4.3.1.1,82,IncFIB(pHCM2)
572146,D50739,2,1_1_2_1_1_1_5,2.4,82,
1130930,7898,1,1_1_1_1_1_1_5,4.3.1.1,82,ColRNAI; IncFIB(pHCM2)
423185,7898,1,1_1_1_1_1_1_5,4.3.1.1,82,IncFIB(pHCM2)
416218,7898,1,1_1_1_1_1_1_5,4.3.1.2.EA3,82,
568313,7898,1,1_1_1_1_1_1_5,4.3.1.1,82,IncFIB(pHCM2)
533437,ERL041834,2,1_1_2_1_1_1_5,3.3,82,
412144,7898,1,1_1_1_1_1_1_5,4.3.1.1,82,
445161,7898,1,1_1_1_1_1_1_5,4.3.1.2,82,
418900,7898,1,1_1_1_1_1_1_5,4.3.1.2,82,
435407,7898,1,1_1_1_1_1_1_5,4.3.1.1,82,IncFIB(pHCM2)
373909,7898,1,1_1_1_1_1_1_5,4.3.1.2,82,
379335,7898,1,1_1_1_1_1_1_5,4.3.1.1,82,
640315,7898,1,1_1_1_1_1_1_5,4.3.1.1,82,
563490,7898,1,1_1_1_1_1_1_5,4.3.1.1,82,IncFIB(pHCM2)
636303,7898,1,1_1_1_1_1_1_5,4.3.1,82,
376180,E98-0664_66,2,1_1_2_1_1_1_5,2.5,82,IncFIB(pHCM2)
604981,7898,1,1_1_1_1_1_1_5,4.3.1,82,IncHI1A--IncHI1B(R27)
423187,7898,1,1_1_1_1_1_1_5,4.3.1,82,
646021,ERL041834,2,1_1_2_1_1_1_5,3.3.1,82,
478553,7898,1,1_1_1_1_1_1_5,4.3.1.1,82,IncFIB(pHCM2)
410877,E98-0664_66,2,1_1_2_1_1_1_5,2.5,82,IncFIB(pHCM2)
266919,7898,1,1_1_1_1_1_1_5,4.3.1.2,82,
391282,7898,1,1_1_1_1_1_1_5,4.3.1.2,82,
520545,7898,1,1_1_1_1_1_1_5,4.3.1.1,82,
413013,7898,1,1_1_1_1_1_1_5,4.3.1.2,82,
376105,7898,1,1_1_1_1_1_1_5,4.3.1.1,82,IncFIB(pHCM2)
330505,7898,1,1_1_1_1_1_1_5,4.3.1.2,82,
553893,7898,1,1_1_1_1_1_1_5,4.3.1.1,82,
385867,7898,1,1_1_1_1_1_1_5,4.3.1.1,82,
452458,E98-0664_66,2,1_1_2_1_1_1_5,2.5,82,
370897,CT18,2,1_1_2_1_1_1_5,3.2.2,82,
656789,7898,1,1_1_1_1_1_1_5,4.3.1.1,82,
362755,UI4692,2,1_1_2_1_1_1_5,2.2,82,IncX1
520601,7898,1,1_1_1_1_1_1_5,4.3.1.2,82,
555507,7898,1,1_1_1_1_1_1_5,4.3.1,82,
611417,7898,1,1_1_1_1_1_1_5,4.3.1.1,82,
474628#,ERL041834,2,1_1_2_1_1_1_5,3.3,82,
378683,7898,1,1_1_1_1_1_1_5,4.3.1.2,82,
628085,CT18,2,1_1_2_1_1_1_5,3.2.2,82,
SRR5986336,7898,1,1_1_1_1_1_1_5,4.3.1.2,82,
421190,7898,1,1_1_1_1_1_1_5,4.3.1.1.EA1,82,
644173,7898,1,1_1_1_1_1_1_5,4.3.1.2,82,
301867,ERL041834,2,1_1_2_1_1_1_5,3.3,82,
435365,7898,1,1_1_1_1_1_1_5,4.3.1.1,82,
364179,ERL041834,2,1_1_2_1_1_1_5,3.0.1,82,
423186,7898,1,1_1_1_1_1_1_5,4.3.1.2,82,
611413,7898,1,1_1_1_1_1_1_5,4.3.1.1,82,
617638,7898,1,1_1_1_1_1_1_5,4.3.1,82,
399379,7898,1,1_1_1_1_1_1_5,4.3.1.2.EA2,82,
604980,7898,1,1_1_1_1_1_1_5,4.3.1.2,82,
413046,7898,1,1_1_1_1_1_1_5,4.3.1.2,82,
506868,7898,1,1_1_1_1_1_1_5,4.3.1.1,81,IncFIB(pHCM2)
323883,7898,1,1_1_1_1_1_1_5,4.3.1.1,82,IncFIB(pHCM2)
528511,7898,1,1_1_1_1_1_1_5,4.3.1.2,82,
369957,7898,1,1_1_1_1_1_1_5,4.3.1.1,82,IncFIB(pHCM2)
513477,ERL041834,2,1_1_2_1_1_1_5,3.3,82,
443567,7898,1,1_1_1_1_1_1_5,4.3.1.1,82,IncFIB(pHCM2)
509833,7898,1,1_1_1_1_1_1_5,4.3.1.2.EA3,82,
575134,CT18,2,1_1_2_1_1_1_5,3.2.2,82,
438028,7898,1,1_1_1_1_1_1_5,4.3.1.2,82,
430289,UI4692,2,1_1_2_1_1_1_5,2.2,82,ColpVC
427453,7898,1,1_1_1_1_1_1_5,4.3.1.2,82,
599592,7898,1,1_1_1_1_1_1_5,4.3.1.2,82,
619925,7898,1,1_1_1_1_1_1_5,4.3.1.1,82,IncFIB(pHCM2)
421631,H12ESR00755-001A,1,1_1_1_1_1_1_5,3,82,
378704,7898,1,1_1_1_1_1_1_5,4.3.1.2,82,
603305,7898,1,1_1_1_1_1_1_5,4.3.1.2,82,
620441,7898,1,1_1_1_1_1_1_5,4.3.1.2,82,
SRR5986335,7898,1,1_1_1_1_1_1_5,4.3.1,82,
385888,7898,1,1_1_1_1_1_1_5,4.3.1,82,
598168,7898,1,1_1_1_1_1_1_5,4.3.1.2,82,
462020,ERL041834,2,1_1_2_1_1_1_5,3.0.1,82,
553784,7898,1,1_1_1_1_1_1_5,4.3.1.3.Bdq,82,IncFIB(K)
475740,E02-1180,2,1_1_2_1_1_1_5,0.0.3,82,Col(pHAD28)
429739,7898,1,1_1_1_1_1_1_5,4.3.1.1,82,IncFIB(pHCM2)
278083,ERL041834,2,1_1_2_1_1_1_5,3.3,82,
625789,7898,1,1_1_1_1_1_1_5,4.3.1,82,
611069,ERL072973,1,1_1_1_1_1_1_5,3,82,
623529,7898,1,1_1_1_1_1_1_5,4.3.1.2,82,
366321,7898,1,1_1_1_1_1_1_5,4.3.1.2,82,
342536,7898,1,1_1_1_1_1_1_5,4.3.1,82,
607854,ST1921-06,2209,1_1_2_1_484_1_5,2.3.3,82,
520549,E98-0664_66,2,1_1_2_1_1_1_5,2.5,82,IncFIB(pHCM2)
495793,7898,1,1_1_1_1_1_1_5,4.3.1.2,82,
370917,7898,1,1_1_1_1_1_1_5,4.3.1,82,
611068,ERL072973,1,1_1_1_1_1_1_5,3,82,
376176,7898,1,1_1_1_1_1_1_5,4.3.1.1,82,IncFIB(pHCM2)
630655,ERL041834,2,1_1_2_1_1_1_5,3.3.1,82,
346526,7898,1,1_1_1_1_1_1_5,4.3.1.2,82,
572491,D50739,2,1_1_2_1_1_1_5,2.4,82,
630656,11909_3,2,1_1_2_1_1_1_5,2.0.2,82,IncX1
528015,7898,1,1_1_1_1_1_1_5,4.3.1.1,82,IncFIB(pHCM2)
629341,7898,1,1_1_1_1_1_1_5,4.3.1.2,82,
379394,ST1921-06,2,1_1_2_1_1_1_5,2.3.1,82,
610004,7898,1,1_1_1_1_1_1_5,4.3.1.1,82,IncFIB(pHCM2)
376190,7898,1,1_1_1_1_1_1_5,4.3.1.1,82,IncFIB(pHCM2)
598167,7898,1,1_1_1_1_1_1_5,4.3.1.1,82,IncFIB(pHCM2)
545293,7898,1,1_1_1_1_1_1_5,4.3.1.1,82,
458103,7898,1,1_1_1_1_1_1_5,4.3.1.1,82,
467191,7898,1,1_1_1_1_1_1_5,4.3.1.2,82,
446523,7898,1,1_1_1_1_1_1_5,4.3.1.1,82,
625283,7898,1,1_1_1_1_1_1_5,4.3.1.2,82,
548862,ST1921-06,2,1_1_2_1_1_1_5,2.3.1,82,
644172,7898,1,1_1_1_1_1_1_5,4.3.1,82,
620457,7898,1,1_1_1_1_1_1_5,4.3.1.1,82,
620443,ERL041834,2,1_1_2_1_1_1_5,3.3.1,82,
529862,7898,1,1_1_1_1_1_1_5,4.3.1,82,
SRR3321530,7898,1,1_1_1_1_1_1_5,4.3.1.2,82,
481518,7898,1,1_1_1_1_1_1_5,4.3.1,82,
370622,ERL024120,2,1_1_2_1_1_1_5,2.1,82,
454842,404Ty,2,1_1_2_1_1_1_5,3.1,82,
646024,7898,1,1_1_1_1_1_1_5,4.3.1.2,82,
374597,7898,1,1_1_1_1_1_1_5,4.3.1.2,82,
364554,E98-0664_66,2,1_1_2_1_1_1_5,2.5,82,IncFIB(pHCM2)
428223,7898,1,1_1_1_1_1_1_5,4.3.1.2,82,
492562,CT18,2,1_1_2_1_1_1_5,3.2.2,82,
648640,7898,1,1_1_1_1_1_1_5,4.3.1,82,
628083,7898,1,1_1_1_1_1_1_5,4.3.1.1,82,IncFIB(pHCM2)
488684,E98-0664_66,2,1_1_2_1_1_1_5,2.5,82,IncFIB(pHCM2)
539103,7898,1,1_1_1_1_1_1_5,4.3.1.2,82,
315668,7898,1,1_1_1_1_1_1_5,4.3.1.2,82,
640316,7898,1,1_1_1_1_1_1_5,4.3.1.2,82,
420542,Ty2,1,1_1_1_1_1_1_5,4.1,82,
414660,CT18,2,1_1_2_1_1_1_5,3.2.2,82,
1131104,7898,1,1_1_1_1_1_1_5,4.3.1.1,82,IncFIB(pHCM2)
325596,404Ty,2,1_1_2_1_1_1_5,3.1.1,82,IncFIA(HI1); IncHI1A--IncHI1B(R27)
608465,7898,1,1_1_1_1_1_1_5,4.3.1.2,82,
625780,7898,1,1_1_1_1_1_1_5,4.3.1.2,82,
423188,7898,1,1_1_1_1_1_1_5,4.3.1.1,82,IncFIB(pHCM2)
428237,ST1921-06,2209,1_1_2_1_484_1_5,2.3.3,82,
632345,E98-0664_66,2,1_1_2_1_1_1_5,2.5,82,IncFIB(pHCM2)
416030,7898,1,1_1_1_1_1_1_5,4.3.1.1,82,IncFIB(pHCM2)
380837,7898,1,1_1_1_1_1_1_5,4.3.1.1,82,IncFIB(pHCM2)
391131,7898,1,1_1_1_1_1_1_5,4.3.1.2,82,
601705,UI4692,2,1_1_2_1_1_1_5,2.2,82,
478603,ERL041834,2,1_1_2_1_1_1_5,3.3,82,
543893,7898,1,1_1_1_1_1_1_5,4.3.1.1,82,IncFIB(pHCM2)
606245,7898,1,1_1_1_1_1_1_5,4.3.1.1,82,
393908,7898,1,1_1_1_1_1_1_5,4.3.1.2,82,
620459,E98-0664_66,2,1_1_2_1_1_1_5,2.5,82,IncFIB(pHCM2)
611421,7898,1,1_1_1_1_1_1_5,4.3.1.1,82,IncFIB(pHCM2)
628084,7898,1,1_1_1_1_1_1_5,4.3.1,82,
1131190,E98-0664_66,2,1_1_2_1_1_1_5,2.5,82,
624491,ERL041834,2,1_1_2_1_1_1_5,3.3.2.Bd1,82,IncFIB(pHCM2)
410896,ERL041834,2,1_1_2_1_1_1_5,3.3.2,82,
376067,7898,1,1_1_1_1_1_1_5,4.3.1.1,82,IncFIB(pHCM2)
506036,7898,1,1_1_1_1_1_1_5,4.3.1.1.EA1,82,IncN
550679,7898,1,1_1_1_1_1_1_5,4.3.1.1,82,
520552,7898,1,1_1_1_1_1_1_5,4.3.1.2,82,
531231,7898,1,1_1_1_1_1_1_5,4.3.1.1,82,IncFIB(pHCM2)
603275,7898,1,1_1_1_1_1_1_5,4.3.1.1.P1,82,IncY
447684,7898,1,1_1_1_1_1_1_5,4.3.1.1,82,
610002,7898,1,1_1_1_1_1_1_5,4.3.1.1,82,
429733,ERL041834,2,1_1_2_1_1_1_5,3.3.1,82,
420484,7898,1,1_1_1_1_1_1_5,4.3.1.2,82,
427599,CT18,2,1_1_2_1_1_1_5,3.2.2,82,
424614,7898,1,1_1_1_1_1_1_5,4.3.1.1,82,
604919,7898,1,1_1_1_1_1_1_5,4.3.1.2,82,
510186,7898,1,1_1_1_1_1_1_5,4.3.1,82,
627329,7898,1,1_1_1_1_1_1_5,4.3.1.2,82,
480738,ERL041834,2,1_1_2_1_1_1_5,3.3,82,
265725,ERL041834,2,1_1_2_1_1_1_5,3.3,82,
506037,7898,1,1_1_1_1_1_1_5,4.3.1.2,82,
397394,7898,1,1_1_1_1_1_1_5,4.3.1.1,82,IncFIB(pHCM2)
337061,7898,1,1_1_1_1_1_1_5,4.3.1.1,82,IncFIB(pHCM2)
550809,7898,1,1_1_1_1_1_1_5,4.3.1,82,
508247,ST1921-06,4760,1_1_2_1026_1_1_5,2.3.2,82,
430293,UI4692,2,1_1_2_1_1_1_5,2.2.2,82,
598141,7898,1,1_1_1_1_1_1_5,4.3.1.1,82,IncFIB(pHCM2)
606244,Ty2,1,1_1_1_1_1_1_5,4.1,82,
478535,ERL041834,2,1_1_2_1_1_1_5,3,82,
625785,7898,1,1_1_1_1_1_1_5,4.3.1.1,82,
286702,7898,1,1_1_1_1_1_1_5,4.3.1.2,82,
435511,7898,1,1_1_1_1_1_1_5,4.3.1.1,82,IncFIB(pHCM2)
529275,ERL041834,2,1_1_2_1_1_1_5,3.3.1,82,
604927,7898,1,1_1_1_1_1_1_5,4.3.1.2,82,
429741,7898,1,1_1_1_1_1_1_5,4.3.1.2,82,IncN
412129,ERL041834,2,1_1_2_1_1_1_5,3.3,82,
568311,7898,1,1_1_1_1_1_1_5,4.3.1.1,82,IncFIB(pHCM2)
634755,7898,1,1_1_1_1_1_1_5,4.3.1.1.P1,82,IncY
582308,7898,1,1_1_1_1_1_1_5,4.3.1.1,82,IncFIB(pHCM2)
545297,7898,1,1_1_1_1_1_1_5,4.3.1,82,
486547,7898,1,1_1_1_1_1_1_5,4.3.1.1,82,
387513,7898,1,1_1_1_1_1_1_5,4.3.1.2,82,
316194,7898,1,1_1_1_1_1_1_5,4.3.1,82,
371824,Ty2,1,1_1_1_1_1_1_5,4.1,82,
369981,ERL041834,2,1_1_2_1_1_1_5,3.3,82,
495816,ST1921-06,2209,1_1_2_1_484_1_5,2.3.3,82,
488683,7898,1,1_1_1_1_1_1_5,4.3.1,82,
427412,7898,1,1_1_1_1_1_1_5,4.3.1.1,82,
546626,7898,1,1_1_1_1_1_1_5,4.3.1.1,82,
611442,E98-0664_66,2,1_1_2_1_1_1_5,2.5,82,
445946,7898,1,1_1_1_1_1_1_5,4.3.1.2,82,
325535,7898,1,1_1_1_1_1_1_5,4.3.1.2,82,
376083,7898,1,1_1_1_1_1_1_5,4.3.1.2,82,
568336,7898,1,1_1_1_1_1_1_5,4.3.1.1.P1,82,IncY
619806,7898,1,1_1_1_1_1_1_5,4.3.1.1,82,
452459,7898,1,1_1_1_1_1_1_5,4.3.1.2,82,
374038,7898,1,1_1_1_1_1_1_5,4.3.1.1,82,
591872,7898,1,1_1_1_1_1_1_5,4.3.1.2,82,
366365,E98-0664_66,2,1_1_2_1_1_1_5,2.5,82,IncFIB(pHCM2)
379396,Ty2,1,1_1_1_1_1_1_5,4.1,82,
443568,7898,1,1_1_1_1_1_1_5,4.3.1.2,82,
314893,7898,1,1_1_1_1_1_1_5,4.3.1,82,
520539,7898,1,1_1_1_1_1_1_5,4.3.1.1,82,
539163,7898,1,1_1_1_1_1_1_5,4.3.1.1,82,
373941,7898,1,1_1_1_1_1_1_5,4.3.1.1,82,IncFIB(pHCM2)
539099,7898,1,1_1_1_1_1_1_5,4.3.1,82,
598140,7898,1,1_1_1_1_1_1_5,4.3.1.1,82,
373917,ERL041834,2,1_1_2_1_1_1_5,3.3.2.Bd1,82,
503133,7898,1,1_1_1_1_1_1_5,4.3.1,82,
545292,ST1921-06,2209,1_1_2_1_484_1_5,2.3.3,82,
400339,7898,1,1_1_1_1_1_1_5,4.3.1,82,
652961,7898,1,1_1_1_1_1_1_5,4.3.1.2,82,
516318,7898,1,1_1_1_1_1_1_5,4.3.1.1,82,
479460,ERL041834,2,1_1_2_1_1_1_5,3.3.1,82,
520548,7898,1,1_1_1_1_1_1_5,4.3.1.2,82,
529812,7898,1,1_1_1_1_1_1_5,4.3.1,82,
601702,7898,1,1_1_1_1_1_1_5,4.3.1.1,82,
482712,E98-0664_66,2,1_1_2_1_1_1_5,2.5,82,IncFIB(pHCM2)
268672,7898,1,1_1_1_1_1_1_5,4.3.1.1,82,IncFIB(pHCM2)
311176,UI4692,2,1_1_2_1_1_1_5,2.2,82,
424721,404Ty,2,1_1_2_1_1_1_5,3.1.1,82,IncY
541348,7898,1,1_1_1_1_1_1_5,4.3.1.1.EA1,82,IncN
257030,ERL041834,2,1_1_2_1_1_1_5,3.3,82,
417212,7898,1,1_1_1_1_1_1_5,4.3.1,82,
577910,7898,1,1_1_1_1_1_1_5,4.3.1,82,
427594,7898,1,1_1_1_1_1_1_5,4.3.1,82,
399970,7898,1,1_1_1_1_1_1_5,4.3.1,82,
432799,ERL024120,2,1_1_2_1_1_1_5,2.1,82,
456197,ERL041834,2,1_1_2_1_1_1_5,3.0.1,82,
369037,7898,1,1_1_1_1_1_1_5,4.3.1,82,
526159,7898,1,1_1_1_1_1_1_5,4.3.1.2,82,
428253,7898,1,1_1_1_1_1_1_5,4.3.1.2,82,
421192,Ty2,1,1_1_1_1_1_1_5,4.1,82,
423052,7898,1,1_1_1_1_1_1_5,4.3.1.1,82,
646022,7898,1,1_1_1_1_1_1_5,4.3.1.1.EA1,82,
606242,7898,1,1_1_1_1_1_1_5,4.3.1.1,82,IncFIB(pHCM2)
424715,7898,1,1_1_1_1_1_1_5,4.3.1,82,
285657,7898,1,1_1_1_1_1_1_5,4.3.1,82,
625282,7898,1,1_1_1_1_1_1_5,4.3.1.1,82,
376057,7898,1,1_1_1_1_1_1_5,4.3.1.1,82,
559077,E98-0664_66,2,1_1_2_1_1_1_5,2.5,82,IncFIB(pHCM2)
479451,7898,1,1_1_1_1_1_1_5,4.3.1.1,82,IncFIB(pHCM2)
520543,7898,1,1_1_1_1_1_1_5,4.3.1.1,82,
631596,7898,1,1_1_1_1_1_1_5,4.3.1,82,
534759,7898,1,1_1_1_1_1_1_5,4.3.1.1,82,IncFIB(pHCM2)
492561,7898,1,1_1_1_1_1_1_5,4.3.1.2,82,
483051,7898,1,1_1_1_1_1_1_5,4.3.1.2,82,
613025,ERL041834,2,1_1_2_1_1_1_5,3.3.2.Bd1,82,
SRR5500428,ERL041834,2,1_1_2_1_1_1_5,3.3,82,IncFIB(pHCM2)
440109,ERL041834,2,1_1_2_1_1_1_5,3.0.1,82,
503137,Ty2,1,1_1_1_1_1_1_5,4.1,82,
634745,7898,1,1_1_1_1_1_1_5,4.3.1.1,82,
546627,7898,1,1_1_1_1_1_1_5,4.3.1.1,82,
620451,7898,1,1_1_1_1_1_1_5,4.3.1.1.EA1,83,IncN
421706,ERL041834,2,1_1_2_1_1_1_5,2,82,
604977,7898,1,1_1_1_1_1_1_5,4.3.1.1,82,IncFIB(pHCM2)
1132351,7898,1,1_1_1_1_1_1_5,4.3.1.1,82,
556786,7898,1,1_1_1_1_1_1_5,4.3.1.1,83,IncFIB(pHCM2); IncFII(S)
363520,7898,1,1_1_1_1_1_1_5,4.3.1.1,82,
448199,7898,1,1_1_1_1_1_1_5,4.3.1.1,82,IncFIB(pHCM2)
429195,7898,1,1_1_1_1_1_1_5,4.3.1,82,
606246,7898,1,1_1_1_1_1_1_5,4.3.1,82,
550788,7898,1,1_1_1_1_1_1_5,4.3.1.1,82,
290787,7898,1,1_1_1_1_1_1_5,4.3.1.2,82,
429737,7898,1,1_1_1_1_1_1_5,4.3.1.1,82,IncFIB(pHCM2)
554414,7898,1,1_1_1_1_1_1_5,4.3.1.1,82,
594793,7898,1,1_1_1_1_1_1_5,4.3.1,82,
418901,7898,1,1_1_1_1_1_1_5,4.3.1.1,82,IncFIB(pHCM2)
524805,7898,1,1_1_1_1_1_1_5,4.3.1.1,82,
493427,ST1921-06,4760,1_1_2_1026_1_1_5,2.3.2,82,
601701,7898,1,1_1_1_1_1_1_5,4.3.1.2,82,IncFIB(pHCM2)
591238,7898,1,1_1_1_1_1_1_5,4.3.1.2,82,
373914,7898,1,1_1_1_1_1_1_5,4.3.1,82,
422488,7898,1,1_1_1_1_1_1_5,4.3.1.2,82,
572384,7898,1,1_1_1_1_1_1_5,4.3.1.2.EA3,82,IncHI1A--IncHI1B(R27)
427447,7898,1,1_1_1_1_1_1_5,4.3.1.2,82,IncFIB(pHCM2)
432187,E98-0664_66,2,1_1_2_1_1_1_5,2.5,82,IncFIB(pHCM2)
302871,7898,1,1_1_1_1_1_1_5,4.3.1.1,82,
436943,7898,1,1_1_1_1_1_1_5,4.3.1.1,82,
388726,7898,1,1_1_1_1_1_1_5,4.3.1.2,82,
568394,ERL041834,2,1_1_2_1_1_1_5,3.3.1,82,
420543,ERL041834,2,1_1_2_1_1_1_5,3.0.1,82,
572145,E98-0664_66,2,1_1_2_1_1_1_5,2.5,82,IncFIB(pHCM2)
654713,7898,1,1_1_1_1_1_1_5,4.3.1.1,82,IncFIB(pHCM2)
495756,7898,1,1_1_1_1_1_1_5,4.3.1.1,82,
453966,ERL041834,2,1_1_2_1_1_1_5,3.3.2,82,
476605,7898,1,1_1_1_1_1_1_5,4.3.1.2,82,
531303,7898,1,1_1_1_1_1_1_5,4.3.1.1,82,
431414,H12ESR00755-001A,1,1_1_1_1_1_1_5,3,82,
588501,ERL072973,1,1_1_1_1_1_1_5,4.2.2,82,
738672,7898,1,1_1_1_1_1_1_5,4.3.1.1,82,
708229,7898,1,1_1_1_1_1_1_5,4.3.1.2,82,
841460,ERL041834,2,1_1_2_1_1_1_5,3.3,82,
539989,ERL041834,2,1_1_2_1_1_1_5,3.3.2,82,
546605,7898,1,1_1_1_1_1_1_5,4.3.1.1,82,IncFIB(pHCM2)
806238,7898,1,1_1_1_1_1_1_5,4.3.1.2,82,
804375,7898,1,1_1_1_1_1_1_5,4.3.1.2,82,
745302,7898,1,1_1_1_1_1_1_5,4.3.1,82,IncFII(pCRY)
774358,7898,1,1_1_1_1_1_1_5,4.3.1.1,82,IncFIB(pHCM2)
853972,7898,1,1_1_1_1_1_1_5,4.3.1.2,82,
673633,7898,1,1_1_1_1_1_1_5,4.3.1.2,82,
385505,7898,1,1_1_1_1_1_1_5,4.3.1.2,82,
709075,7898,1,1_1_1_1_1_1_5,4.3.1.2,82,
746790,7898,1,1_1_1_1_1_1_5,4.3.1,82,
844861,7898,1,1_1_1_1_1_1_5,4.3.1,82,
678023,7898,1,1_1_1_1_1_1_5,4.3.1.1,82,IncFIB(pHCM2)
731829,Ty2,1,1_1_1_1_1_1_5,4.1,82,
802744,7898,1,1_1_1_1_1_1_5,4.3.1.1.EA1,82,
839265,7898,1,1_1_1_1_1_1_5,4.3.1.2,82,
751278,7898,1,1_1_1_1_1_1_5,4.3.1,82,
821166,7898,1,1_1_1_1_1_1_5,4.3.1.1,82,
812208,7898,1,1_1_1_1_1_1_5,4.3.1.1.P1,82,
812118,E98-0664_66,2,1_1_2_1_1_1_5,2.5,82,IncFIB(pHCM2)
837037,7898,1,1_1_1_1_1_1_5,4.3.1.1.P1,82,
742396,7898,1,1_1_1_1_1_1_5,4.3.1.1,82,
731618,ERL024120,2,1_1_2_1_1_1_5,2.1.7.1,82,
801479,7898,1,1_1_1_1_1_1_5,4.3.1.2,82,
846509,UI4692,2,1_1_2_1_1_1_5,2.2,82,
804509,ERL041834,2,1_1_2_1_1_1_5,3.3,81,
816187,ERL041834,2,1_1_2_1_1_1_5,3.3.1,82,
802816,7898,1,1_1_1_1_1_1_5,4.3.1.1,82,
825146,7898,1,1_1_1_1_1_1_5,4.3.1.1.EA1,82,IncN
742417,7898,1,1_1_1_1_1_1_5,4.3.1.1,82,IncFIB(pHCM2)
814946,7898,1,1_1_1_1_1_1_5,4.3.1,82,
720114,7898,1,1_1_1_1_1_1_5,4.3.1.1,82,
853973,7898,1,1_1_1_1_1_1_5,4.3.1.1.P1,82,
751217,7898,1,1_1_1_1_1_1_5,4.3.1.2,82,
814334,7898,1,1_1_1_1_1_1_5,4.3.1.1,82,
758126,7898,1,1_1_1_1_1_1_5,4.3.1.1.EA1,82,IncN
781854,ERL041834,2,1_1_2_1_1_1_5,3.3,82,
788248,7898,1,1_1_1_1_1_1_5,4.3.1,82,
797576,ERL024120,2,1_1_2_1_1_1_5,2.1,82,
857228,ERL041834,2,1_1_2_1_1_1_5,3.3,82,
802812,7898,1,1_1_1_1_1_1_5,4.3.1.1.EA1,82,IncN
814896,7898,1,1_1_1_1_1_1_5,4.3.1.1,82,IncFIB(pHCM2)
774359,UI4692,2,1_1_2_1_1_1_5,2.2,82,
802699,7898,1,1_1_1_1_1_1_5,4.3.1.1.P1,82,IncY
862942,UI4692,2,1_1_2_1_1_1_5,2.2,82,
705231,7898,1,1_1_1_1_1_1_5,4.3.1.2,82,
818980,ERL041834,2,1_1_2_1_1_1_5,2.0.1,82,
762229,7898,1,1_1_1_1_1_1_5,4.3.1.1,82,
738711,7898,1,1_1_1_1_1_1_5,4.3.1.2,82,
825145,7898,1,1_1_1_1_1_1_5,4.3.1.1,82,
625781,7898,1,1_1_1_1_1_1_5,4.3.1,82,
831216,7898,1,1_1_1_1_1_1_5,4.3.1,82,
692678,7898,1,1_1_1_1_1_1_5,4.3.1.1,82,
823533,7898,1,1_1_1_1_1_1_5,4.3.1,82,
661077,7898,1,1_1_1_1_1_1_5,4.3.1.1,82,IncFIB(pHCM2)
689024,Ty2,1,1_1_1_1_1_1_5,4.1,82,
695968,7898,1,1_1_1_1_1_1_5,4.3.1.1,82,IncFIB(pHCM2)
804374,7898,1,1_1_1_1_1_1_5,4.3.1.2,82,
686753,7898,1,1_1_1_1_1_1_5,4.3.1.2,82,
804508,7898,1,1_1_1_1_1_1_5,4.3.1,82,
785007,ERL041834,2,1_1_2_1_1_1_5,3.3.1,82,
826387,UI4692,2,1_1_2_1_1_1_5,2.2,82,
730977,7898,1,1_1_1_1_1_1_5,4.3.1.1,82,
827030,7898,1,1_1_1_1_1_1_5,4.3.1,82,
740079,7898,1,1_1_1_1_1_1_5,4.3.1.1,82,
843981,ERL041834,2,1_1_2_1_1_1_5,3.3.1,82,
800598,7898,1,1_1_1_1_1_1_5,4.3.1.1,82,
702964,7898,1,1_1_1_1_1_1_5,4.3.1.2,82,
620445,ERL041834,2,1_1_2_1_1_1_5,3.3.1,82,
816255,7898,1,1_1_1_1_1_1_5,4.3.1,82,
707186,7898,1,1_1_1_1_1_1_5,4.3.1.1,82,
806076,ST1921-06,2,1_1_2_1_1_1_5,2.3.1,82,
753224,7898,1,1_1_1_1_1_1_5,4.3.1.1,82,
856336,7898,1,1_1_1_1_1_1_5,4.3.1.1.P1,82,
819773,ERL041834,2,1_1_2_1_1_1_5,3.3.1,82,
789981,ST1921-06,2,1_1_2_1_1_1_5,2.3.2,82,
749380,7898,1,1_1_1_1_1_1_5,4.3.1.2,82,
823539,7898,1,1_1_1_1_1_1_5,4.3.1.1.P1,82,
766766,7898,1,1_1_1_1_1_1_5,4.3.1,82,
804501,7898,1,1_1_1_1_1_1_5,4.3.1.2,82,
746727,ERL041834,2,1_1_2_1_1_1_5,2.0.1,82,
632992,7898,1,1_1_1_1_1_1_5,4.3.1.1,82,IncFIB(pHCM2)
688986,7898,1,1_1_1_1_1_1_5,4.3.1,82,
628870,7898,1,1_1_1_1_1_1_5,4.3.1.1,82,
741691,7898,1,1_1_1_1_1_1_5,4.3.1.2,82,
685496,UI4692,2,1_1_2_1_1_1_5,2.2,82,
755137,7898,1,1_1_1_1_1_1_5,4.3.1.1,82,
820085,Ty2,1,1_1_1_1_1_1_5,4.1,82,
722370,7898,1,1_1_1_1_1_1_5,4.3.1,82,
818988,7898,1,1_1_1_1_1_1_5,4.3.1.1.P1,82,
539015,7898,1,1_1_1_1_1_1_5,4.3.1,82,IncHI1A--IncHI1B(R27)
802737,7898,1,1_1_1_1_1_1_5,4.3.1.1,82,IncFIB(pHCM2)
553790,ERL041834,2,1_1_2_1_1_1_5,3.3.1,82,
804370,7898,1,1_1_1_1_1_1_5,4.3.1.1,82,
727899,7898,1,1_1_1_1_1_1_5,4.3.1.1,82,IncFIB(pHCM2)
781848,7898,1,1_1_1_1_1_1_5,4.3.1,82,
695980,UI4692,2,1_1_2_1_1_1_5,2.2,82,
787550,7898,1,1_1_1_1_1_1_5,4.3.1,82,IncHI1A--IncHI1B(R27)
838500,7898,1,1_1_1_1_1_1_5,4.3.1.1.P1,81,
814337,7898,1,1_1_1_1_1_1_5,4.3.1.2,82,
702867,7898,1,1_1_1_1_1_1_5,4.3.1,82,
773734,7898,1,1_1_1_1_1_1_5,4.3.1.2,82,
802815,7898,1,1_1_1_1_1_1_5,4.3.1.2,82,
804371,7898,1,1_1_1_1_1_1_5,4.3.1.1,82,
751240,UI4692,2,1_1_2_1_1_1_5,2.2.2,82,IncFIB(pHCM2)
790550,7898,1,1_1_1_1_1_1_5,4.3.1.1,82,
802814,ERL041834,2,1_1_2_1_1_1_5,3.3.1,82,
756216,7898,1,1_1_1_1_1_1_5,4.3.1,82,
780463,7898,1,1_1_1_1_1_1_5,4.3.1.1.P1,82,
685880,7898,1,1_1_1_1_1_1_5,4.3.1.2,82,
854130,ST1921-06,2,1_1_2_1_1_1_5,2.3.2,82,
697422,7898,1,1_1_1_1_1_1_5,4.3.1.1,82,
786648,7898,1,1_1_1_1_1_1_5,4.3.1.2,82,
821163,ST1921-06,2209,1_1_2_1_484_1_5,2.3.3,82,
781846,7898,1,1_1_1_1_1_1_5,4.3.1.1.P1,82,
707188,7898,1,1_1_1_1_1_1_5,4.3.1.2,82,
683160,ERL024120,2,1_1_2_1_1_1_5,2.1,82,
802738,7898,1,1_1_1_1_1_1_5,4.3.1.2,82,
668826,7898,1,1_1_1_1_1_1_5,4.3.1.2,82,
751531,7898,1,1_1_1_1_1_1_5,4.3.1.1,82,IncFIB(pHCM2)
818191,7898,1,1_1_1_1_1_1_5,4.3.1.2,82,
675723,7898,1,1_1_1_1_1_1_5,4.3.1.1,82,IncFIB(pHCM2)
550675,7898,1,1_1_1_1_1_1_5,4.3.1.1,82,IncHI1A--IncHI1B(R27)
751532,7898,1,1_1_1_1_1_1_5,4.3.1.1,82,
834289,7898,1,1_1_1_1_1_1_5,4.3.1.1,82,
758748,7898,1,1_1_1_1_1_1_5,4.3.1,82,IncFII(pCRY)
634748,7898,1,1_1_1_1_1_1_5,4.3.1,82,
673631,UI4692,2,1_1_2_1_1_1_5,2.2,82,
550791,7898,1,1_1_1_1_1_1_5,4.3.1.2,82,
779906,7898,1,1_1_1_1_1_1_5,4.3.1.1,82,
728777,7898,1,1_1_1_1_1_1_5,4.3.1.1,82,
810028,7898,1,1_1_1_1_1_1_5,4.3.1.1,82,IncFIB(pHCM2)
751529,7898,6142,1_1_1_1237_1_1_5,4.3.1.2,82,
820112,E98-0664_66,2,1_1_2_1_1_1_5,2.5,82,IncFIB(pHCM2)
549486,E02-1180,2,1_1_2_1_1_1_5,0.0.3,82,
811047,ST1921-06,2209,1_1_2_1_484_1_5,2.3.3,82,
812074,7898,1,1_1_1_1_1_1_5,4.3.1.1,82,IncFIB(pHCM2)
842004,7898,1,1_1_1_1_1_1_5,4.3.1.1,82,IncFIB(pHCM2)
678024,7898,1,1_1_1_1_1_1_5,4.3.1.1.P1,82,
770096,ERL041834,2,1_1_2_1_1_1_5,2.0.1,82,
702963,UI4692,2,1_1_2_1_1_1_5,2.2,82,
709112,7898,1,1_1_1_1_1_1_5,4.3.1,82,
808814,7898,1,1_1_1_1_1_1_5,4.3.1,82,
806323,7898,1,1_1_1_1_1_1_5,4.3.1.1,82,IncFIB(pHCM2)
804507,ST1921-06,2209,1_1_2_1_484_1_5,2.3.3,82,
808194,7898,1,1_1_1_1_1_1_5,4.3.1.2.EA3,82,
673627,7898,1,1_1_1_1_1_1_5,4.3.1.2,82,
716008,7898,1,1_1_1_1_1_1_5,4.3.1,82,
797590,7898,1,1_1_1_1_1_1_5,4.3.1.1,82,
854878,ERL041834,2,1_1_2_1_1_1_5,3.3,82,
780461,7898,1,1_1_1_1_1_1_5,4.3.1.1,82,
669762,UI4692,2,1_1_2_1_1_1_5,2.2,82,
821033,7898,1,1_1_1_1_1_1_5,4.3.1,82,
621770,7898,1,1_1_1_1_1_1_5,4.3.1.1,82,IncFIB(pHCM2)
787256,7898,1,1_1_1_1_1_1_5,4.3.1.1.P1,82,
745854,7898,1,1_1_1_1_1_1_5,4.3.1.2,82,
697418,7898,1,1_1_1_1_1_1_5,4.3.1.2,82,
680528,7898,1,1_1_1_1_1_1_5,4.3.1,82,
697708,7898,1,1_1_1_1_1_1_5,4.3.1.1,82,
740076,7898,1,1_1_1_1_1_1_5,4.3.1.1,82,
656788,7898,1,1_1_1_1_1_1_5,4.3.1.1,82,IncFIB(pHCM2)
815565,7898,1,1_1_1_1_1_1_5,4.3.1.1,82,
546628,ERL041834,2,1_1_2_1_1_1_5,3.3,82,
838474,7898,1,1_1_1_1_1_1_5,4.3.1.1.P1,82,
815556,ERL041834,2,1_1_2_1_1_1_5,2.0.1,82,
730695,UI4692,2,1_1_2_1_1_1_5,2.2.2,82,IncFIB(pHCM2)
804500,7898,1,1_1_1_1_1_1_5,4.3.1,82,
831215,7898,1,1_1_1_1_1_1_5,4.3.1.2,82,
821162,UI4692,2,1_1_2_1_1_1_5,2.2.2,82,IncFIB(pHCM2)
685883,E98-0664_66,2,1_1_2_1_1_1_5,2.5,82,
541390,404Ty,2,1_1_2_1_1_1_5,3.1,82,
749381,7898,1,1_1_1_1_1_1_5,4.3.1.1,82,
794653,7898,1,1_1_1_1_1_1_5,4.3.1.2,82,
678552,Ty2,1,1_1_1_1_1_1_5,4.1,82,
759413,ERL041834,2,1_1_2_1_1_1_5,3.3,82,
786653,7898,1,1_1_1_1_1_1_5,4.3.1.2,82,
808189,ST1921-06,2,1_1_2_1_1_1_5,2.3.1,82,
820087,7898,1,1_1_1_1_1_1_5,4.3.1.1,82,
657282,UI4692,2173,1_1_2_1_1_476_5,2.2.1,82,
768784,UI4692,2,1_1_2_1_1_1_5,2.2,82,
833283,7898,1,1_1_1_1_1_1_5,4.3.1.2,82,
697898,7898,1,1_1_1_1_1_1_5,4.3.1.1,82,
821164,7898,1,1_1_1_1_1_1_5,4.3.1.1,82,
808819,7898,1,1_1_1_1_1_1_5,4.3.1.1,82,IncFIB(pHCM2)
751533,UI4692,2,1_1_2_1_1_1_5,2.2,82,
749390,7898,1,1_1_1_1_1_1_5,4.3.1,82,IncFII(pCRY)
673629,7898,1,1_1_1_1_1_1_5,4.3.1.1,82,
853969,ERL041834,2,1_1_2_1_1_1_5,3.3,82,
603273,UI4692,2,1_1_2_1_1_1_5,2.2,82,
806326,7898,1,1_1_1_1_1_1_5,4.3.1.1,82,IncFIB(pHCM2)
811045,7898,1,1_1_1_1_1_1_5,4.3.1.2,82,
821165,ST1921-06,2209,1_1_2_1_484_1_5,2.3.3,82,
692560,7898,1,1_1_1_1_1_1_5,4.3.1,82,
818986,ST1921-06,2,1_1_2_1_1_1_5,2.3.1,82,
863398,7898,1,1_1_1_1_1_1_5,4.3.1.2,82,IncFIB(pHCM2)
659387,ERL041834,2,1_1_2_1_1_1_5,2.0.1,82,
781842,7898,1,1_1_1_1_1_1_5,4.3.1.1.P1,82,
798440,7898,1,1_1_1_1_1_1_5,4.3.1.1,82,
835830,7898,1,1_1_1_1_1_1_5,4.3.1.1,82,IncFIB(pHCM2)
723824,7898,1,1_1_1_1_1_1_5,4.3.1.1.P1,82,
773733,ERL041834,2,1_1_2_1_1_1_5,3.3,82,
785006,7898,1,1_1_1_1_1_1_5,4.3.1.2,82,
821070,7898,1,1_1_1_1_1_1_5,4.3.1.1,82,IncFIB(pHCM2)
915407,7898,1,1_1_1_1_1_1_5,4.3.1.1.P1,84,Col440II; IncFIB(S)--IncFII(S); IncFII(p96A); IncY
818985,7898,1,1_1_1_1_1_1_5,4.3.1.1,82,IncFIB(pHCM2)
859967,7898,1,1_1_1_1_1_1_5,4.3.1.2,82,
834318,7898,1,1_1_1_1_1_1_5,4.3.1,82,
728746,UI4692,2,1_1_2_1_1_1_5,2.2.2,82,
751277,7898,1,1_1_1_1_1_1_5,4.3.1,82,IncFII(pCRY)
815592,7898,1,1_1_1_1_1_1_5,4.3.1,82,
790462,7898,1,1_1_1_1_1_1_5,4.3.1.1,82,IncFIB(pHCM2)
794715,7898,1,1_1_1_1_1_1_5,4.3.1.1,82,
553786,7898,1,1_1_1_1_1_1_5,4.3.1.1,82,IncFIB(pHCM2)
818192,ERL041834,2,1_1_2_1_1_1_5,3.3.2.Bd2,82,IncFIB(pHCM2)
674359,E98-0664_66,2,1_1_2_1_1_1_5,2.5,82,IncFIB(pHCM2)
712247,E98-0664_66,2,1_1_2_1_1_1_5,2.5,82,IncFIB(pHCM2)
735588,ERL041834,2,1_1_2_1_1_1_5,3.3,82,IncFIB(pHCM2)
804503,7898,1,1_1_1_1_1_1_5,4.3.1.1.P1,82,
671938,7898,1,1_1_1_1_1_1_5,4.3.1.2,82,
859986,404Ty,2,1_1_2_1_1_1_5,3.1.1,82,IncY
723825,ERL041834,2,1_1_2_1_1_1_5,3.0.1,82,
790463,7898,1,1_1_1_1_1_1_5,4.3.1,82,
860039,ERL041834,2,1_1_2_1_1_1_5,3.3,82,
745852,7898,1,1_1_1_1_1_1_5,4.3.1.2,82,
804499,7898,1,1_1_1_1_1_1_5,4.3.1.1,82,
812345,7898,1,1_1_1_1_1_1_5,4.3.1.1,82,
543905,7898,1,1_1_1_1_1_1_5,4.3.1,82,
668824,7898,1,1_1_1_1_1_1_5,4.3.1.1,82,IncFIB(pHCM2)
839250,E98-0664_66,2,1_1_2_1_1_1_5,2.5,82,
527527,ERL041834,2,1_1_2_1_1_1_5,3.0.1,82,
721699,7898,1,1_1_1_1_1_1_5,4.3.1,82,
708227,7898,1,1_1_1_1_1_1_5,4.3.1.1,82,IncFIB(pHCM2)
720119,7898,1,1_1_1_1_1_1_5,4.3.1,82,
800599,7898,1,1_1_1_1_1_1_5,4.3.1,82,
680530,7898,1,1_1_1_1_1_1_5,4.3.1.2,82,
516873,7898,1,1_1_1_1_1_1_5,4.3.1.2,82,
731827,7898,1,1_1_1_1_1_1_5,4.3.1.2,82,
832732,7898,1,1_1_1_1_1_1_5,4.3.1.1,82,
539023,ERL041834,2,1_1_2_1_1_1_5,3.3,82,
670218,7898,1,1_1_1_1_1_1_5,4.3.1.1,82,IncFIB(pHCM2)
746796,7898,1,1_1_1_1_1_1_5,4.3.1,82,IncFII(pCRY)
707192,7898,1,1_1_1_1_1_1_5,4.3.1,82,
568312,ERL041834,2,1_1_2_1_1_1_5,2,81,
674360,E98-0664_66,2,1_1_2_1_1_1_5,2.5,82,IncFIB(pHCM2)
811046,7898,1,1_1_1_1_1_1_5,4.3.1.1,82,
769806,7898,1,1_1_1_1_1_1_5,4.3.1,82,
851912,7898,1,1_1_1_1_1_1_5,4.3.1.1,82,IncFIB(pHCM2)
806073,7898,1,1_1_1_1_1_1_5,4.3.1.1,82,IncFIB(pHCM2)
814350,7898,1,1_1_1_1_1_1_5,4.3.1.1,82,IncFIB(pHCM2)
681344,7898,1,1_1_1_1_1_1_5,4.3.1.1,82,IncFIB(pHCM2)
814338,7898,1,1_1_1_1_1_1_5,4.3.1,82,IncHI1A--IncHI1B(R27)
703181,7898,1,1_1_1_1_1_1_5,4.3.1.1,82,
728752,7898,1,1_1_1_1_1_1_5,4.3.1.1.P1,82,IncY
780222,404Ty,2,1_1_2_1_1_1_5,3.1.1,82,IncFIA(HI1); IncHI1A--IncHI1B(R27)
641006,7898,1,1_1_1_1_1_1_5,4.3.1.2,82,
802698,7898,1,1_1_1_1_1_1_5,4.3.1.1,82,IncFIB(pHCM2)
721594,7898,1,1_1_1_1_1_1_5,4.3.1.2,82,IncFIB(pHCM2)
620447,7898,1,1_1_1_1_1_1_5,4.3.1.1,82,IncFIB(pHCM2)
542051,7898,1,1_1_1_1_1_1_5,4.3.1.2,82,
720118,7898,1,1_1_1_1_1_1_5,4.3.1,82,
839933,E98-0664_66,2,1_1_2_1_1_1_5,2.5,82,IncFIB(pHCM2)
841461,7898,1,1_1_1_1_1_1_5,4.3.1.1,82,
758749,UI4692,2,1_1_2_1_1_1_5,2.2,82,
810027,7898,1,1_1_1_1_1_1_5,4.3.1,82,
824491,7898,1,1_1_1_1_1_1_5,4.3.1,82,
526160,7898,1,1_1_1_1_1_1_5,4.3.1.2,82,
802813,7898,1,1_1_1_1_1_1_5,4.3.1.1.P1,82,
828277,7898,1,1_1_1_1_1_1_5,4.3.1,82,
503452,7898,1,1_1_1_1_1_1_5,4.3.1.2,82,IncX3
573176,7898,1,1_1_1_1_1_1_5,4.3.1.2,82,
802759,7898,1,1_1_1_1_1_1_5,4.3.1.2,82,
814336,7898,1,1_1_1_1_1_1_5,4.3.1.1,82,
826388,7898,1,1_1_1_1_1_1_5,4.3.1.2,82,
686767,7898,1,1_1_1_1_1_1_5,4.3.1.2,82,
751528,7898,1,1_1_1_1_1_1_5,4.3.1.2,82,
707187,7898,1,1_1_1_1_1_1_5,4.3.1.1,82,
811048,7898,1,1_1_1_1_1_1_5,4.3.1.1.P1,82,
804498,7898,1,1_1_1_1_1_1_5,4.3.1.1,82,
815590,UI4692,2,1_1_2_1_1_1_5,2.2,82,
680526,ERL041834,2,1_1_2_1_1_1_5,3.3.1,82,
683162,ST1921-06,2,1_1_2_1_1_1_5,2.3.2,82,
752170,7898,1,1_1_1_1_1_1_5,4.3.1,82,IncFII(pCRY)
735122,7898,1,1_1_1_1_1_1_5,4.3.1.2,82,
709076,ERL041834,2,1_1_2_1_1_1_5,2,82,
841381,7898,1,1_1_1_1_1_1_5,4.3.1,82,
699766,7898,1,1_1_1_1_1_1_5,4.3.1.1,82,IncFIB(pHCM2)
780210,ERL041834,2,1_1_2_1_1_1_5,3.3.2,82,
839263,7898,1,1_1_1_1_1_1_5,4.3.1.1.P1,82,
788281,7898,1,1_1_1_1_1_1_5,4.3.1.1,82,IncFIB(pHCM2)
660433,ERL041834,2,1_1_2_1_1_1_5,3.3,82,IncFIB(pHCM2)
832733,UI4692,2,1_1_2_1_1_1_5,2.2,82,
745853,7898,1,1_1_1_1_1_1_5,4.3.1.1,82,IncFIB(pHCM2)
823471,7898,1,1_1_1_1_1_1_5,4.3.1.2,82,
773645,ST1921-06,2,1_1_2_1_1_1_5,2.3.2,82,
675733,ERL041834,2,1_1_2_1_1_1_5,3.3,82,
751281,7898,1,1_1_1_1_1_1_5,4.3.1,82,
538442,7898,1,1_1_1_1_1_1_5,4.3.1.2,82,
749384,Ty2,1,1_1_1_1_1_1_5,4.1,82,
568393,7898,1,1_1_1_1_1_1_5,4.3.1.2,82,
740077,7898,1,1_1_1_1_1_1_5,4.3.1.1,82,IncFIB(pHCM2)
511657,7898,1,1_1_1_1_1_1_5,4.3.1.2,82,
510184,7898,1,1_1_1_1_1_1_5,4.3.1.1,82,IncFIB(pHCM2); IncFII(pSE11)
735872,7898,1,1_1_1_1_1_1_5,4.3.1.1,82,IncFIB(pHCM2)
747854,7898,1,1_1_1_1_1_1_5,4.3.1.1.P1,82,IncY
823529,7898,1,1_1_1_1_1_1_5,4.3.1.1,82,IncFIB(pHCM2)
818979,7898,1,1_1_1_1_1_1_5,4.3.1.1,82,IncFIB(pHCM2)
808872,7898,1,1_1_1_1_1_1_5,4.3.1.2,82,
621381,7898,1,1_1_1_1_1_1_5,4.3.1.2,82,
323080,H12ESR00755-001A,5883,1_1_1_1202_1_1_5,3,82,IncFIB(pHCM2)
841382,E98-0664_66,2,1_1_2_1_1_1_5,2.5,82,IncFIB(pHCM2)
728773,7898,1,1_1_1_1_1_1_5,4.3.1.1,82,
850031,7898,1,1_1_1_1_1_1_5,4.3.1.2,82,IncFIB(pHCM2)
720116,7898,1,1_1_1_1_1_1_5,4.3.1.1.EA1,82,
712528,7898,1,1_1_1_1_1_1_5,4.3.1,82,
730777,7898,1,1_1_1_1_1_1_5,4.3.1.1,82,
674361,7898,1,1_1_1_1_1_1_5,4.3.1.2,82,
720113,7898,1,1_1_1_1_1_1_5,4.3.1.1,82,
520489,ERL041834,2,1_1_2_1_1_1_5,3.3,82,
785009,E98-0664_66,2,1_1_2_1_1_1_5,2.5,82,IncFIB(pHCM2)
861122,ST1921-06,2,1_1_2_1_1_1_5,2.3.2,82,
814923,ST1921-06,2209,1_1_2_1_484_1_5,2.3.3,82,
827034,ERL024120,2,1_1_2_1_1_1_5,2,82,
688984,7898,1,1_1_1_1_1_1_5,4.3.1.2,82,
613095,7898,1,1_1_1_1_1_1_5,4.3.1.2,82,IncFIB(pHCM2)
735874,7898,1,1_1_1_1_1_1_5,4.3.1.1,82,
735089,7898,1,1_1_1_1_1_1_5,4.3.1.2,82,IncFIB(pHCM2)
18NP_318,7898,1,1_1_1_1_1_1_5,4.3.1.2,82,
2019,7898,1,1_1_1_1_1_1_5,4.3.1,82,
1997,7898,1,1_1_1_1_1_1_5,4.3.1,82,
2004,7898,1,1_1_1_1_1_1_5,4.3.1,82,
UJ19A,ERL024120,2,1_1_2_1_1_1_5,2.1.7.1,82,
ST 1718G,ERL024120,2,1_1_2_1_1_1_5,2.1.7.1,82,
ST 7833G,ERL024120,2,1_1_2_1_1_1_5,2.1.7.1,82,
UJ 6G,ERL024120,2,1_1_2_1_1_1_5,2.1.7.1,82,
TS 850A,ERL024120,2,1_1_2_1_1_1_5,2.1.7.1,82,
ST 17056A,ERL024120,2,1_1_2_1_1_1_5,2.1.7.1,82,
ST 18820A,ERL024120,2,1_1_2_1_1_1_5,2.1.7.2,82,
ST 18652A,ERL024120,2,1_1_2_1_1_1_5,2.1.7.2,82,
UJ 212G,ERL024120,2,1_1_2_1_1_1_5,2.1.7.1,82,
UJ 212A,ERL024120,2,1_1_2_1_1_1_5,2.1.7.1,82,
ST 17056G,ERL024120,2,1_1_2_1_1_1_5,2.1.7.1,82,
TS 185A,ERL024120,2,1_1_2_1_1_1_5,2.1.7.2,82,
UJ 6A,ERL024120,2,1_1_2_1_1_1_5,2.1.7.1,82,
ST 13008G,ERL024120,2,1_1_2_1_1_1_5,2.1.7.1,82,
YB 352,ERL024120,2,1_1_2_1_1_1_5,2.1.7.1,82,
TS 797A,ERL024120,2,1_1_2_1_1_1_5,2.1.7.2,82,
TS 285A,ERL024120,2,1_1_2_1_1_1_5,2.1.7.1,82,
ST 64G,ERL024120,2,1_1_2_1_1_1_5,2.1.7.1,82,
TS 28A,ERL024120,2,1_1_2_1_1_1_5,2.1.7.2,82,
ST 17566A,ERL024120,2,1_1_2_1_1_1_5,2.1.7.1,82,
ST 10097A,ERL024120,2,1_1_2_1_1_1_5,2.1.7.1,82,
ST 10373G,ERL024120,2,1_1_2_1_1_1_5,2.1.7.1,82,
UJ 409A,ERL024120,2,1_1_2_1_1_1_5,2.1.7.2,82,
ST 19024A,ERL024120,2,1_1_2_1_1_1_5,2.1.7.1,82,
UJ 208A,ERL024120,2,1_1_2_1_1_1_5,2.1.7.1,82,Col440I
UJ 185G,ERL024120,2,1_1_2_1_1_1_5,2.1.7.1,82,
ST 15034G,ERL024120,2,1_1_2_1_1_1_5,2.1.7.1,82,
ST 16451G,ERL024120,2,1_1_2_1_1_1_5,2.1.7.1,82,
ST 2288A,ERL024120,2,1_1_2_1_1_1_5,2.1.7.1,82,
ST 3933G,ERL024120,2,1_1_2_1_1_1_5,2.1.7.1,82,
YB 559,ERL024120,2,1_1_2_1_1_1_5,2.1.7.1,82,
UJ 185A,ERL024120,2,1_1_2_1_1_1_5,2.1.7.1,82,
TS 876A,ERL024120,2,1_1_2_1_1_1_5,2.1.7.1,82,
UJ 5G,ERL024120,2,1_1_2_1_1_1_5,2.1.7.1,82,
UJ 164A,ERL024120,2,1_1_2_1_1_1_5,2.1.7.2,82,
ST 19027G,ERL024120,2,1_1_2_1_1_1_5,2.1.7.2,82,
ST 16015G,ERL024120,2,1_1_2_1_1_1_5,2.1.7.1,82,
YB 611,ERL024120,2,1_1_2_1_1_1_5,2.1.7.1,82,
ST 11789A,ERL024120,2,1_1_2_1_1_1_5,2.1.7.1,82,
ST 76A,ERL024120,2,1_1_2_1_1_1_5,2.1.7.1,82,
YB 366,ERL024120,2,1_1_2_1_1_1_5,2.1.7.1,82,
BKQMKT,7898,1,1_1_1_1_1_1_5,4.3.1.1.EA1,82,p0111
BHADIG,7898,1,1_1_1_1_1_1_5,4.3.1.1.EA1,82,
BHAEQ8,7898,1,1_1_1_1_1_1_5,4.3.1.1.EA1,82,
BKQPWL,7898,1,1_1_1_1_1_1_5,4.3.1.1.EA1,82,
BKQK3B,7898,1,1_1_1_1_1_1_5,4.3.1.1.EA1,82,
BKQLG3,7898,1,1_1_1_1_1_1_5,4.3.1.1.EA1,82,
BKQI43,7898,1,1_1_1_1_1_1_5,4.3.1.1.EA1,82,
BKQPRE,7898,1,1_1_1_1_1_1_5,4.3.1.1.EA1,82,
BKQKH4,7898,1,1_1_1_1_1_1_5,4.3.1.1.EA1,82,
BKQJBG,7898,1,1_1_1_1_1_1_5,4.3.1.1.EA1,82,
BKQTEC,7898,1,1_1_1_1_1_1_5,4.3.1.1.EA1,82,
BKQLXU,7898,1,1_1_1_1_1_1_5,4.3.1.1.EA1,82,
BKQM3W,7898,1,1_1_1_1_1_1_5,4.3.1.1.EA1,82,
BKQLU0,7898,1,1_1_1_1_1_1_5,4.3.1.1.EA1,82,
BKQVCF,7898,1,1_1_1_1_1_1_5,4.3.1.1.EA1,82,
BUV1CB,7898,1,1_1_1_1_1_1_5,4.3.1.1.EA1,82,
BKQTB3,7898,1,1_1_1_1_1_1_5,4.3.1.1.EA1,82,
BKQJ29,7898,1,1_1_1_1_1_1_5,4.3.1.1.EA1,82,
BHAEPR,7898,1,1_1_1_1_1_1_5,4.3.1.1.EA1,82,
BKQRVB,7898,1,1_1_1_1_1_1_5,4.3.1.1.EA1,82,
BHAEG1,7898,1,1_1_1_1_1_1_5,4.3.1.1.EA1,82,
BKQTHU,7898,1,1_1_1_1_1_1_5,4.3.1.1.EA1,82,
BKQTBX,7898,1,1_1_1_1_1_1_5,4.3.1.1.EA1,82,
BHADQ1,7898,1,1_1_1_1_1_1_5,4.3.1.1.EA1,82,
BKQJA2,7898,1,1_1_1_1_1_1_5,4.3.1.1.EA1,82,
BKQL3T,7898,1,1_1_1_1_1_1_5,4.3.1.1.EA1,82,
BHAF8A,7898,1,1_1_1_1_1_1_5,4.3.1.1.EA1,82,
BVJ14U,7898,1,1_1_1_1_1_1_5,4.3.1.1.EA1,82,
BKQKC9,7898,1,1_1_1_1_1_1_5,4.3.1.1.EA1,82,
BKQJ4I,7898,1,1_1_1_1_1_1_5,4.3.1.1.EA1,82,
BKQJH5,7898,1,1_1_1_1_1_1_5,4.3.1.1.EA1,82,
BHAFRN,7898,1,1_1_1_1_1_1_5,4.3.1.1.EA1,82,
BKQPIJ,7898,1,1_1_1_1_1_1_5,4.3.1.1.EA1,82,
BHAESY,7898,1,1_1_1_1_1_1_5,4.3.1.1.EA1,82,
BHAFFS,7898,1,1_1_1_1_1_1_5,4.3.1.1.EA1,82,
BHAEHJ,7898,1,1_1_1_1_1_1_5,4.3.1.1.EA1,82,
BKQR2I,7898,1,1_1_1_1_1_1_5,4.3.1.1.EA1,82,
BKQQQF,7898,1,1_1_1_1_1_1_5,4.3.1.1.EA1,82,
BKQLVR,7898,1,1_1_1_1_1_1_5,4.3.1.1.EA1,82,
BKQLJQ,7898,1,1_1_1_1_1_1_5,4.3.1.1.EA1,82,
BKQJJQ,7898,1,1_1_1_1_1_1_5,4.3.1.1.EA1,82,
BKQNEP,7898,1,1_1_1_1_1_1_5,4.3.1.1.EA1,82,
BHAE20,7898,1,1_1_1_1_1_1_5,4.3.1.1.EA1,82,
BKQKM3,7898,1,1_1_1_1_1_1_5,4.3.1.1.EA1,82,
BKQMJR,7898,1,1_1_1_1_1_1_5,4.3.1.1.EA1,82,
BKQTM6,7898,1,1_1_1_1_1_1_5,4.3.1.1.EA1,82,
BKQMG9,7898,1,1_1_1_1_1_1_5,4.3.1.1.EA1,82,
BKQQ8X,7898,1,1_1_1_1_1_1_5,4.3.1.1.EA1,82,
BKQRRP,7898,1,1_1_1_1_1_1_5,4.3.1.1.EA1,82,
BHAGRF,7898,1,1_1_1_1_1_1_5,4.3.1.1.EA1,82,
BHAEKG,7898,1,1_1_1_1_1_1_5,4.3.1.1.EA1,82,
BHAF2E,7898,1,1_1_1_1_1_1_5,4.3.1.1.EA1,82,
BHAFEY,7898,1,1_1_1_1_1_1_5,4.3.1.1.EA1,82,
BKQNFB,7898,1,1_1_1_1_1_1_5,4.3.1.1.EA1,82,
BKQQ4E,7898,1,1_1_1_1_1_1_5,4.3.1.1.EA1,82,
BHAGGZ,7898,1,1_1_1_1_1_1_5,4.3.1.1.EA1,82,
BKQJH9,7898,1,1_1_1_1_1_1_5,4.3.1.1.EA1,82,
BKQK8E,7898,1,1_1_1_1_1_1_5,4.3.1.1.EA1,82,
BKQK38,7898,1,1_1_1_1_1_1_5,4.3.1.1.EA1,82,
BKQKBS,7898,1,1_1_1_1_1_1_5,4.3.1.1.EA1,82,
BHAF6A,7898,1,1_1_1_1_1_1_5,4.3.1.1.EA1,82,
BKQQ8F,7898,1,1_1_1_1_1_1_5,4.3.1.1.EA1,82,
BHADDR,7898,1,1_1_1_1_1_1_5,4.3.1.1.EA1,82,
BKQT77,7898,1,1_1_1_1_1_1_5,4.3.1.1.EA1,82,
BKQPU8,7898,1,1_1_1_1_1_1_5,4.3.1.1.EA1,82,
BKQKSK,7898,1,1_1_1_1_1_1_5,4.3.1.1.EA1,82,
BKQMME,7898,1,1_1_1_1_1_1_5,4.3.1.1.EA1,82,
BKQS0J,7898,1,1_1_1_1_1_1_5,4.3.1.1.EA1,82,
BKQRK2,7898,1,1_1_1_1_1_1_5,4.3.1.1.EA1,82,
BHACBB,7898,1,1_1_1_1_1_1_5,4.3.1.1.EA1,82,
BKQTZV,7898,1,1_1_1_1_1_1_5,4.3.1.1.EA1,82,IncFIA(HI1); IncHI1A--IncHI1B(R27)
BKQN6F,7898,1,1_1_1_1_1_1_5,4.3.1.1.EA1,82,
BHAEET,7898,1,1_1_1_1_1_1_5,4.3.1.1.EA1,82,
BKQKZ7,7898,1,1_1_1_1_1_1_5,4.3.1.1.EA1,82,
BHAF30,7898,1,1_1_1_1_1_1_5,4.3.1.1.EA1,82,
BHACGW,7898,1,1_1_1_1_1_1_5,4.3.1.1.EA1,82,
BHADHE,7898,1,1_1_1_1_1_1_5,4.3.1.1.EA1,82,
BHACQ6,7898,1,1_1_1_1_1_1_5,4.3.1.1.EA1,82,
BKQMQU,7898,1,1_1_1_1_1_1_5,4.3.1.1.EA1,82,
BKQQ1Y,7898,1,1_1_1_1_1_1_5,4.3.1.1.EA1,82,
BKQPCB,7898,1,1_1_1_1_1_1_5,4.3.1.1.EA1,82,
BKQKKD,7898,1,1_1_1_1_1_1_5,4.3.1.1.EA1,82,
BKQU3X,7898,1,1_1_1_1_1_1_5,4.3.1.1.EA1,82,IncFIA(HI1)--IncHI1A--IncHI1B(R27)
BKQNDX,7898,1,1_1_1_1_1_1_5,4.3.1.1.EA1,82,
BKQRTR,7898,1,1_1_1_1_1_1_5,4.3.1.1.EA1,82,
BHAGHP,7898,1,1_1_1_1_1_1_5,4.3.1.1.EA1,82,
BKQL04,7898,1,1_1_1_1_1_1_5,4.3.1.1.EA1,82,
BKQNBY,7898,1,1_1_1_1_1_1_5,4.3.1.1.EA1,82,
BKQRKE,7898,1,1_1_1_1_1_1_5,4.3.1.1.EA1,82,
BHADBD,7898,1,1_1_1_1_1_1_5,4.3.1.1.EA1,82,
BHAC8H,7898,1,1_1_1_1_1_1_5,4.3.1.1.EA1,82,
BHAC8C,7898,1,1_1_1_1_1_1_5,4.3.1.1.EA1,82,
BKQU0B,7898,1,1_1_1_1_1_1_5,4.3.1.1.EA1,82,
BKQLG6,7898,1,1_1_1_1_1_1_5,4.3.1.1.EA1,82,
BKQIZ3,7898,1,1_1_1_1_1_1_5,4.3.1.1.EA1,82,
BKQQPG,7898,1,1_1_1_1_1_1_5,4.3.1.1.EA1,82,
BKQR7C,7898,1,1_1_1_1_1_1_5,4.3.1.1.EA1,82,
BKQK9W,7898,1,1_1_1_1_1_1_5,4.3.1.1.EA1,82,
BKQKM1,7898,1,1_1_1_1_1_1_5,4.3.1.1.EA1,82,
BHAEB1,7898,1,1_1_1_1_1_1_5,4.3.1.1.EA1,82,
BKQU19,7898,1,1_1_1_1_1_1_5,4.3.1.1.EA1,82,
BKQMKY,7898,1,1_1_1_1_1_1_5,4.3.1.1.EA1,82,
BKQQYB,7898,1,1_1_1_1_1_1_5,4.3.1.1.EA1,82,
BKQJAY,7898,1,1_1_1_1_1_1_5,4.3.1.1.EA1,82,
BKQIQ7,7898,1,1_1_1_1_1_1_5,4.3.1.1.EA1,82,
BHAD8D,7898,1,1_1_1_1_1_1_5,4.3.1.1.EA1,82,
BKQLK9,7898,1,1_1_1_1_1_1_5,4.3.1.1.EA1,82,
BKQNTP,7898,1,1_1_1_1_1_1_5,4.3.1.1.EA1,82,
BKQJQ9,7898,1,1_1_1_1_1_1_5,4.3.1.1.EA1,82,
BKQTCC,7898,1,1_1_1_1_1_1_5,4.3.1.1.EA1,82,
BHAEMP,7898,1,1_1_1_1_1_1_5,4.3.1.1.EA1,82,
BKQHLW,7898,1,1_1_1_1_1_1_5,4.3.1.1.EA1,82,
BKQKW8,7898,1,1_1_1_1_1_1_5,4.3.1.1.EA1,82,
BHAEIJ,7898,1,1_1_1_1_1_1_5,4.3.1.1.EA1,82,
BHAEDM,7898,1,1_1_1_1_1_1_5,4.3.1.1.EA1,82,
BHADFC,7898,1,1_1_1_1_1_1_5,4.3.1.1.EA1,82,
BKQN7E,7898,1,1_1_1_1_1_1_5,4.3.1.1.EA1,82,
BHAEF6,7898,1,1_1_1_1_1_1_5,4.3.1.1.EA1,82,
BKQM0F,7898,1,1_1_1_1_1_1_5,4.3.1.1.EA1,82,
BHAEPI,7898,1,1_1_1_1_1_1_5,4.3.1.1.EA1,82,
BKQLPR,7898,1,1_1_1_1_1_1_5,4.3.1.1.EA1,82,
BHACYS,7898,1,1_1_1_1_1_1_5,4.3.1.1.EA1,82,
BKQMCE,7898,1,1_1_1_1_1_1_5,4.3.1.1.EA1,82,
BHAELB,7898,1,1_1_1_1_1_1_5,4.3.1.1.EA1,82,
BKQIPF,7898,1,1_1_1_1_1_1_5,4.3.1.1.EA1,82,
BHAD7S,7898,1,1_1_1_1_1_1_5,4.3.1.1.EA1,82,
BKQN9J,7898,1,1_1_1_1_1_1_5,4.3.1.1.EA1,82,
BHACIH,7898,1,1_1_1_1_1_1_5,4.3.1.1.EA1,82,
BKQKJC,7898,1,1_1_1_1_1_1_5,4.3.1.1.EA1,82,
BKQK2L,7898,1,1_1_1_1_1_1_5,4.3.1.1.EA1,82,
BKQJZT,7898,1,1_1_1_1_1_1_5,4.3.1.1.EA1,82,
BKQPX1,7898,1,1_1_1_1_1_1_5,4.3.1.1.EA1,82,
BHAEUN,7898,1,1_1_1_1_1_1_5,4.3.1.1.EA1,82,
BHAF3M,7898,1,1_1_1_1_1_1_5,4.3.1.1.EA1,82,
BKQJD6,7898,1,1_1_1_1_1_1_5,4.3.1.1.EA1,82,
BHADPK,7898,1,1_1_1_1_1_1_5,4.3.1.1.EA1,82,
BKQIGU,7898,1,1_1_1_1_1_1_5,4.3.1.1.EA1,82,
BHADX1,7898,1,1_1_1_1_1_1_5,4.3.1.1.EA1,82,
BKQNI9,7898,1,1_1_1_1_1_1_5,4.3.1.1.EA1,82,
BHAEMQ,7898,1,1_1_1_1_1_1_5,4.3.1.1.EA1,82,
BHACK9,7898,1,1_1_1_1_1_1_5,4.3.1.1.EA1,82,
BKQIEN,7898,1,1_1_1_1_1_1_5,4.3.1.1.EA1,82,
BKQJM0,7898,1,1_1_1_1_1_1_5,4.3.1.1.EA1,82,
BHAEWA,7898,1,1_1_1_1_1_1_5,4.3.1.1.EA1,82,
BKQQX4,7898,1,1_1_1_1_1_1_5,4.3.1.1.EA1,82,
BKQLFF,7898,1,1_1_1_1_1_1_5,4.3.1.1.EA1,82,
BKQPF0,7898,1,1_1_1_1_1_1_5,4.3.1.1.EA1,82,
BKQLYV,7898,1,1_1_1_1_1_1_5,4.3.1.1.EA1,82,
BKQNAJ,7898,1,1_1_1_1_1_1_5,4.3.1.1.EA1,82,
BKQQ6A,7898,1,1_1_1_1_1_1_5,4.3.1.1.EA1,82,
BHACVD,7898,1,1_1_1_1_1_1_5,4.3.1.1.EA1,82,
BKQJRA,7898,1,1_1_1_1_1_1_5,4.3.1.1.EA1,82,
BKQR8G,7898,1,1_1_1_1_1_1_5,4.3.1.1.EA1,82,
BKQP3Q,7898,1,1_1_1_1_1_1_5,4.3.1.1.EA1,82,
BHACY5,7898,1,1_1_1_1_1_1_5,4.3.1.1.EA1,82,
BKQI7Q,7898,1,1_1_1_1_1_1_5,4.3.1.1.EA1,82,
BKQLEY,7898,1,1_1_1_1_1_1_5,4.3.1.1.EA1,82,
BKQKZI,7898,1,1_1_1_1_1_1_5,4.3.1.1.EA1,82,
BKQKMH,7898,1,1_1_1_1_1_1_5,4.3.1.1.EA1,82,
BKQPF2,7898,1,1_1_1_1_1_1_5,4.3.1.1.EA1,82,
BKQP41,7898,1,1_1_1_1_1_1_5,4.3.1.1.EA1,82,
BKQKM0,7898,1,1_1_1_1_1_1_5,4.3.1.1.EA1,82,
BKQK4E,7898,1,1_1_1_1_1_1_5,4.3.1.1.EA1,82,
BKQS45,7898,1,1_1_1_1_1_1_5,4.3.1.1.EA1,82,
BHAFAR,7898,1,1_1_1_1_1_1_5,4.3.1.1.EA1,82,
BKQTCY,7898,1,1_1_1_1_1_1_5,4.3.1.1.EA1,82,
BHAERK,7898,1,1_1_1_1_1_1_5,4.3.1.1.EA1,82,
BKQIFG,7898,1,1_1_1_1_1_1_5,4.3.1.1.EA1,82,
BHAFEI,7898,1,1_1_1_1_1_1_5,4.3.1.1.EA1,82,
BKQRHE,7898,1,1_1_1_1_1_1_5,4.3.1.1.EA1,82,
BKQIZ7,7898,1,1_1_1_1_1_1_5,4.3.1.1.EA1,82,
BKQJE5,7898,1,1_1_1_1_1_1_5,4.3.1.1.EA1,82,
BKQMFV,7898,1,1_1_1_1_1_1_5,4.3.1.1.EA1,82,
BKQR6U,7898,1,1_1_1_1_1_1_5,4.3.1.1.EA1,82,
BHAF7U,7898,1,1_1_1_1_1_1_5,4.3.1.1.EA1,82,
BKQVCA,7898,1,1_1_1_1_1_1_5,4.3.1.1.EA1,82,
BKQKAV,7898,1,1_1_1_1_1_1_5,4.3.1.1.EA1,82,
BHAC6H,7898,1,1_1_1_1_1_1_5,4.3.1.1.EA1,82,
BKQQR5,7898,1,1_1_1_1_1_1_5,4.3.1.1.EA1,82,
BKQQR3,7898,1,1_1_1_1_1_1_5,4.3.1.1.EA1,82,
BKQT8S,7898,1,1_1_1_1_1_1_5,4.3.1.1.EA1,82,IncFIA(HI1)--IncHI1A--IncHI1B(R27)
BKQKSA,7898,1,1_1_1_1_1_1_5,4.3.1.1.EA1,82,
BKQKY5,7898,1,1_1_1_1_1_1_5,4.3.1.1.EA1,82,
BKQTE9,7898,1,1_1_1_1_1_1_5,4.3.1.1.EA1,82,
BKQRTY,7898,1,1_1_1_1_1_1_5,4.3.1.1.EA1,82,
BKQKRS,7898,1,1_1_1_1_1_1_5,4.3.1.1.EA1,82,
BKQL5N,7898,1,1_1_1_1_1_1_5,4.3.1.1.EA1,82,
BKQU02,7898,1,1_1_1_1_1_1_5,4.3.1.1.EA1,82,
BHAFKZ,7898,1,1_1_1_1_1_1_5,4.3.1.1.EA1,82,
BHAE40,7898,1,1_1_1_1_1_1_5,4.3.1.1.EA1,82,
BHACVB,7898,1,1_1_1_1_1_1_5,4.3.1.1.EA1,82,
BHACVF,7898,1,1_1_1_1_1_1_5,4.3.1.1.EA1,82,
BKQTFJ,7898,1,1_1_1_1_1_1_5,4.3.1.1.EA1,82,
BHADS5,7898,1,1_1_1_1_1_1_5,4.3.1.1.EA1,82,
BKQIM9,7898,1,1_1_1_1_1_1_5,4.3.1.1.EA1,82,
BHADXM,7898,1,1_1_1_1_1_1_5,4.3.1.1.EA1,82,
BHAF77,7898,1,1_1_1_1_1_1_5,4.3.1.1.EA1,82,
BHADGF,7898,1,1_1_1_1_1_1_5,4.3.1.1.EA1,82,
BKQR31,7898,1,1_1_1_1_1_1_5,4.3.1.1.EA1,82,
BHAFDP,7898,1,1_1_1_1_1_1_5,4.3.1.1.EA1,82,
BHAFLR,7898,1,1_1_1_1_1_1_5,4.3.1.1.EA1,82,
BKQKYN,7898,1,1_1_1_1_1_1_5,4.3.1.1.EA1,82,
BHAD4E,7898,1,1_1_1_1_1_1_5,4.3.1.1.EA1,82,
BKQIZG,7898,1,1_1_1_1_1_1_5,4.3.1.1.EA1,82,
BHAC7P,7898,1,1_1_1_1_1_1_5,4.3.1.1.EA1,82,
BKQILX,7898,1,1_1_1_1_1_1_5,4.3.1.1.EA1,82,
BHAEFY,7898,1,1_1_1_1_1_1_5,4.3.1.1.EA1,82,
BKQKA6,7898,1,1_1_1_1_1_1_5,4.3.1.1.EA1,82,
BKQS5K,7898,1,1_1_1_1_1_1_5,4.3.1.1.EA1,82,
BHAE1S,7898,1,1_1_1_1_1_1_5,4.3.1.1.EA1,82,
BKQHLD,7898,1,1_1_1_1_1_1_5,4.3.1.1.EA1,82,
BKQJTG,7898,1,1_1_1_1_1_1_5,4.3.1.1.EA1,82,
BKQQS8,7898,1,1_1_1_1_1_1_5,4.3.1.1.EA1,82,
BKQJLX,7898,1,1_1_1_1_1_1_5,4.3.1.1.EA1,82,
BKQRDD,7898,1,1_1_1_1_1_1_5,4.3.1.1.EA1,82,
BKQMFQ,7898,1,1_1_1_1_1_1_5,4.3.1.1.EA1,82,
BKQIW3,7898,1,1_1_1_1_1_1_5,4.3.1.1.EA1,82,
BKQMXD,7898,1,1_1_1_1_1_1_5,4.3.1.1.EA1,82,
BKQR4J,7898,1,1_1_1_1_1_1_5,4.3.1.1.EA1,82,
BKQU74,7898,1,1_1_1_1_1_1_5,4.3.1.1.EA1,82,
BHAEMN,7898,1,1_1_1_1_1_1_5,4.3.1.1.EA1,82,
BKQKSM,7898,1,1_1_1_1_1_1_5,4.3.1.1.EA1,82,
BKQMK4,7898,1,1_1_1_1_1_1_5,4.3.1.1.EA1,82,
BHAF8C,7898,1,1_1_1_1_1_1_5,4.3.1.1.EA1,82,
BKQM4S,7898,1,1_1_1_1_1_1_5,4.3.1.1.EA1,82,
BKQKRT,7898,1,1_1_1_1_1_1_5,4.3.1.1.EA1,82,
BKQLYW,7898,1,1_1_1_1_1_1_5,4.3.1.1.EA1,82,
BKQTAY,7898,1,1_1_1_1_1_1_5,4.3.1.1.EA1,82,
BKQJY1,7898,1,1_1_1_1_1_1_5,4.3.1.1.EA1,82,
BKQMCC,7898,1,1_1_1_1_1_1_5,4.3.1.1.EA1,82,
BKQMVB,7898,1,1_1_1_1_1_1_5,4.3.1.1.EA1,82,
BHAFFC,7898,1,1_1_1_1_1_1_5,4.3.1.1.EA1,82,
BHAFEN,7898,1,1_1_1_1_1_1_5,4.3.1.1.EA1,82,
BKQPPJ,7898,1,1_1_1_1_1_1_5,4.3.1.1.EA1,82,
BKQKDF,7898,1,1_1_1_1_1_1_5,4.3.1.1.EA1,82,
BKQKPB,7898,1,1_1_1_1_1_1_5,4.3.1.1.EA1,82,
BKQKJQ,7898,1,1_1_1_1_1_1_5,4.3.1.1.EA1,82,
BKQQHC,7898,1,1_1_1_1_1_1_5,4.3.1.1.EA1,82,
BKQRMM,7898,1,1_1_1_1_1_1_5,4.3.1.1.EA1,82,
BKQN73,7898,1,1_1_1_1_1_1_5,4.3.1.1.EA1,82,
BHADEF,7898,1,1_1_1_1_1_1_5,4.3.1.1.EA1,82,
BHAFSC,7898,1,1_1_1_1_1_1_5,4.3.1.1.EA1,82,
BKQKED,7898,1,1_1_1_1_1_1_5,4.3.1.1.EA1,82,
BKQK1D,7898,1,1_1_1_1_1_1_5,4.3.1.1.EA1,82,Col156
BKQK31,7898,1,1_1_1_1_1_1_5,4.3.1.1.EA1,82,
BHADR6,7898,1,1_1_1_1_1_1_5,4.3.1.1.EA1,82,
BKQN8F,7898,1,1_1_1_1_1_1_5,4.3.1.1.EA1,82,
BKQTEE,7898,1,1_1_1_1_1_1_5,4.3.1.1.EA1,82,
BKQLJI,7898,1,1_1_1_1_1_1_5,4.3.1.1.EA1,82,
BHAE1U,7898,1,1_1_1_1_1_1_5,4.3.1.1.EA1,82,
BKQPUF,7898,1,1_1_1_1_1_1_5,4.3.1.1.EA1,82,
BHAE16,7898,1,1_1_1_1_1_1_5,4.3.1.1.EA1,82,
BKQLN6,7898,1,1_1_1_1_1_1_5,4.3.1.1.EA1,82,
BHAFSL,7898,1,1_1_1_1_1_1_5,4.3.1.1.EA1,82,
BKQQY6,7898,1,1_1_1_1_1_1_5,4.3.1.1.EA1,82,
BKQPZL,7898,1,1_1_1_1_1_1_5,4.3.1.1.EA1,82,
BHAGFD,7898,1,1_1_1_1_1_1_5,4.3.1.1.EA1,82,
BKQIY2,7898,1,1_1_1_1_1_1_5,4.3.1.1.EA1,82,
BHAFCF,7898,1,1_1_1_1_1_1_5,4.3.1.1.EA1,82,
BKQPZ2,7898,1,1_1_1_1_1_1_5,4.3.1.1.EA1,82,
BKQMH6,7898,1,1_1_1_1_1_1_5,4.3.1.1.EA1,82,
ERR5243661,E98-0664_66,2,1_1_2_1_1_1_5,2.5,81,
ERR5243717,E98-0664_66,2,1_1_2_1_1_1_5,2.5,80,
ERR5243710,E98-0664_66,2,1_1_2_1_1_1_5,2.5,82,
ERR5243707,H12ESR00394-001A,1,1_1_1_1_1_1_5,3.5,82,
ERR5243670,E98-0664_66,2,1_1_2_1_1_1_5,2.5,82,
ERR5243652,E98-0664_66,2,1_1_2_1_1_1_5,2.5,82,
ERR5243669,H12ESR00394-001A,1,1_1_1_1_1_1_5,3.5,82,IncFIB(pHCM2)
ERR5243655,E98-0664_66,2,1_1_2_1_1_1_5,2.5,82,
ERR5243674,H12ESR00394-001A,1,1_1_1_1_1_1_5,3.5,81,
ERR5243675,E98-0664_66,2,1_1_2_1_1_1_5,2.5,81,
ERR5243659,E98-0664_66,2,1_1_2_1_1_1_5,2.5,81,
ERR5243706,E98-0664_66,2,1_1_2_1_1_1_5,2.5,82,
ERR5243656,E98-0664_66,2,1_1_2_1_1_1_5,2.5,82,
ERR5243641,E98-0664_66,2,1_1_2_1_1_1_5,2.5,81,ColRNAI; IncQ1
ERR5243701,E98-0664_66,2,1_1_2_1_1_1_5,2.5,82,
ERR5243697,E98-0664_66,2,1_1_2_1_1_1_5,2.5,82,
ERR5243657,H12ESR00394-001A,1,1_1_1_1_1_1_5,3.5,81,
ERR5243708,E98-0664_66,2,1_1_2_1_1_1_5,2.5,82,
ERR5243703,H12ESR00394-001A,1,1_1_1_1_1_1_5,3.5,81,
ERR5243712,E98-0664_66,2,1_1_2_1_1_1_5,2.5,82,
ERR5243702,E98-0664_66,2,1_1_2_1_1_1_5,2.5,81,
ERR5243673,E98-0664_66,2,1_1_2_1_1_1_5,2.5,82,
ERR5243664,H12ESR00394-001A,1,1_1_1_1_1_1_5,3.5,82,
ERR5243682,E98-0664_66,2,1_1_2_1_1_1_5,2.5,82,
ERR5243709,H12ESR00394-001A,1,1_1_1_1_1_1_5,3.5,82,IncFIB(pHCM2); IncL
ERR5243713,H12ESR00394-001A,1,1_1_1_1_1_1_5,3.5,82,
ERR5243677,E98-0664_66,2,1_1_2_1_1_1_5,2.5,81,
ERR5243660,ERL041834,2,1_1_2_1_1_1_5,2,82,
ERR5243686,H12ESR00394-001A,1,1_1_1_1_1_1_5,3.5,82,
ERR5243691,E98-0664_66,2,1_1_2_1_1_1_5,2.5,82,
ERR5243665,ERL041834,2,1_1_2_1_1_1_5,0.1.3,81,
ERR5243705,E98-0664_66,2,1_1_2_1_1_1_5,2.5,82,
ERR5243653,E98-0664_66,2,1_1_2_1_1_1_5,2,82,
ERR5243698,E98-0664_66,2,1_1_2_1_1_1_5,2.5,82,
ERR5243671,H12ESR00394-001A,1,1_1_1_1_1_1_5,3.5,81,
ERR5243658,H12ESR00394-001A,1,1_1_1_1_1_1_5,3.5,82,
ERR5243680,E98-0664_66,2,1_1_2_1_1_1_5,2.5,82,
ERR5243704,ERL024120,2,1_1_2_1_1_1_5,2,82,
ERR5243690,E98-0664_66,2,1_1_2_1_1_1_5,2.5,82,
ERR5243645,H12ESR00394-001A,1,1_1_1_1_1_1_5,3.5,82,
ERR5243668,E98-0664_66,2,1_1_2_1_1_1_5,2.5,81,
ERR5243642,E98-0664_66,2,1_1_2_1_1_1_5,2.5,80,
ERR5243694,E98-0664_66,2,1_1_2_1_1_1_5,2.5,81,
ERR5243692,E98-0664_66,2,1_1_2_1_1_1_5,2.5,82,
ERR5243662,E98-0664_66,2,1_1_2_1_1_1_5,2.5,81,
ERR5243688,E98-0664_66,2,1_1_2_1_1_1_5,2.5,81,
ERR5243681,H12ESR00394-001A,1,1_1_1_1_1_1_5,3.5,82,Col(BS512)
ERR5243714,E98-0664_66,2,1_1_2_1_1_1_5,2.5,82,
ERR5243648,E98-0664_66,2,1_1_2_1_1_1_5,2.5,81,
ERR5243644,E98-0664_66,2,1_1_2_1_1_1_5,2.5,82,
ERR5243695,E98-0664_66,2,1_1_2_1_1_1_5,2.5,82,
ERR5243716,E98-0664_66,2,1_1_2_1_1_1_5,2.5,81,
ERR5243685,E98-0664_66,2,1_1_2_1_1_1_5,2.5,81,
ERR5243651,H12ESR00394-001A,1,1_1_1_1_1_1_5,3.5,82,
ERR5243650,E98-0664_66,2,1_1_2_1_1_1_5,2.5,81,
ERR5243696,E98-0664_66,2,1_1_2_1_1_1_5,2.5,82,
ERR5243667,E98-0664_66,2,1_1_2_1_1_1_5,2.5,82,
ERR5243666,76-1292,8,1_1_2_3_1_1_5,1.1,82,
ERR5243715,E98-0664_66,2,1_1_2_1_1_1_5,2.5,82,
ERR5243699,E98-0664_66,2,1_1_2_1_1_1_5,2.5,82,
ERR5243649,E98-0664_66,2,1_1_2_1_1_1_5,2.5,82,
ERR5243684,E98-0664_66,2,1_1_2_1_1_1_5,2.5,81,
ERR5243676,E98-0664_66,2,1_1_2_1_1_1_5,2.5,80,
ERR5243654,ERL041834,2,1_1_2_1_1_1_5,2,82,
ERR5243711,E98-0664_66,2,1_1_2_1_1_1_5,2.5,82,
ERR5243643,E98-0664_66,2,1_1_2_1_1_1_5,2.5,81,
ERR5243647,H12ESR00394-001A,1,1_1_1_1_1_1_5,3.5,81,
ERR5243678,E98-0664_66,2,1_1_2_1_1_1_5,2.5,81,
ERR5243693,H12ESR00394-001A,1,1_1_1_1_1_1_5,3.5,80,
ERR5243679,E98-0664_66,2,1_1_2_1_1_1_5,2.5,82,
ERR5243689,H12ESR00394-001A,8555,1_1_1070_1_1_1_5,3.5,81,
ERR5243646,H12ESR00394-001A,1,1_1_1_1_1_1_5,3.5,82,IncFIB(pHCM2)
ERR5243687,E98-0664_66,2,1_1_2_1_1_1_5,2.5,82,
ERR5243663,E98-0664_66,2,1_1_2_1_1_1_5,2.5,82,
ERR5243672,E98-0664_66,2,1_1_2_1_1_1_5,2.5,82,
ERR5243700,H12ESR00394-001A,1,1_1_1_1_1_1_5,3.5,82,
G18654018,404Ty,2,1_1_2_1_1_1_5,3.1.1,82,IncY
G18584212,404Ty,2,1_1_2_1_1_1_5,3.1.1,82,IncFIA(HI1); IncHI1A--IncHI1B(R27)
G18503201,Ty2,1,1_1_1_1_1_1_5,4.1,82,
G18654006,404Ty,2,1_1_2_1_1_1_5,3.1.1,82,IncY
G18654003,404Ty,2,1_1_2_1_1_1_5,3.1.1,82,IncY
G20500034,404Ty,2,1_1_2_1_1_1_5,3.1.1,82,IncY
G18584213,404Ty,2,1_1_2_1_1_1_5,3.1.1,82,IncY
G20500040,404Ty,2,1_1_2_1_1_1_5,3.1.1,82,IncFIA(HI1); IncHI1A--IncHI1B(R27)
G18654015,404Ty,2,1_1_2_1_1_1_5,3.1.1,82,IncY
G18654016,404Ty,2,1_1_2_1_1_1_5,3.1.1,82,IncY
G18654005,ST1921-06,2,1_1_2_1_1_1_5,2.3.1,82,IncFIA(HI1)--IncHI1A--IncHI1B(R27)
G18584134,404Ty,2,1_1_2_1_1_1_5,3.1.1,82,
G18654007,404Ty,2,1_1_2_1_1_1_5,3.1.1,82,IncY
G18503204,404Ty,2,1_1_2_1_1_1_5,3.1.1,82,IncFIA(HI1)--IncHI1A--IncHI1B(R27)
G18584151,404Ty,2,1_1_2_1_1_1_5,3.1.1,82,IncFIA(HI1); IncHI1A--IncHI1B(R27)
G18654001,404Ty,2,1_1_2_1_1_1_5,3.1.1,82,IncY
G18584215,404Ty,2,1_1_2_1_1_1_5,3.1.1,82,
G18654020,404Ty,2,1_1_2_1_1_1_5,3.1.1,82,IncY
G18654011,404Ty,2,1_1_2_1_1_1_5,3.1.1,82,IncY
G18654004,404Ty,2,1_1_2_1_1_1_5,3.1.1,82,IncY
G18503205,404Ty,2,1_1_2_1_1_1_5,3.1.1,82,IncFIA(HI1); IncHI1A--IncHI1B(R27)
G20500037,404Ty,2,1_1_2_1_1_1_5,3.1.1,82,
1127204,7898,1,1_1_1_1_1_1_5,4.3.1.1,82,IncFIB(pHCM2)
1138770,7898,1,1_1_1_1_1_1_5,4.3.1.2,82,
SRR7165403,7898,1,1_1_1_1_1_1_5,4.3.1.2,82,
1139029,CT18,2,1_1_2_1_1_1_5,3.2.2,82,
1148460,7898,1,1_1_1_1_1_1_5,4.3.1.1,82,IncFIB(pHCM2)
SRR5500428,ERL041834,2,1_1_2_1_1_1_5,3.3,82,IncFIB(pHCM2)
1138890,7898,1,1_1_1_1_1_1_5,4.3.1,82,
AUSMDU00029453,ERL041834,2,1_1_2_1_1_1_5,3.3,82,
AUSMDU00021171,ERL041834,2,1_1_2_1_1_1_5,3.3.1,82,
AUSMDU00035680,7898,1,1_1_1_1_1_1_5,4.3.1.2,82,
AUSMDU00035730,H12ESR00394-001A,1,1_1_1_1_1_1_5,3.5.4,82,
AUSMDU00038246,E98-0664_66,2,1_1_2_1_1_1_5,2.5,82,IncFIB(pHCM2)
AUSMDU00034468,404Ty,2,1_1_2_1_1_1_5,3.1,82,
AUSMDU00039127,ERL041834,2,1_1_2_1_1_1_5,3.3,82,
AUSMDU00026293,ERL041834,2,1_1_2_1_1_1_5,3.3,82,
AUSMDU00038096,7898,1,1_1_1_1_1_1_5,4.3.1.2,82,
AUSMDU00043864,ERL041834,2,1_1_2_1_1_1_5,3.3,82,
AUSMDU00041502,Ty2,1,1_1_1_1_1_1_5,4.1,82,
AUSMDU00027597,UI4692,2,1_1_2_1_1_1_5,2.2.2,82,IncFIB(pHCM2)
AUSMDU00025222,7898,1,1_1_1_1_1_1_5,4.3.1.1.P1,82,IncY
AUSMDU00026746,7898,1,1_1_1_1_1_1_5,4.3.1.2,82,
AUSMDU00025862,7898,1,1_1_1_1_1_1_5,4.3.1.2,82,
AUSMDU00044558,7898,1,1_1_1_1_1_1_5,4.3.1.2,82,
AUSMDU00043840,ERL041834,2,1_1_2_1_1_1_5,3.3,82,
AUSMDU00020992,7898,1,1_1_1_1_1_1_5,4.3.1.1,82,
AUSMDU00025217,ERL024120,2,1_1_2_1_1_1_5,2.1,82,
AUSMDU00023736,ERL024120,2,1_1_2_1_1_1_5,2.1,82,
AUSMDU00020142,7898,1,1_1_1_1_1_1_5,4.3.1.2,82,
AUSMDU00018884,UI4692,2,1_1_2_1_1_1_5,2.2.2,82,IncFIB(pHCM2)
AUSMDU00039612,7898,1,1_1_1_1_1_1_5,4.3.1.2,82,
AUSMDU00044015,E98-0664_66,2,1_1_2_1_1_1_5,2.5,82,IncFIB(pHCM2)
AUSMDU00024971,7898,1,1_1_1_1_1_1_5,4.3.1.2,82,
AUSMDU00019653,UI4692,2,1_1_2_1_1_1_5,2.2.2,82,
AUSMDU00044687,7898,1,1_1_1_1_1_1_5,4.3.1.2,82,
AUSMDU00044317,E98-0664_66,2,1_1_2_1_1_1_5,2.5,82,
AUSMDU00022048,7898,1,1_1_1_1_1_1_5,4.3.1.2,82,
AUSMDU00043619,7898,1,1_1_1_1_1_1_5,4.3.1.1,82,
AUSMDU00024579,7898,1,1_1_1_1_1_1_5,4.3.1.2,82,
AUSMDU00042284,7898,1,1_1_1_1_1_1_5,4.3.1.2,82,
AUSMDU00032856,7898,1,1_1_1_1_1_1_5,4.3.1.2,82,
AUSMDU00035218,7898,1,1_1_1_1_1_1_5,4.3.1.2,82,
AUSMDU00030523,ERL041834,2,1_1_2_1_1_1_5,3.3,82,
AUSMDU00022646,7898,1,1_1_1_1_1_1_5,4.3.1,82,
AUSMDU00030273,E98-0664_66,2,1_1_2_1_1_1_5,2.5,82,IncFIB(pHCM2)
AUSMDU00038106,ERL041834,2,1_1_2_1_1_1_5,3.3,82,
AUSMDU00041434,7898,1,1_1_1_1_1_1_5,4.3.1.1,82,
AUSMDU00037443,Ty2,1,1_1_1_1_1_1_5,4.1,82,
AUSMDU00025966,ERL041834,2,1_1_2_1_1_1_5,3.3,82,
AUSMDU00027137,7898,1,1_1_1_1_1_1_5,4.3.1.1,82,
AUSMDU00027803,7898,1,1_1_1_1_1_1_5,4.3.1.1,82,IncFIB(pHCM2)
AUSMDU00029406,H12ESR00394-001A,1,1_1_1_1_1_1_5,3.5.4,82,
AUSMDU00042395,7898,1,1_1_1_1_1_1_5,4.3.1.1,82,IncFIB(pHCM2)
AUSMDU00035269,7898,1,1_1_1_1_1_1_5,4.3.1.1,82,
AUSMDU00021974,ERL041834,2,1_1_2_1_1_1_5,3.3.1,82,
AUSMDU00029966,7898,1,1_1_1_1_1_1_5,4.3.1,82,
AUSMDU00025869,ERL041834,2,1_1_2_1_1_1_5,3.3,82,
AUSMDU00044514,Ty2,1,1_1_1_1_1_1_5,4.1,82,
AUSMDU00025596,E02-1180,2,1_1_2_1_1_1_5,0.0.2,82,
AUSMDU00018116,7898,1,1_1_1_1_1_1_5,4.3.1.2,82,
AUSMDU00021590,ERL041834,2,1_1_2_1_1_1_5,3.3,82,
AUSMDU00020447,7898,1,1_1_1_1_1_1_5,4.3.1,82,
AUSMDU00041958,7898,1,1_1_1_1_1_1_5,4.3.1.1,82,
AUSMDU00032321,UI4692,2,1_1_2_1_1_1_5,2.2,82,
AUSMDU00040208,7898,1,1_1_1_1_1_1_5,4.3.1.2,82,
AUSMDU00024941,7898,1,1_1_1_1_1_1_5,4.3.1,82,
AUSMDU00026294,ERL041834,2,1_1_2_1_1_1_5,3.3,82,
AUSMDU00044392,ERL041834,2,1_1_2_1_1_1_5,3.3,82,
AUSMDU00027556,7898,1,1_1_1_1_1_1_5,4.3.1.2,82,
AUSMDU00029437,7898,1,1_1_1_1_1_1_5,4.3.1.2,82,
AUSMDU00041955,7898,1,1_1_1_1_1_1_5,4.3.1.2,82,
AUSMDU00040990,Ty2,1,1_1_1_1_1_1_5,4.1,82,
AUSMDU00040696,7898,1,1_1_1_1_1_1_5,4.3.1.2,82,
AUSMDU00021919,404Ty,2,1_1_2_1_1_1_5,3.1,82,
AUSMDU00037368,E98-0664_66,2,1_1_2_1_1_1_5,2.5,82,IncFIB(pHCM2)
AUSMDU00025124,ERL041834,2,1_1_2_1_1_1_5,3.3,82,
AUSMDU00019716,ERL041834,2,1_1_2_1_1_1_5,3.3,82,
AUSMDU00021430,H12ESR00394-001A,1,1_1_1_1_1_1_5,3.5.4,82,
AUSMDU00029189,7898,1,1_1_1_1_1_1_5,4.3.1.2,82,IncFIB(pHCM2)
AUSMDU00060079,E98-0664_66,2,1_1_2_1_1_1_5,2.5,82,
AUSMDU00030416,ST1921-06,2,1_1_2_1_1_1_5,2.3.2,82,
AUSMDU00042347,E98-0664_66,2,1_1_2_1_1_1_5,2.5,82,IncFIB(pHCM2)
AUSMDU00044403,7898,1,1_1_1_1_1_1_5,4.3.1,82,
AUSMDU00039566,7898,1,1_1_1_1_1_1_5,4.3.1.2,82,
AUSMDU00044634,7898,1,1_1_1_1_1_1_5,4.3.1.2,82,IncX3
AUSMDU00025604,ERL041834,2,1_1_2_1_1_1_5,3.3,82,
AUSMDU00035217,7898,1,1_1_1_1_1_1_5,4.3.1.2,82,
AUSMDU00035921,7898,1,1_1_1_1_1_1_5,4.3.1.2,82,
AUSMDU00044231,7898,1,1_1_1_1_1_1_5,4.3.1.2,82,
AUSMDU00020626,ERL041834,2,1_1_2_1_1_1_5,3.3,82,IncFIB(pHCM2)
AUSMDU00035705,7898,1,1_1_1_1_1_1_5,4.3.1.2,82,
AUSMDU00039536,ERL041834,2,1_1_2_1_1_1_5,3.3,82,
AUSMDU00027066,7898,1,1_1_1_1_1_1_5,4.3.1.2,82,
AUSMDU00029759,ERL041834,2,1_1_2_1_1_1_5,3.3.1,82,
AUSMDU00032825,7898,1,1_1_1_1_1_1_5,4.3.1.1,82,
AUSMDU00026490,7898,1,1_1_1_1_1_1_5,4.3.1.1.P1,82,IncY
AUSMDU00043761,7898,1,1_1_1_1_1_1_5,4.3.1.1.P1,82,
AUSMDU00026017,7898,1,1_1_1_1_1_1_5,4.3.1,82,
AUSMDU00021576,7898,1,1_1_1_1_1_1_5,4.3.1.2,82,IncFIB(pHCM2)
AUSMDU00043852,76-1292,2,1_1_2_1_1_1_5,2,82,
AUSMDU00028357,ERL041834,2,1_1_2_1_1_1_5,3.3,82,
AUSMDU00042295,7898,1,1_1_1_1_1_1_5,4.3.1.1,82,IncFIB(pHCM2)
AUSMDU00035395,404Ty,2,1_1_2_1_1_1_5,3.1,82,
AUSMDU00025947,ERL041834,2,1_1_2_1_1_1_5,3.3,82,
AUSMDU00031701,H12ESR00755-001A,1,1_1_1_1_1_1_5,3,82,
AUSMDU00030790,ERL041834,2,1_1_2_1_1_1_5,3.3,82,IncFIB(pHCM2)
AUSMDU00039635,7898,1,1_1_1_1_1_1_5,4.3.1.2,82,
AUSMDU00025880,UI4692,2,1_1_2_1_1_1_5,2.2,82,
AUSMDU00039062,7898,1,1_1_1_1_1_1_5,4.3.1.2,82,
AUSMDU00034503,404Ty,2,1_1_2_1_1_1_5,3.1,82,
AUSMDU00024788,7898,1,1_1_1_1_1_1_5,4.3.1.1,82,
AUSMDU00037061,E98-0664_66,2,1_1_2_1_1_1_5,2.5,82,IncFIB(pHCM2)
AUSMDU00023245,UI4692,2,1_1_2_1_1_1_5,2.2.2,82,
AUSMDU00022232,ERL041834,2,1_1_2_1_1_1_5,3.3.1,82,
AUSMDU00044460,7898,1,1_1_1_1_1_1_5,4.3.1.1.P1,82,
AUSMDU00044942,ERL041834,2,1_1_2_1_1_1_5,3.3,82,
AUSMDU00025677,E98-0664_66,2,1_1_2_1_1_1_5,2.5,82,
AUSMDU00025045,7898,1,1_1_1_1_1_1_5,4.3.1.2,82,
AUSMDU00025661,ERL041834,2,1_1_2_1_1_1_5,3.3,82,IncFIB(pHCM2)
AUSMDU00026125,7898,1,1_1_1_1_1_1_5,4.3.1.2,82,
AUSMDU00025470,7898,1,1_1_1_1_1_1_5,4.3.1.2,82,
AUSMDU00038336,E98-0664_66,2,1_1_2_1_1_1_5,2.5,82,IncFIB(pHCM2)
AUSMDU00034059,404Ty,2,1_1_2_1_1_1_5,3.1,82,
AUSMDU00035270,7898,1,1_1_1_1_1_1_5,4.3.1.1,82,IncFIB(pHCM2)
LHST-2018,7898,1,1_1_1_1_1_1_5,4.3.1.2,82,IncX3
CMC CST CEPR,CT18,2,1_1_2_1_1_1_5,3.2.2,82,IncN
17225_4_55,ST1921-06,2,1_1_2_1_1_1_5,2.3.2,82,
17225_2_66,ST1921-06,2,1_1_2_1_1_1_5,2.3.2,82,
17225_2_46,ST1921-06,2,1_1_2_1_1_1_5,2.3.2,82,
25292_2_31,404Ty,2,1_1_2_1_1_1_5,3.1.1,82,
17225_2_70,ST1921-06,2,1_1_2_1_1_1_5,2.3.2,82,
17225_2_51,ST1921-06,2,1_1_2_1_1_1_5,2.3.2,82,
17225_4_20,ST1921-06,2,1_1_2_1_1_1_5,2.3.2,82,
17225_2_33,ST1921-06,2,1_1_2_1_1_1_5,2.3.2,82,
17225_4_57,ST1921-06,2,1_1_2_1_1_1_5,2.3.2,82,
17225_4_43,ST1921-06,2,1_1_2_1_1_1_5,2.3.2,82,
17225_2_28,ST1921-06,2,1_1_2_1_1_1_5,2.3.2,82,
17225_4_51,ST1921-06,2,1_1_2_1_1_1_5,2.3.2,82,
17225_4_23,ST1921-06,2,1_1_2_1_1_1_5,2.3.2,82,
MR304,7898,1,1_1_1_1_1_1_5,4.3.1.2.EA2,82,Col(BS512); ColpVC
MB1544,7898,1,1_1_1_1_1_1_5,4.3.1.1.EA1,82,ColRNAI
MB1976,7898,1,1_1_1_1_1_1_5,4.3.1.2.EA2,82,Col(pHAD28); IncHI1A--IncHI1B(R27)
MB423,7898,1,1_1_1_1_1_1_5,4.3.1.2.EA2,83,IncHI1A--IncHI1B(R27)
MMM2091,7898,1,1_1_1_1_1_1_5,4.3.1.2.EA2,82,ColpVC; IncHI1A; IncHI1B(R27)
MB3020,7898,1,1_1_1_1_1_1_5,4.3.1.2.EA2,82,Col440I
MB651,7898,1,1_1_1_1_1_1_5,4.3.1.2.EA2,82,Col440I; IncHI1A--IncHI1B(R27)
MMM4077,7898,1,1_1_1_1_1_1_5,4.3.1.2.EA2,82,Col440I; IncHI1A--IncHI1B(R27)
MB2064,7898,1,1_1_1_1_1_1_5,4.3.1.2.EA2,82,
MB1807,7898,1,1_1_1_1_1_1_5,4.3.1.2.EA3,82,Col440I
MR2140,7898,1,1_1_1_1_1_1_5,4.3.1.2.EA2,82,Col440I; IncHI1A--IncHI1B(R27)
MMM4927,7898,1,1_1_1_1_1_1_5,4.3.1.1.EA1,82,Col440I
MB1793,7898,1,1_1_1_1_1_1_5,4.3.1.1.EA1,82,
MCC1781,7898,1,1_1_1_1_1_1_5,4.3.1.1.EA1,82,Col440I
MMM1538,7898,1,1_1_1_1_1_1_5,4.3.1.2.EA2,82,Col(BS512); Col(pHAD28); ColpVC
MMM4551,7898,1,1_1_1_1_1_1_5,4.3.1.1.EA1,82,Col440I
MB3007,7898,1,1_1_1_1_1_1_5,4.3.1.1.EA1,82,Col(pHAD28); IncHI1A--IncHI1B(R27)
MB698,7898,1,1_1_1_1_1_1_5,4.3.1.2.EA2,82,
MR4803,7898,1,1_1_1_1_1_1_5,4.3.1.2.EA3,82,
MCC1752,7898,1,1_1_1_1_1_1_5,4.3.1.2.EA2,82,Col(pHAD28); IncHI1A--IncHI1B(R27)
MB360,7898,1,1_1_1_1_1_1_5,4.3.1.1.EA1,82,
MMM281,7898,1,1_1_1_1_1_1_5,4.3.1.1.EA1,82,Col440I; ColpVC; IncHI1A--IncHI1B(R27)
MR3122,7898,1,1_1_1_1_1_1_5,4.3.1.2.EA2,82,Col440I; IncHI1A--IncHI1B(R27)
MCC490,7898,1,1_1_1_1_1_1_5,4.3.1.1.EA1,82,Col440I; ColpVC; IncHI1A--IncHI1B(R27)
MR2983,7898,1,1_1_1_1_1_1_5,4.3.1.2.EA2,82,Col440I; IncHI1A--IncHI1B(R27)
MMM3664,7898,1,1_1_1_1_1_1_5,4.3.1.2.EA2,82,IncHI1A--IncHI1B(R27)
MB1464,7898,1,1_1_1_1_1_1_5,4.3.1.2.EA2,82,Col(pHAD28); IncHI1A--IncHI1B(R27)
MMM191,7898,1,1_1_1_1_1_1_5,4.3.1.1.EA1,82,Col440I; IncHI1A--IncHI1B(R27)
MR766,7898,1,1_1_1_1_1_1_5,4.3.1.1.EA1,82,
MB2900,7898,1,1_1_1_1_1_1_5,4.3.1.1.EA1,82,Col(pHAD28); Col440I
MMM2017,UI4692,2,1_1_2_1_1_1_5,2.2.2,82,ColpVC
MB562,7898,1,1_1_1_1_1_1_5,4.3.1.2.EA2,82,Col440I; IncHI1A--IncHI1B(R27)
MB2962,7898,1,1_1_1_1_1_1_5,4.3.1.1.EA1,81,
MMM1784,7898,1,1_1_1_1_1_1_5,4.3.1.2.EA2,82,Col440I; IncHI1A--IncHI1B(R27)
MB345,7898,1,1_1_1_1_1_1_5,4.3.1.2.EA3,82,Col440I; ColpVC
MR274,7898,1,1_1_1_1_1_1_5,4.3.1.1.EA1,82,Col440I; IncHI1A--IncHI1B(R27)
MCC1259,7898,1,1_1_1_1_1_1_5,4.3.1.2.EA2,82,Col440I; IncHI1A--IncHI1B(R27)
MMM3516,7898,1,1_1_1_1_1_1_5,4.3.1.2.EA2,82,Col440I; IncHI1A--IncHI1B(R27)
MMM736,7898,1,1_1_1_1_1_1_5,4.3.1.1.EA1,82,Col440I
MB1674,7898,1,1_1_1_1_1_1_5,4.3.1.2.EA2,82,Col(MG828); Col440I; IncHI1A--IncHI1B(R27)
MMM2077,7898,1,1_1_1_1_1_1_5,4.3.1.1.EA1,82,Col440I; ColpVC; IncHI1A--IncHI1B(R27)
MB1404,7898,1,1_1_1_1_1_1_5,4.3.1.1.EA1,81,Col(pHAD28); Col156
MR4474,7898,1,1_1_1_1_1_1_5,4.3.1.2.EA3,82,Col440I; ColpVC
MR4747,7898,1,1_1_1_1_1_1_5,4.3.1.1.EA1,82,Col440I
MB240,7898,1,1_1_1_1_1_1_5,4.3.1.1.EA1,82,Col(IRGK); Col(pHAD28)
MMM2746,7898,1,1_1_1_1_1_1_5,4.3.1.2.EA3,82,Col440I
MCC210,7898,1,1_1_1_1_1_1_5,4.3.1.2.EA2,82,Col440I; ColpVC; IncHI1A--IncHI1B(R27)
MMM3517,7898,1,1_1_1_1_1_1_5,4.3.1.2.EA2,82,Col440I; IncHI1A--IncHI1B(R27)
MB1765,7898,1,1_1_1_1_1_1_5,4.3.1.2.EA2,82,Col440I
MR3893,7898,1,1_1_1_1_1_1_5,4.3.1.1.EA1,82,Col(pHAD28); Col440I
MB988,7898,1,1_1_1_1_1_1_5,4.3.1.1.EA1,81,Col(pHAD28)
MCC1306,7898,1,1_1_1_1_1_1_5,4.3.1.2.EA2,82,IncHI1A--IncHI1B(R27)
MB2061,7898,1,1_1_1_1_1_1_5,4.3.1.1.EA1,81,
MMM186,7898,1,1_1_1_1_1_1_5,4.3.1.2.EA2,82,ColpVC; IncHI1A--IncHI1B(R27)
MMM652,7898,1,1_1_1_1_1_1_5,4.3.1.2.EA2,82,Col440I; IncHI1A--IncHI1B(R27)
MMM466,7898,1,1_1_1_1_1_1_5,4.3.1.1.EA1,82,Col440I; IncHI1A--IncHI1B(R27)
MR1916,7898,1,1_1_1_1_1_1_5,4.3.1.2.EA3,82,Col440I
MR1087,7898,1,1_1_1_1_1_1_5,4.3.1.1.EA1,82,ColpVC; IncHI1A--IncHI1B(R27)
MCC1165,7898,1,1_1_1_1_1_1_5,4.3.1.1.EA1,82,IncHI1A--IncHI1B(R27)
MB1296,7898,1,1_1_1_1_1_1_5,4.3.1.2.EA3,82,Col(pHAD28)
MR4345,7898,1,1_1_1_1_1_1_5,4.3.1.2.EA3,82,Col440I
MMM182,7898,1,1_1_1_1_1_1_5,4.3.1.1.EA1,82,Col440I; IncHI1A--IncHI1B(R27)
MB2241,Ty2,1,1_1_1_1_1_1_5,4.1,82,Col440I
MCC1904,7898,1,1_1_1_1_1_1_5,4.3.1.2.EA2,82,Col440I
MR2873,7898,1,1_1_1_1_1_1_5,4.3.1.1.EA1,82,Col440I; ColpVC; IncHI1A--IncHI1B(R27)
MMM5775,7898,1,1_1_1_1_1_1_5,4.3.1.1.EA1,82,Col440I
MMM3370,7898,1,1_1_1_1_1_1_5,4.3.1.2.EA2,82,Col440I; IncHI1A--IncHI1B(R27)
MR1806,7898,1,1_1_1_1_1_1_5,4.3.1.1.EA1,82,Col440I
MB2871,7898,1,1_1_1_1_1_1_5,4.3.1.1.EA1,82,Col440I
MMM5825,7898,1,1_1_1_1_1_1_5,4.3.1.2.EA2,82,Col(pHAD28); Col440I
MMM2903,7898,1,1_1_1_1_1_1_5,4.3.1.2.EA3,82,
MCC1301,7898,1,1_1_1_1_1_1_5,4.3.1.2.EA2,82,Col440I; IncHI1A--IncHI1B(R27)
MR4882,7898,1,1_1_1_1_1_1_5,4.3.1.2.EA3,82,Col440I
MB1895,7898,1,1_1_1_1_1_1_5,4.3.1.1.EA1,82,IncHI1A--IncHI1B(R27)
MB2612,7898,1,1_1_1_1_1_1_5,4.3.1.2.EA2,82,IncHI1A--IncHI1B(R27)
MMM945,7898,1,1_1_1_1_1_1_5,4.3.1.2.EA2,82,ColpVC; IncHI1A--IncHI1B(R27)
MB1015,7898,1,1_1_1_1_1_1_5,4.3.1.1.EA1,82,Col(BS512); Col440I; IncHI1A--IncHI1B(R27)
MMM1822,7898,1,1_1_1_1_1_1_5,4.3.1.1.EA1,82,IncHI1A--IncHI1B(R27)
MB2464,7898,1,1_1_1_1_1_1_5,4.3.1.1.EA1,81,Col(pHAD28); Col(pHAD28)
MR3070,7898,1,1_1_1_1_1_1_5,4.3.1.2.EA3,82,Col440I
MMM1726,E98-0664_66,2,1_1_2_1_1_1_5,2.5,82,Col440I; IncFII(S)
MB229,7898,1,1_1_1_1_1_1_5,4.3.1.2.EA3,82,
MMM149,7898,1,1_1_1_1_1_1_5,4.3.1.2.EA2,82,Col(pHAD28); IncHI1A--IncHI1B(R27)
MMM1980,LNT1148,2230,1_1_1_1_1_1_526,3,82,ColpVC
MMM2007,7898,1,1_1_1_1_1_1_5,4.3.1.1.EA1,82,ColpVC; IncHI1A--IncHI1B(R27)
MR2608,7898,1,1_1_1_1_1_1_5,4.3.1.1.EA1,82,Col440I; IncHI1A--IncHI1B(R27)
MR4066,7898,1,1_1_1_1_1_1_5,4.3.1.1.EA1,82,ColRNAI
MMM932,7898,1,1_1_1_1_1_1_5,4.3.1.2.EA2,82,ColpVC
MB2094,7898,1,1_1_1_1_1_1_5,4.3.1.1.EA1,82,Col440I
MB56,7898,1,1_1_1_1_1_1_5,4.3.1.2.EA3,82,
MMM4189,7898,1,1_1_1_1_1_1_5,4.3.1.2.EA2,82,Col440I; IncHI1A--IncHI1B(R27)
MCC2769,7898,1,1_1_1_1_1_1_5,4.3.1.1.EA1,82,Col440I; IncHI1A--IncHI1B(R27)
MR692,7898,1,1_1_1_1_1_1_5,4.3.1.2.EA2,82,ColpVC; IncHI1A--IncHI1B(R27)
MB1091,7898,1,1_1_1_1_1_1_5,4.3.1.1.EA1,82,Col440I; IncFII(S); IncHI1A--IncHI1B(R27)
MB2595,7898,1,1_1_1_1_1_1_5,4.3.1.2.EA2,82,Col(pHAD28); Col(pHAD28); Col440I; ColpVC
MMM183,7898,1,1_1_1_1_1_1_5,4.3.1.1.EA1,82,Col(BS512); Col440I; IncHI1A--IncHI1B(R27)
MB1096,7898,1,1_1_1_1_1_1_5,4.3.1.2.EA2,82,Col440I; IncHI1A--IncHI1B(R27)
MCC3224,7898,1,1_1_1_1_1_1_5,4.3.1.2.EA2,82,Col440I; IncHI1A--IncHI1B(R27)
MR3183,7898,1,1_1_1_1_1_1_5,4.3.1.1.EA1,82,IncHI1A--IncHI1B(R27)
MR252,7898,1,1_1_1_1_1_1_5,4.3.1.2.EA2,82,IncHI1A--IncHI1B(R27)
MB885,7898,1,1_1_1_1_1_1_5,4.3.1.2.EA2,82,IncHI1A--IncHI1B(R27)
MCC1034,7898,1,1_1_1_1_1_1_5,4.3.1.2.EA2,82,IncHI1A--IncHI1B(R27)
MB804,7898,1,1_1_1_1_1_1_5,4.3.1.2.EA2,82,
MCC2040,7898,1,1_1_1_1_1_1_5,4.3.1.2.EA2,82,IncHI1A--IncHI1B(R27)
MCC1367,7898,1,1_1_1_1_1_1_5,4.3.1.2.EA2,82,
MCC2219,7898,1,1_1_1_1_1_1_5,4.3.1.2.EA2,82,
MCC1637,7898,1,1_1_1_1_1_1_5,4.3.1.2.EA2,82,IncHI1A--IncHI1B(R27)
MB693,7898,1,1_1_1_1_1_1_5,4.3.1.2.EA2,82,IncHI1A--IncHI1B(R27)
MB883,7898,1,1_1_1_1_1_1_5,4.3.1.2.EA2,82,IncHI1A--IncHI1B(R27)
MMM4342,LNT1148,2230,1_1_1_1_1_1_526,3,82,Col(pHAD28)
MB469,7898,1,1_1_1_1_1_1_5,4.3.1.1.EA1,82,IncHI1A--IncHI1B(R27)
MR4065,7898,1,1_1_1_1_1_1_5,4.3.1.2.EA2,82,
MR251,7898,1,1_1_1_1_1_1_5,4.3.1.2.EA2,82,Col(pHAD28); IncHI1A--IncHI1B(R27)
MMM114,7898,1,1_1_1_1_1_1_5,4.3.1.2.EA2,82,Col440I; IncHI1A--IncHI1B(R27)
MMM4447,7898,1,1_1_1_1_1_1_5,4.3.1.1.EA1,82,
MB935,7898,1,1_1_1_1_1_1_5,4.3.1.2.EA2,82,Col(pHAD28); IncHI1A--IncHI1B(R27)
MR610,7898,1,1_1_1_1_1_1_5,4.3.1.2.EA2,82,IncHI1A--IncHI1B(R27)
MR1046,7898,1,1_1_1_1_1_1_5,4.3.1.2.EA2,82,Col(pHAD28); IncHI1A--IncHI1B(R27)
MB630,7898,1,1_1_1_1_1_1_5,4.3.1.2.EA2,82,IncHI1A--IncHI1B(R27)
MCC594,7898,1,1_1_1_1_1_1_5,4.3.1.1.EA1,82,
MCC1505,7898,1,1_1_1_1_1_1_5,4.3.1.2.EA2,82,IncHI1A
MCC1269,7898,1,1_1_1_1_1_1_5,4.3.1.2.EA2,82,Col(BS512); Col(MG828); IncHI1A--IncHI1B(R27)
MR4799,7898,1,1_1_1_1_1_1_5,4.3.1.2.EA2,82,
MMM354,7898,1,1_1_1_1_1_1_5,4.3.1.1.EA1,82,Col(pHAD28); IncHI1A--IncHI1B(R27)
MCC2509,7898,1,1_1_1_1_1_1_5,4.3.1.2.EA2,82,IncHI1A--IncHI1B(R27)
MCC2121,7898,1,1_1_1_1_1_1_5,4.3.1.1.EA1,82,IncHI1A--IncHI1B(R27)
MR253,7898,1,1_1_1_1_1_1_5,4.3.1.2.EA2,82,IncHI1A--IncHI1B(R27)
MCC689,LNT1148,2230,1_1_1_1_1_1_526,3,82,
MB428,E98-0664_66,2,1_1_2_1_1_1_5,2.5,82,
MMM5877,E98-0664_66,2,1_1_2_1_1_1_5,2.5,82,
MR542,7898,1,1_1_1_1_1_1_5,4.3.1.1.EA1,82,Col(pHAD28); IncHI1A--IncHI1B(R27)
MCC340,7898,1,1_1_1_1_1_1_5,4.3.1.2.EA2,82,IncHI1A--IncHI1B(R27)
6608,7898,1,1_1_1_1_1_1_5,4.3.1.1,82,IncHI1A; IncHI1B(R27)
6048,7898,1,1_1_1_1_1_1_5,4.3.1.1,82,IncHI1A; IncHI1B(R27)
3179,7898,1,1_1_1_1_1_1_5,4.3.1.1,82,IncHI1A; IncHI1B(R27)
4399,7898,1,1_1_1_1_1_1_5,4.3.1.1,82,
6727,7898,1,1_1_1_1_1_1_5,4.3.1.1,82,IncFIB(pHCM2); p0111
4084,7898,1,1_1_1_1_1_1_5,4.3.1.1,82,p0111
5158,7898,1,1_1_1_1_1_1_5,4.3.1.1,82,
1989,7898,1,1_1_1_1_1_1_5,4.3.1.1,82,IncHI1A; IncHI1B(R27)
4014,7898,1,1_1_1_1_1_1_5,4.3.1.1,82,IncHI1A; IncHI1B(R27); p0111
3400,7898,1,1_1_1_1_1_1_5,4.3.1.1,82,IncHI1A--IncHI1B(R27); p0111
5413,7898,1,1_1_1_1_1_1_5,4.3.1.1,82,p0111
4244,7898,1,1_1_1_1_1_1_5,4.3.1.1,82,IncHI1A; IncHI1B(R27); p0111
6729,7898,1,1_1_1_1_1_1_5,4.3.1.1,82,IncHI1A--IncHI1B(R27)
5842,7898,1,1_1_1_1_1_1_5,4.3.1.1,82,
5316,7898,1,1_1_1_1_1_1_5,4.3.1.1,82,
3811,7898,1,1_1_1_1_1_1_5,4.3.1.1,82,
5109,CT18,2,1_1_2_1_1_1_5,3.2.1,82,IncFIB(pHCM2); p0111
6415/43,7898,1,1_1_1_1_1_1_5,4.3.1.1,82,
3295,7898,1,1_1_1_1_1_1_5,4.3.1.1,82,IncHI1A; IncHI1B(R27)
1969,7898,1,1_1_1_1_1_1_5,4.3.1.1,82,IncHI1A; IncHI1B(R27); p0111
1909,7898,1,1_1_1_1_1_1_5,4.3.1.1,82,
1003,7898,1,1_1_1_1_1_1_5,4.3.1.1,82,IncHI1A--IncHI1B(R27)
4640,7898,1,1_1_1_1_1_1_5,4.3.1.1,82,IncHI1A; IncHI1B(R27); p0111
2037,7898,1,1_1_1_1_1_1_5,4.3.1.1,82,IncHI1A; IncHI1B(R27); p0111
6086,7898,1,1_1_1_1_1_1_5,4.3.1.1,82,
3497,7898,1,1_1_1_1_1_1_5,4.3.1.1,82,
5256,7898,1,1_1_1_1_1_1_5,4.3.1.1,82,IncHI1A; IncHI1B(R27)
4741,7898,1,1_1_1_1_1_1_5,4.3.1.1,82,p0111
4855,7898,1,1_1_1_1_1_1_5,4.3.1.1,82,IncHI1A--IncHI1B(R27); p0111
2011,7898,1,1_1_1_1_1_1_5,4.3.1.1,82,IncHI1A--IncHI1B(R27)
5558,7898,1,1_1_1_1_1_1_5,4.3.1.1,82,
2843,7898,1,1_1_1_1_1_1_5,4.3.1.1,82,
5490,7898,1,1_1_1_1_1_1_5,4.3.1.1,82,
5024,7898,1,1_1_1_1_1_1_5,4.3.1.1,82,p0111
2589,7898,1,1_1_1_1_1_1_5,4.3.1.1,82,
3463,7898,1,1_1_1_1_1_1_5,4.3.1.1,82,
1674,7898,1,1_1_1_1_1_1_5,4.3.1.1,82,
4764,7898,1,1_1_1_1_1_1_5,4.3.1.1,82,IncHI1A--IncHI1B(R27); p0111
5089,7898,1,1_1_1_1_1_1_5,4.3.1.1,82,p0111
166,7898,1,1_1_1_1_1_1_5,4.3.1.1,82,IncHI1A; IncHI1B(R27)
5342,7898,1,1_1_1_1_1_1_5,4.3.1.1,82,p0111
941,7898,1,1_1_1_1_1_1_5,4.3.1.1,82,
6143/10,7898,1,1_1_1_1_1_1_5,4.3.1.1,82,IncHI1A; IncHI1B(R27)
6395/47,7898,1,1_1_1_1_1_1_5,4.3.1.1,82,
6213/80,7898,1,1_1_1_1_1_1_5,4.3.1.1,82,p0111
4717,7898,1,1_1_1_1_1_1_5,4.3.1.1,82,
4308,7898,1,1_1_1_1_1_1_5,4.3.1.1,82,IncHI1A; IncHI1B(R27)
6675,7898,1,1_1_1_1_1_1_5,4.3.1.1,82,
6064,7898,1,1_1_1_1_1_1_5,4.3.1.1,82,
3887,7898,1,1_1_1_1_1_1_5,4.3.1.1,82,IncHI1A--IncHI1B(R27); p0111
6472/47,7898,1,1_1_1_1_1_1_5,4.3.1.1,82,
5347,7898,1,1_1_1_1_1_1_5,4.3.1.1,82,p0111
566,7898,1,1_1_1_1_1_1_5,4.3.1.1,82,IncHI1A; IncHI1B(R27); p0111
5236,7898,1,1_1_1_1_1_1_5,4.3.1.1,82,IncHI1A--IncHI1B(R27)
3397,7898,1,1_1_1_1_1_1_5,4.3.1.1,82,IncHI1A--IncHI1B(R27)
3025,7898,1,1_1_1_1_1_1_5,4.3.1.1,82,IncHI1A; IncHI1B(R27); p0111
643,7898,1,1_1_1_1_1_1_5,4.3.1.1,82,IncHI1A; IncHI1B(R27); p0111
5304,7898,1,1_1_1_1_1_1_5,4.3.1.1,82,p0111
5532,7898,94e1ceb20dfe67532fd00e4bafb0e4ee533f7867,"5f26e341469df31d0b7eaa213d3e4979f4d51ff5,c70131ed539b2e7269916bf18d2dc065d10d8164_?_1_1_1_3589539b97e29a7ea77d3eb07e0c2c3c43af6832,7e78b7328258a8fbfd4994d542732552a3eefa87_5",4.3.1.1,94,
1928,7898,1,1_1_1_1_1_1_5,4.3.1.1,82,IncHI1A; IncHI1B(R27)
2427,7898,1,1_1_1_1_1_1_5,4.3.1.1,82,IncHI1A; IncHI1B(R27); p0111
4599,7898,1,1_1_1_1_1_1_5,4.3.1.1,82,IncHI1A--IncHI1B(R27); p0111
6671,7898,1,1_1_1_1_1_1_5,4.3.1.1,82,
4321,7898,1,1_1_1_1_1_1_5,4.3.1.1,82,p0111
14ARS_VSM0498,H12ESR00755-001A,1,1_1_1_1_1_1_5,3,82,
13ARS_GMH0013,CT18,2,1_1_2_1_1_1_5,3.2.1,82,
G18756069,H12ESR00755-001A,1,1_1_1_1_1_1_5,3,82,
13ARS_EVR0032,H12ESR00755-001A,1,1_1_1_1_1_1_5,3,82,
14ARS_VSM0976,H12ESR00755-001A,1,1_1_1_1_1_1_5,3,82,
14ARS_CMC0027,H12ESR00755-001A,1,1_1_1_1_1_1_5,3,82,
14ARS_VSM0780,H12ESR00755-001A,1,1_1_1_1_1_1_5,3,82,IncFIB(pHCM2)
14ARS_VSM0977,H12ESR00755-001A,1,1_1_1_1_1_1_5,3,82,
13ARS_CMC0078,H12ESR00755-001A,1,1_1_1_1_1_1_5,3,82,
G18760274,H12ESR00755-001A,1,1_1_1_1_1_1_5,3,82,
13ARS_CMC0046,H12ESR00755-001A,1,1_1_1_1_1_1_5,3,82,IncQ1
G18756067,H12ESR00755-001A,1,1_1_1_1_1_1_5,3,82,
G18762498,H12ESR00755-001A,1,1_1_1_1_1_1_5,3,82,
14ARS_MAR0050,H12ESR00755-001A,1,1_1_1_1_1_1_5,3,82,
13ARS_EVR0094,H12ESR00755-001A,1,1_1_1_1_1_1_5,3,82,
G18756080,H12ESR00755-001A,1,1_1_1_1_1_1_5,3,82,
14ARS_MAR0287,H12ESR00755-001A,1,1_1_1_1_1_1_5,3,82,
14ARS_MAR0297,H12ESR00755-001A,1,1_1_1_1_1_1_5,3,82,
13ARS_VSM0499,H12ESR00755-001A,1,1_1_1_1_1_1_5,3,82,
14ARS_DMC0067,H12ESR00755-001A,1,1_1_1_1_1_1_5,3,82,
G18756065,H12ESR00755-001A,1,1_1_1_1_1_1_5,3,82,
13ARS_VSM0425,H12ESR00755-001A,1,1_1_1_1_1_1_5,3,82,ColRNAI
G18756072,H12ESR00755-001A,1,1_1_1_1_1_1_5,3,82,
14ARS_CMC0057,H12ESR00755-001A,1,1_1_1_1_1_1_5,3,82,ColRNAI
14ARS_EVR0152,H12ESR00755-001A,1,1_1_1_1_1_1_5,3,82,
14ARS_MAR0022,H12ESR00755-001A,1,1_1_1_1_1_1_5,3,82,
13ARS_CMC0038,CT18,2,1_1_2_1_1_1_5,3.2.1,82,Col(pHAD28)
14ARS_VSM1037,CT18,2,1_1_2_1_1_1_5,3.2.1,82,
G18760066,H12ESR00755-001A,1,1_1_1_1_1_1_5,3,82,
13ARS_CMC0079,H12ESR00755-001A,1,1_1_1_1_1_1_5,3,82,
14ARS_CMC0010,H12ESR00755-001A,1,1_1_1_1_1_1_5,3,82,ColRNAI
14ARS_GMH0016,Ty2,1,1_1_1_1_1_1_5,4.1,82,
13ARS_CVM0051,H12ESR00755-001A,1,1_1_1_1_1_1_5,3,82,
G18756175,H12ESR00755-001A,1,1_1_1_1_1_1_5,3,82,
G18762096,H12ESR00755-001A,1,1_1_1_1_1_1_5,3,82,
14ARS_GMH0006,H12ESR00755-001A,1,1_1_1_1_1_1_5,3,82,
14ARS_GMH0045,Ty2,1,1_1_1_1_1_1_5,4.1,82,
G18762500,H12ESR00755-001A,1,1_1_1_1_1_1_5,3,82,
14ARS_CMC0007,H12ESR00755-001A,1,1_1_1_1_1_1_5,3,82,
G18760583,CT18,2,1_1_2_1_1_1_5,3.2.1,82,
G18756076,H12ESR00755-001A,1,1_1_1_1_1_1_5,3,82,
13ARS_STU0032,H12ESR00755-001A,1,1_1_1_1_1_1_5,3,82,
G18756089,H12ESR00755-001A,1,1_1_1_1_1_1_5,3,82,
G18756043,CT18,2,1_1_2_1_1_1_5,3.2.1,82,
13ARS_VSM0092,H12ESR00755-001A,1,1_1_1_1_1_1_5,3,82,ColRNAI
14ARS_EVR0151,H12ESR00755-001A,1,1_1_1_1_1_1_5,3,82,
14ARS_VSM0064,H12ESR00755-001A,1,1_1_1_1_1_1_5,3,82,
14ARS_VSM1144,H12ESR00755-001A,1,1_1_1_1_1_1_5,3,82,
13ARS_DMC0014,H12ESR00755-001A,1,1_1_1_1_1_1_5,3,82,
13ARS_FEU0034,H12ESR00755-001A,1,1_1_1_1_1_1_5,3,82,
G18756061,H12ESR00755-001A,1,1_1_1_1_1_1_5,3,82,
13ARS_CMC0076,H12ESR00755-001A,1,1_1_1_1_1_1_5,3,82,
13ARS_MAR0356,H12ESR00755-001A,1,1_1_1_1_1_1_5,3,82,
14ARS_VSM0383,CT18,2,1_1_2_1_1_1_5,3.2.1,82,
13ARS_EVR0080,H12ESR00755-001A,1,1_1_1_1_1_1_5,3,82,
13ARS_DMC0077,H12ESR00755-001A,1,1_1_1_1_1_1_5,3,82,
13ARS_VSM1019,H12ESR00755-001A,1,1_1_1_1_1_1_5,3,82,
14ARS_CMC0012,H12ESR00755-001A,1,1_1_1_1_1_1_5,3,82,
G18756087,H12ESR00755-001A,1,1_1_1_1_1_1_5,3,82,
13ARS_BRT0008,Ty2,1,1_1_1_1_1_1_5,4.1,82,
13ARS_CVM0041,CT18,2,1_1_2_1_1_1_5,3.2.1,82,
14ARS_MAR0148,H12ESR00755-001A,5215,1_1_1_1_1_1_932,3,82,
13ARS_CMC0066,CT18,2,1_1_2_1_1_1_5,3.2.1,82,
13ARS_VSM0582,H12ESR00755-001A,1,1_1_1_1_1_1_5,3,82,
14ARS_VSM1038,Ty2,1,1_1_1_1_1_1_5,4.1,82,
14ARS_STU0048,H12ESR00755-001A,1,1_1_1_1_1_1_5,3,82,
14ARS_VSM1035,CT18,2,1_1_2_1_1_1_5,3.2.1,82,
13ARS_VSM0093,H12ESR00755-001A,1,1_1_1_1_1_1_5,3,82,
14ARS_VSM0313,H12ESR00755-001A,1,1_1_1_1_1_1_5,3,82,
13ARS_VSM0426,H12ESR00755-001A,1,1_1_1_1_1_1_5,3,82,
13ARS_CMC0062,H12ESR00755-001A,1,1_1_1_1_1_1_5,3,82,
14ARS_EVR0153,H12ESR00755-001A,1,1_1_1_1_1_1_5,3,82,
13ARS_MMH0182,H12ESR00755-001A,5215,1_1_1_1_1_1_932,3,82,
13ARS_CVM0004,H12ESR00755-001A,1,1_1_1_1_1_1_5,3,82,
G18756166,H12ESR00755-001A,1,1_1_1_1_1_1_5,3,82,
14ARS_VSM0978,H12ESR00755-001A,1,1_1_1_1_1_1_5,3,82,
13ARS_BGH0079,H12ESR00755-001A,1,1_1_1_1_1_1_5,3,82,
14ARS_VSM1143,H12ESR00755-001A,1,1_1_1_1_1_1_5,3,82,
G18762764,H12ESR00755-001A,1,1_1_1_1_1_1_5,3,82,
G18763530,H12ESR00755-001A,1,1_1_1_1_1_1_5,3,82,
14ARS_NMC0226,H12ESR00755-001A,1,1_1_1_1_1_1_5,3,82,ColRNAI
14ARS_CMC0064,H12ESR00755-001A,1,1_1_1_1_1_1_5,3,82,ColRNAI
14ARS_VSM0649,H12ESR00755-001A,1,1_1_1_1_1_1_5,3,82,
13ARS_EVR0109,H12ESR00755-001A,1,1_1_1_1_1_1_5,3,82,
13ARS_MAR0258,H12ESR00755-001A,1,1_1_1_1_1_1_5,3,82,
13ARS_VSM0428,H12ESR00755-001A,1,1_1_1_1_1_1_5,3,82,
14ARS_VSM0781,H12ESR00755-001A,1,1_1_1_1_1_1_5,3,82,IncFIB(pHCM2)
14ARS_BGH0148,H12ESR00755-001A,1,1_1_1_1_1_1_5,3,82,
14ARS_CMC0032,H12ESR00755-001A,1,1_1_1_1_1_1_5,3,82,
13ARS_VSM0089,H12ESR00755-001A,1,1_1_1_1_1_1_5,3,82,ColRNAI
13ARS_VSM0091,H12ESR00755-001A,1,1_1_1_1_1_1_5,3,82,
13ARS_CVM0104,H12ESR00755-001A,1,1_1_1_1_1_1_5,3,82,
G18762164,Ty2,1,1_1_1_1_1_1_5,4.1,82,
14ARS_CMC0008,H12ESR00755-001A,1,1_1_1_1_1_1_5,3,82,ColRNAI
13ARS_VSM0095,H12ESR00755-001A,1,1_1_1_1_1_1_5,3,82,
13ARS_DMC0013,H12ESR00755-001A,1,1_1_1_1_1_1_5,3,82,
13ARS_GMH0142,Ty2,1,1_1_1_1_1_1_5,4.1,82,
14ARS_CVM0042,H12ESR00755-001A,1,1_1_1_1_1_1_5,3,82,
14ARS_GMH0015,H12ESR00755-001A,1,1_1_1_1_1_1_5,3,82,
13ARS_CMC0075,H12ESR00755-001A,1,1_1_1_1_1_1_5,3,82,
14ARS_BRT0012,Ty2,1,1_1_1_1_1_1_5,4.1,82,
G18756063,H12ESR00755-001A,1,1_1_1_1_1_1_5,3,82,
13ARS_BGH0191,H12ESR00755-001A,1,1_1_1_1_1_1_5,3,82,
G18756037,CT18,2,1_1_2_1_1_1_5,3.2.1,82,
14ARS_GMH0080,H12ESR00755-001A,1,1_1_1_1_1_1_5,3,82,
13ARS_NMC0111,LNT1148,1,1_1_1_1_1_1_5,3.4,82,
13ARS_CMC0105,CT18,2,1_1_2_1_1_1_5,3.2.1,82,
13ARS_CMC0101,H12ESR00755-001A,1,1_1_1_1_1_1_5,3,82,
14ARS_VSM1039,Ty2,1,1_1_1_1_1_1_5,4.1,82,
14ARS_DMC0013,CT18,2,1_1_2_1_1_1_5,3.2.1,82,
14ARS_BRT0011,H12ESR00755-001A,1,1_1_1_1_1_1_5,3,82,
13ARS_GMH0143,Ty2,1,1_1_1_1_1_1_5,4.1,82,
G18756191,H12ESR00755-001A,1,1_1_1_1_1_1_5,3,82,IncN
G18761243,LNT1148,1,1_1_1_1_1_1_5,3.4,82,
G18760739,H12ESR00755-001A,1,1_1_1_1_1_1_5,3,82,
13ARS_BRT0009,H12ESR00755-001A,1,1_1_1_1_1_1_5,3,82,
14ARS_EVR0149,H12ESR00755-001A,1,1_1_1_1_1_1_5,3,82,ColRNAI
G18756036,H12ESR00755-001A,1,1_1_1_1_1_1_5,3,82,
14ARS_FEU0035,H12ESR00755-001A,1,1_1_1_1_1_1_5,3,82,
13ARS_DMC0076,H12ESR00755-001A,1,1_1_1_1_1_1_5,3,82,
14ARS_MAR0286,H12ESR00755-001A,1,1_1_1_1_1_1_5,3,82,
13ARS_EVR0006,H12ESR00755-001A,1,1_1_1_1_1_1_5,3,82,
14ARS_EVR0145,H12ESR00755-001A,1,1_1_1_1_1_1_5,3,82,
13ARS_VSM0094,H12ESR00755-001A,1,1_1_1_1_1_1_5,3,82,
G18760651,H12ESR00755-001A,1,1_1_1_1_1_1_5,3,82,
13ARS_MAR0357,H12ESR00755-001A,1,1_1_1_1_1_1_5,3,83,
14ARS_CMC0006,H12ESR00755-001A,1,1_1_1_1_1_1_5,3,82,
14ARS_CMC0056,H12ESR00755-001A,1,1_1_1_1_1_1_5,3,82,
13ARS_EVR0081,H12ESR00755-001A,1,1_1_1_1_1_1_5,3,82,
13ARS_CMC0004,CT18,2,1_1_2_1_1_1_5,3.2.1,82,
13ARS_VSM0427,H12ESR00755-001A,1,1_1_1_1_1_1_5,3,82,
13ARS_VSM0088,H12ESR00755-001A,1,1_1_1_1_1_1_5,3,82,
14ARS_BGH0106,H12ESR00755-001A,1,1_1_1_1_1_1_5,3,82,
13ARS_VSM0584,H12ESR00755-001A,1,1_1_1_1_1_1_5,3,82,
14ARS_EVR0069,H12ESR00755-001A,1,1_1_1_1_1_1_5,3,82,Col(pHAD28)
14ARS_VSM0864,CT18,2,1_1_2_1_1_1_5,3.2.1,82,
14ARS_GMH0132,H12ESR00755-001A,1,1_1_1_1_1_1_5,3,82,
13ARS_VSM0090,H12ESR00755-001A,1,1_1_1_1_1_1_5,3,82,Col(pHAD28); IncQ1
G18756075,H12ESR00755-001A,1,1_1_1_1_1_1_5,3,82,
14ARS_VSM1145,LNT1148,1,1_1_1_1_1_1_5,3.4,82,
14ARS_CVM0043,H12ESR00755-001A,1,1_1_1_1_1_1_5,3,82,
13ARS_CVM0005,H12ESR00755-001A,1,1_1_1_1_1_1_5,3,82,
G18761860,H12ESR00755-001A,1,1_1_1_1_1_1_5,3,82,
14ARS_CMC0050,CT18,2,1_1_2_1_1_1_5,3.2.1,82,
13ARS_ZMC0088,H12ESR00755-001A,1,1_1_1_1_1_1_5,3,82,
13ARS_VSM0500,H12ESR00755-001A,1,1_1_1_1_1_1_5,3,82,
14ARS_VSM1036,CT18,2,1_1_2_1_1_1_5,3.2.1,82,
13ARS_EVR0034,H12ESR00755-001A,1,1_1_1_1_1_1_5,3,82,
13ARS_VSM0424,H12ESR00755-001A,1,1_1_1_1_1_1_5,3,82,
13ARS_MAR0358,H12ESR00755-001A,1,1_1_1_1_1_1_5,3,83,
G18756070,H12ESR00755-001A,1,1_1_1_1_1_1_5,3,82,
G18756073,H12ESR00755-001A,1,1_1_1_1_1_1_5,3,82,
14ARS_EVR0104,Ty2,1,1_1_1_1_1_1_5,4.1,82,
13ARS_GMH0129,H12ESR00755-001A,1,1_1_1_1_1_1_5,3,82,
14ARS_BRT0005,H12ESR00755-001A,1,1_1_1_1_1_1_5,3,82,
13ARS_CMC0077,H12ESR00755-001A,1,1_1_1_1_1_1_5,3,82,
13ARS_EVR0073,H12ESR00755-001A,1,1_1_1_1_1_1_5,3,82,
13ARS_CMC0063,H12ESR00755-001A,1,1_1_1_1_1_1_5,3,82,IncFIB(pHCM2)
14ARS_GMH0063,H12ESR00755-001A,1,1_1_1_1_1_1_5,3,82,
13ARS_NMC0198,H12ESR00755-001A,1,1_1_1_1_1_1_5,3,82,
G18760339,H12ESR00755-001A,1,1_1_1_1_1_1_5,3,82,
14ARS_VSM0975,Ty2,1,1_1_1_1_1_1_5,4.1,82,
G18760439,H12ESR00755-001A,1,1_1_1_1_1_1_5,3,82,
14ARS_GMH0152,Ty2,1,1_1_1_1_1_1_5,4.1,82,
14ARS_BGH0107,H12ESR00755-001A,1,1_1_1_1_1_1_5,3,82,
G18763254,H12ESR00755-001A,1,1_1_1_1_1_1_5,3,82,
G18762382,H12ESR00755-001A,1,1_1_1_1_1_1_5,3,82,
13ARS_EVR0079,H12ESR00755-001A,1,1_1_1_1_1_1_5,3,82,
14ARS_CMC0011,CT18,2,1_1_2_1_1_1_5,3.2.1,82,
13ARS_EVR0072,H12ESR00755-001A,1,1_1_1_1_1_1_5,3,82,
14ARS_CMC0065,H12ESR00755-001A,1,1_1_1_1_1_1_5,3,82,
13ARS_CMC0082,H12ESR00755-001A,1,1_1_1_1_1_1_5,3,82,
14ARS_DMC0066,H12ESR00755-001A,1,1_1_1_1_1_1_5,3,82,
G18762378,H12ESR00755-001A,1,1_1_1_1_1_1_5,3,82,
G18760657,H12ESR00755-001A,1,1_1_1_1_1_1_5,3,82,
G18763531,Ty2,1,1_1_1_1_1_1_5,4.1,82,
13ARS_FEU0033,H12ESR00755-001A,1,1_1_1_1_1_1_5,3,82,
14ARS_GMH0111,H12ESR00755-001A,1,1_1_1_1_1_1_5,3,82,
13ARS_CMC0041,H12ESR00755-001A,1,1_1_1_1_1_1_5,3,82,
G18762226,Ty2,1,1_1_1_1_1_1_5,4.1,82,
13ARS_BRT0010,H12ESR00755-001A,1,1_1_1_1_1_1_5,3,82,
13ARS_BRT0011,H12ESR00755-001A,1,1_1_1_1_1_1_5,3,82,
14ARS_EVR0150,H12ESR00755-001A,1,1_1_1_1_1_1_5,3,82,
14ARS_VSM0499,H12ESR00755-001A,1,1_1_1_1_1_1_5,3,82,
14ARS_EVR0018,H12ESR00755-001A,1,1_1_1_1_1_1_5,3,82,
G18756066,H12ESR00755-001A,1,1_1_1_1_1_1_5,3,82,
13ARS_EVR0033,H12ESR00755-001A,1,1_1_1_1_1_1_5,3,82,
G18761645,Ty2,1,1_1_1_1_1_1_5,4.1,82,
13ARS_GMH0012,H12ESR00755-001A,1,1_1_1_1_1_1_5,3,82,
13ARS_EVR0055,H12ESR00755-001A,1,1_1_1_1_1_1_5,3,82,
R19.2839,7898,1,1_1_1_1_1_1_5,4.3.1.1.P1,82,IncY
ERR2710502,ERL024120,2,1_1_2_1_1_1_5,2,82,
ERR2710543,11909_3,2,1_1_2_1_1_1_5,2.0.2,82,IncX1
ERR2710522,ERL024120,2,1_1_2_1_1_1_5,2,82,
ERR4244306,11909_3,2,1_1_2_1_1_1_5,2.0.2,82,IncX1
ERR2710515,H12ESR00394-001A,1,1_1_1_1_1_1_5,3.5,82,
ERR2710534,ERL024120,2,1_1_2_1_1_1_5,2,82,
ERR4244277,H12ESR00394-001A,1,1_1_1_1_1_1_5,3.5,82,
ERR4244290,76-1292,8,1_1_2_3_1_1_5,1.1,82,
ERR4244343,76-1292,8,1_1_2_3_1_1_5,1.1,82,
ERR2710499,ST1921-06,2,1_1_2_1_1_1_5,2.3.3,82,
ERR2710563,H12ESR00394-001A,1,1_1_1_1_1_1_5,3.5,82,
ERR4244261,M326,2,1_1_2_1_1_1_5,1.2.1,82,
ERR4244329,H12ESR00394-001A,1,1_1_1_1_1_1_5,3.5,82,
ERR4244268,ERL024120,2,1_1_2_1_1_1_5,2,82,
ERR4244340,ERL024120,2,1_1_2_1_1_1_5,2,82,
ERR2710511,ERL041834,2,1_1_2_1_1_1_5,2,82,
ERR4244297,76-1292,8,1_1_2_3_1_1_5,1.1,82,
ERR2710557,ERL024120,2,1_1_2_1_1_1_5,2,82,
ERR2710510,ERL024120,2,1_1_2_1_1_1_5,2,82,
ERR2710538,11909_3,2,1_1_2_1_1_1_5,2.0.2,82,IncX1
ERR2710542,H12ESR00394-001A,1,1_1_1_1_1_1_5,3.5,82,
ERR2710535,ERL024120,2,1_1_2_1_1_1_5,2,82,
ERR2710494,ERL024120,2,1_1_2_1_1_1_5,2,82,
ERR2710529,H12ESR00394-001A,1,1_1_1_1_1_1_5,3.5,82,
ERR2710517,76-1292,8,1_1_2_3_1_1_5,1.1,82,
ERR4289183,76-1292,8,1_1_2_3_1_1_5,1.1,82,
ERR2710576,11909_3,2,1_1_2_1_1_1_5,2.0.2,82,
ERR4244291,76-1292,8,1_1_2_3_1_1_5,1.1,82,
ERR4244300,76-1292,8,1_1_2_3_1_1_5,1.1,82,
ERR2710549,H12ESR00394-001A,1,1_1_1_1_1_1_5,3.5,82,
ERR2710512,11909_3,2,1_1_2_1_1_1_5,2.0.2,82,IncX1
ERR4244264,ERL024120,2,1_1_2_1_1_1_5,2,82,
ERR4244321,H12ESR00394-001A,1,1_1_1_1_1_1_5,3.5,82,
ERR2710588,ERL024120,2,1_1_2_1_1_1_5,2,82,
ERR4289178,76-1292,8,1_1_2_3_1_1_5,1.1,82,
ERR4244302,H12ESR00394-001A,1,1_1_1_1_1_1_5,3.5,82,
ERR2710540,H12ESR00394-001A,1,1_1_1_1_1_1_5,3.5,82,
ERR2710578,ERL024120,2,1_1_2_1_1_1_5,2,82,
ERR2710541,ERL024120,2,1_1_2_1_1_1_5,2,82,Col440II
ERR2710525,H12ESR00394-001A,1,1_1_1_1_1_1_5,3.5,82,
ERR4244342,ERL024120,2,1_1_2_1_1_1_5,2,82,
ERR4244334,H12ESR00394-001A,1,1_1_1_1_1_1_5,3.5,82,
ERR2710550,404Ty,2,1_1_2_1_1_1_5,3.1,82,
ERR2710604,ERL024120,2,1_1_2_1_1_1_5,2,82,
ERR2710506,H12ESR00394-001A,1,1_1_1_1_1_1_5,3.5,82,
ERR2710545,ERL024120,2,1_1_2_1_1_1_5,2,82,
ERR2710575,11909_3,2,1_1_2_1_1_1_5,2.0.2,82,
ERR4244315,UI4692,2,1_1_2_1_1_1_5,2.2,82,
ERR2710531,H12ESR00394-001A,1,1_1_1_1_1_1_5,3.5,82,
ERR2710573,ERL024120,2,1_1_2_1_1_1_5,2,82,
ERR4244303,H12ESR00394-001A,1,1_1_1_1_1_1_5,3.5,82,
ERR4244274,Ty2,1,1_1_1_1_1_1_5,4.1,82,IncFIB(pHCM2)
ERR4244301,76-1292,8,1_1_2_3_1_1_5,1.1,82,
ERR4244294,ERL024120,2,1_1_2_1_1_1_5,2,82,
ERR4244304,ERL024120,2,1_1_2_1_1_1_5,2,82,
ERR2710587,H12ESR00394-001A,1,1_1_1_1_1_1_5,3.5,82,
ERR4244275,ERL072973,1,1_1_1_1_1_1_5,3,81,IncFIB(pHCM2)
ERR2710518,H12ESR00394-001A,1,1_1_1_1_1_1_5,3.5,82,
ERR2710495,H12ESR00394-001A,1,1_1_1_1_1_1_5,3.5,82,
ERR4244338,ERL024120,2,1_1_2_1_1_1_5,2,82,
ERR2710585,ERL024120,2,1_1_2_1_1_1_5,2,82,
ERR4244283,ERL024120,2,1_1_2_1_1_1_5,2,82,
ERR4244273,ERL024120,2,1_1_2_1_1_1_5,2,82,
ERR2710562,H12ESR00394-001A,1,1_1_1_1_1_1_5,3.5,82,Col(pHAD28); Col156
ERR2710564,H12ESR00394-001A,1,1_1_1_1_1_1_5,3.5,82,
ERR2710537,ERL024120,2,1_1_2_1_1_1_5,2,82,
ERR4244295,76-1292,8,1_1_2_3_1_1_5,1.1,82,
ERR2710501,ERL024120,2,1_1_2_1_1_1_5,2,82,
ERR2710513,76-1292,8,1_1_2_3_1_1_5,1.1,82,
ERR4244331,ERL024120,2,1_1_2_1_1_1_5,2,82,
ERR4244317,Ty2,1,1_1_1_1_1_1_5,4.1,82,
ERR2710559,ERL024120,2,1_1_2_1_1_1_5,2,82,
ERR4244269,ERL024120,2,1_1_2_1_1_1_5,2,82,
ERR2710579,H12ESR00394-001A,1,1_1_1_1_1_1_5,3.5,82,
ERR2710558,H12ESR00394-001A,1,1_1_1_1_1_1_5,3.5,82,
ERR4244270,H12ESR00394-001A,1,1_1_1_1_1_1_5,3.5,82,
ERR2710505,ERL024120,2,1_1_2_1_1_1_5,2,82,
ERR2710586,H12ESR00394-001A,1,1_1_1_1_1_1_5,3.5,82,
ERR2710582,76-1292,8,1_1_2_3_1_1_5,1.1,82,
ERR4244293,76-1292,8,1_1_2_3_1_1_5,1.1,82,
ERR2710523,H12ESR00394-001A,1,1_1_1_1_1_1_5,3.5,82,
ERR2710532,H12ESR00394-001A,1,1_1_1_1_1_1_5,3.5,82,
ERR2710520,H12ESR00394-001A,1,1_1_1_1_1_1_5,3.5,82,
ERR4244278,Ty2,1,1_1_1_1_1_1_5,4.1,82,
ERR4244328,M326,2,1_1_2_1_1_1_5,1.2.1,82,
ERR4244255,76-1292,8,1_1_2_3_1_1_5,1.1,82,
ERR4289185,M326,2,1_1_2_1_1_1_5,1.2.1,82,IncFIB(pHCM2)
ERR2710526,M326,2,1_1_2_1_1_1_5,1.2.1,82,IncFIB(pHCM2)
ERR2710514,ERL041834,2,1_1_2_1_1_1_5,2,82,
ERR2710530,H12ESR00394-001A,1,1_1_1_1_1_1_5,3.5,82,
ERR4289184,76-1292,8,1_1_2_3_1_1_5,1.1,82,
ERR4244327,H12ESR00394-001A,1,1_1_1_1_1_1_5,3.5,82,
ERR2710592,ST1921-06,2,1_1_2_1_1_1_5,2.3.3,82,
ERR4244285,76-1292,8,1_1_2_3_1_1_5,1.1,82,
ERR2710566,11909_3,2,1_1_2_1_1_1_5,2.0.2,82,IncX1
ERR4289181,H12ESR00394-001A,1,1_1_1_1_1_1_5,3.5,82,
ERR4289180,ST1921-06,2,1_1_2_1_1_1_5,2.3.3,82,
ERR4244323,ERL024120,2,1_1_2_1_1_1_5,2,82,
ERR2710516,ERL024120,2,1_1_2_1_1_1_5,2,82,
ERR4244258,H12ESR00394-001A,1,1_1_1_1_1_1_5,3.5,82,
ERR4244271,ERL024120,2,1_1_2_1_1_1_5,2,82,
ERR4244322,H12ESR00394-001A,1,1_1_1_1_1_1_5,3.5,82,
ERR2710596,H12ESR00394-001A,1,1_1_1_1_1_1_5,3.5,82,
ERR2710589,ERL024120,2,1_1_2_1_1_1_5,2,82,
ERR2710570,ERL024120,2,1_1_2_1_1_1_5,2,82,
ERR2710496,H12ESR00394-001A,1,1_1_1_1_1_1_5,3.5,82,
ERR2710599,ERL024120,2,1_1_2_1_1_1_5,2,82,
ERR2710547,ERL024120,2,1_1_2_1_1_1_5,2,82,
ERR4244287,76-1292,8,1_1_2_3_1_1_5,1.1,82,
ERR4244296,76-1292,8,1_1_2_3_1_1_5,1.1,82,
ERR2710528,H12ESR00394-001A,1,1_1_1_1_1_1_5,3.5,82,
ERR4244314,H12ESR00394-001A,1,1_1_1_1_1_1_5,3.5,82,
ERR4244266,H12ESR00394-001A,1,1_1_1_1_1_1_5,3.5,82,
ERR4244289,H12ESR00394-001A,1,1_1_1_1_1_1_5,3.5,82,
ERR4244319,UI4692,2,1_1_2_1_1_1_5,2.2,82,
ERR4244325,ERL024120,2,1_1_2_1_1_1_5,2,82,
ERR4244286,H12ESR00394-001A,1,1_1_1_1_1_1_5,3.5,82,
ERR2710551,ST1921-06,2,1_1_2_1_1_1_5,2.3.4,82,
ERR4244316,UI4692,2,1_1_2_1_1_1_5,2.2,82,
ERR2710601,ERL024120,2,1_1_2_1_1_1_5,2,82,
ERR4244284,Ty2,1,1_1_1_1_1_1_5,4.1,82,
ERR2710577,11909_3,2,1_1_2_1_1_1_5,2.0.2,82,
ERR2710605,ERL024120,2,1_1_2_1_1_1_5,2,82,
ERR4899140,H12ESR00394-001A,1,1_1_1_1_1_1_5,3.5,82,
ERR4289182,H12ESR00394-001A,1,1_1_1_1_1_1_5,3.5,82,
ERR2710597,ERL024120,2,1_1_2_1_1_1_5,2,82,
ERR2710603,H12ESR00394-001A,1,1_1_1_1_1_1_5,3.5,82,
ERR2710591,ST1921-06,2,1_1_2_1_1_1_5,2.3.2,82,
ERR2710567,ERL024120,2,1_1_2_1_1_1_5,2,82,
ERR2710500,UI4692,2,1_1_2_1_1_1_5,2.2,82,
ERR2710584,11909_3,2,1_1_2_1_1_1_5,2.0.2,82,IncX1
ERR4244344,11909_3,2,1_1_2_1_1_1_5,2.0.2,82,IncX1
ERR2710527,ERL024120,2,1_1_2_1_1_1_5,2,82,
ERR4244267,11909_3,2,1_1_2_1_1_1_5,2.0.2,82,IncX1
ERR4289186,11909_3,2,1_1_2_1_1_1_5,2.0.2,82,IncX1
ERR4244335,M326,2,1_1_2_1_1_1_5,1.2.1,82,
ERR4244318,H12ESR00394-001A,1,1_1_1_1_1_1_5,3.5,82,
ERR2710497,ERL024120,2,1_1_2_1_1_1_5,2,82,
ERR4244272,ERL041834,2,1_1_2_1_1_1_5,2,82,
ERR2710600,ERL024120,2,1_1_2_1_1_1_5,2,82,
ERR4244262,H12ESR00394-001A,1,1_1_1_1_1_1_5,3.5,82,
ERR2710503,H12ESR00394-001A,1,1_1_1_1_1_1_5,3.5,82,
ERR2710556,H12ESR00394-001A,1,1_1_1_1_1_1_5,3.5,82,
ERR4244333,76-1292,8,1_1_2_3_1_1_5,1.1,82,
ERR2710580,76-1292,8,1_1_2_3_1_1_5,1.1,82,
ERR4244265,M326,2,1_1_2_1_1_1_5,1.2.1,82,
ERR2710594,11909_3,2,1_1_2_1_1_1_5,2.0.2,82,IncX1
ERR4244305,M326,2,1_1_2_1_1_1_5,1.2.1,82,
ERR2710504,ERL024120,2,1_1_2_1_1_1_5,2,82,
ERR2710508,H12ESR00394-001A,5fe543cd592fcaeffac07359b044697e3c3eed5f,1_1_?_1_1_1_5,2,81,
ERR4244341,76-1292,8,1_1_2_3_1_1_5,1.1,82,
ERR2710552,H12ESR00394-001A,1,1_1_1_1_1_1_5,3.5,82,
ERR4244298,76-1292,8,1_1_2_3_1_1_5,1.1,82,
ERR2710572,Ty2,1,1_1_1_1_1_1_5,4.1,82,
ERR2710555,H12ESR00394-001A,1,1_1_1_1_1_1_5,3.5,82,Col(BS512)
ERR4244256,H12ESR00394-001A,1,1_1_1_1_1_1_5,3.5,82,
ERR2710533,H12ESR00394-001A,1,1_1_1_1_1_1_5,3.5,82,
ERR4244299,H12ESR00394-001A,1,1_1_1_1_1_1_5,3.5,82,
ERR2710561,11909_3,2,1_1_2_1_1_1_5,2.0.2,82,Col(pHAD28); IncX1
ERR4289187,H12ESR00394-001A,1,1_1_1_1_1_1_5,3.5,82,
ERR2710568,H12ESR00394-001A,1,1_1_1_1_1_1_5,3.5,82,
ERR2710569,H12ESR00394-001A,1,1_1_1_1_1_1_5,3.5,82,
ERR2710554,H12ESR00394-001A,1,1_1_1_1_1_1_5,3.5,82,
ERR2710606,H12ESR00394-001A,1,1_1_1_1_1_1_5,3.5,82,
ERR4899141,ERL024120,2,1_1_2_1_1_1_5,2,82,
ERR2710507,H12ESR00394-001A,5fe543cd592fcaeffac07359b044697e3c3eed5f,1_1_?_1_1_1_5,3.5,82,
ERR2710548,ERL024120,2,1_1_2_1_1_1_5,2,82,
ERR2710593,ERL024120,2,1_1_2_1_1_1_5,2,82,
ERR2710602,H12ESR00394-001A,1,1_1_1_1_1_1_5,3.5,82,
ERR2710536,ERL024120,2,1_1_2_1_1_1_5,2,82,
ERR2710509,ERL024120,2,1_1_2_1_1_1_5,2,82,
ERR2710546,ERL024120,2,1_1_2_1_1_1_5,2,82,
ERR2710544,M326,2,1_1_2_1_1_1_5,1.2.1,82,IncFIB(pHCM2)
ERR4244263,H12ESR00394-001A,1,1_1_1_1_1_1_5,3.5,82,
ERR4244326,H12ESR00394-001A,1,1_1_1_1_1_1_5,3.5,82,
ERR4244259,H12ESR00394-001A,1,1_1_1_1_1_1_5,3.5,82,
ERR2710539,ERL024120,2,1_1_2_1_1_1_5,2,82,Col440I
ERR4244324,ST1921-06,2,1_1_2_1_1_1_5,2.3.3,82,
ERR4289188,H12ESR00394-001A,1,1_1_1_1_1_1_5,3.5,82,
ERR4244307,ERL041834,2,1_1_2_1_1_1_5,3.3,82,
ERR2710498,H12ESR00394-001A,1,1_1_1_1_1_1_5,3.5,82,
ERR4244339,ST1921-06,2,1_1_2_1_1_1_5,2.3.2,82,
ERR4244260,H12ESR00394-001A,1,1_1_1_1_1_1_5,3.5,82,
ERR4244308,11909_3,2,1_1_2_1_1_1_5,2.0.2,82,IncX1
ERR2710571,H12ESR00394-001A,1,1_1_1_1_1_1_5,3.5,82,
ERR4244332,ERL041834,2,1_1_2_1_1_1_5,2,82,
ERR2710560,H12ESR00394-001A,1,1_1_1_1_1_1_5,3.5,82,
ERR2710574,11909_3,2,1_1_2_1_1_1_5,2.0.2,82,
ERR2710583,ERL024120,2,1_1_2_1_1_1_5,2,82,
ERR2710521,ERL024120,2,1_1_2_1_1_1_5,2,82,
ERR4244292,H12ESR00394-001A,1,1_1_1_1_1_1_5,3.5,82,
ERR2710598,H12ESR00394-001A,1,1_1_1_1_1_1_5,3.5,82,
ERR4289189,ERL024120,2,1_1_2_1_1_1_5,2,82,
ERR2710581,ERL024120,2,1_1_2_1_1_1_5,2,82,
ERR2710565,11909_3,2,1_1_2_1_1_1_5,2.0.2,82,IncX1
ERR4289190,ERL024120,2,1_1_2_1_1_1_5,2,82,
ERR4244276,Ty2,1,1_1_1_1_1_1_5,4.1,82,
ERR2710590,ERL024120,2,1_1_2_1_1_1_5,2,82,
ERR2710553,H12ESR00394-001A,1,1_1_1_1_1_1_5,3.5,82,
ERR2710595,ERL024120,2,1_1_2_1_1_1_5,2,82,
ERR2710524,ERL024120,2,1_1_2_1_1_1_5,2,82,
ERR2710519,M326,2,1_1_2_1_1_1_5,1.2.1,82,
ERR4244288,76-1292,8,1_1_2_3_1_1_5,1.1,82,
HK3-16,7898,1,1_1_1_1_1_1_5,4.3.1.1.EA1,82,IncN
HB-28,7898,1,1_1_1_1_1_1_5,4.3.1.1.EA1,82,IncN
HB1-7,7898,1,1_1_1_1_1_1_5,4.3.1.1.EA1,82,IncN
HK3-4,7898,1,1_1_1_1_1_1_5,4.3.1.1.EA1,82,IncN
HG3-15,7898,1,1_1_1_1_1_1_5,4.3.1.1.EA1,82,IncN
HM-8,7898,1,1_1_1_1_1_1_5,4.3.1.1.EA1,82,IncN
HM-25,7898,1,1_1_1_1_1_1_5,4.3.1.1.EA1,82,IncN
GM15-21,7898,1,1_1_1_1_1_1_5,4.3.1.1.EA1,82,IncN
HB-27,7898,1,1_1_1_1_1_1_5,4.3.1.1.EA1,82,IncN
GM20-23,7898,1,1_1_1_1_1_1_5,4.3.1.1.EA1,82,IncN
HB5-6,7898,1,1_1_1_1_1_1_5,4.3.1.1.EA1,82,IncN
HB1-5,7898,1,1_1_1_1_1_1_5,4.3.1.1.EA1,82,IncN
HM-11,ERL041834,2,1_1_2_1_1_1_5,3.3.1,82,
HG3-1,7898,1,1_1_1_1_1_1_5,4.3.1.1.EA1,82,
HB1-2,7898,1,1_1_1_1_1_1_5,4.3.1.1.EA1,82,
HS-17,7898,1,1_1_1_1_1_1_5,4.3.1.1.EA1,82,IncN
HK3-18,7898,1,1_1_1_1_1_1_5,4.3.1.1.EA1,82,IncN
GM15-24,7898,1,1_1_1_1_1_1_5,4.3.1.1.EA1,82,IncN
HD-10,7898,1,1_1_1_1_1_1_5,4.3.1.1.EA1,82,
HM-9,ERL041834,2,1_1_2_1_1_1_5,3.3.1,82,
HD-12,7898,1,1_1_1_1_1_1_5,4.3.1.1.EA1,82,
HG8-3,7898,1,1_1_1_1_1_1_5,4.3.1.1.EA1,82,IncN
GM14-20,7898,1,1_1_1_1_1_1_5,4.3.1.1.EA1,82,IncN
HB-29,7898,1,1_1_1_1_1_1_5,4.3.1.1.EA1,82,IncN
GM20-22,7898,1,1_1_1_1_1_1_5,4.3.1.1.EA1,82,IncN
HG1-14,7898,1,1_1_1_1_1_1_5,4.3.1.1.EA1,82,IncN
HG3-13,7898,1,1_1_1_1_1_1_5,4.3.1.1.EA1,82,IncN
HB-26,7898,1,1_1_1_1_1_1_5,4.3.1.1.EA1,82,IncN
150033TY,7898,1,1_1_1_1_1_1_5,4.3.1.1,82,
120036TY,7898,1,1_1_1_1_1_1_5,4.3.1.1,82,
080014TY,7898,1,1_1_1_1_1_1_5,4.3.1.2,82,IncFIB(pHCM2)
120038TY,7898,1,1_1_1_1_1_1_5,4.3.1.1,82,
040015TY,7898,1,1_1_1_1_1_1_5,4.3.1.1,82,
040064TY,7898,1,1_1_1_1_1_1_5,4.3.1.1,82,IncHI1A--IncHI1B(R27)
040080TY,ERL024120,2,1_1_2_1_1_1_5,2.1,82,
150021TY,7898,1,1_1_1_1_1_1_5,4.3.1.2,82,
130051TY,7898,1,1_1_1_1_1_1_5,4.3.1.1,82,IncFIB(pHCM2)
080015TY,7898,1,1_1_1_1_1_1_5,4.3.1,82,
120048TY,7898,1,1_1_1_1_1_1_5,4.3.1.2,82,
120046TY,7898,1,1_1_1_1_1_1_5,4.3.1.2,82,
040070TY,7898,1,1_1_1_1_1_1_5,4.3.1.2,82,
080020TY,7898,1,1_1_1_1_1_1_5,4.3.1.1,82,
XDR20,7898,1,1_1_1_1_1_1_5,4.3.1.1.P1,82,IncY
2018K-0753,7898,1,1_1_1_1_1_1_5,4.3.1.1.P1,82,IncY
2018K-0755,7898,1,1_1_1_1_1_1_5,4.3.1.1.P1,82,IncY
2018K-0757,7898,1,1_1_1_1_1_1_5,4.3.1.1.P1,82,IncY
2018K-0754,7898,1,1_1_1_1_1_1_5,4.3.1.1.P1,82,IncY
2018K-0756,7898,1,1_1_1_1_1_1_5,4.3.1.1.P1,82,IncY
